{
  "metadata": {
    "id": "bat-master",
    "name": "Bat-Master",
    "description": "Soul of Bat moves faster and can open doors. All Bat abilities and upgrades are greatly enhanced. Hold Triangle to move bat at original speed.  Bat Familiar levels faster.",
    "author": "MT_Fun, MottZilla",
    "weight": -700
  },
  "stats": false,
  "relicLocationsExtension": "spread",
  "lockLocation": [{
    "location": "Soul of Bat",
    "locks": [
      "Soul of Bat + Form of Mist + Fire of Bat + Echo of Bat + Force of Echo + Bat Card"
    ]
  }, {
    "location": "Fire of Bat",
    "locks": [
      "Soul of Bat"
    ]
  }, {
    "location": "Echo of Bat",
    "locks": [
      "Soul of Bat + Fire of Bat + Echo of Bat + Force of Echo + Bat Card"
    ]
  }, {
    "location": "Force of Echo",
    "locks": [
      "Holy glasses + Soul of Bat + Fire of Bat + Echo of Bat + Force of Echo + Bat Card"
    ]
  }, {
    "location": "Power of Wolf",
    "locks": [
      "Soul of Bat"
    ]
  }, {
    "location": "Skill of Wolf",
    "locks": [
      "Soul of Bat"
    ]
  }, {
    "location": "Form of Mist",
    "locks": [
      "Soul of Bat"
    ]
  }, {
    "location": "Power of Mist",
    "locks": [
      "Soul of Bat"
    ]
  }, {
    "location": "Gas Cloud",
    "locks": [
      "Holy glasses + Soul of Bat + Fire of Bat + Echo of Bat + Force of Echo + Bat Card"
    ]
  }, {
    "location": "Gravity Boots",
    "locks": [
      "Soul of Bat + Fire of Bat + Echo of Bat + Force of Echo + Bat Card"
    ]
  }, {
    "location": "Leap Stone",
    "locks": [
      "Jewel of Open",
      "Leap Stone",
      "Soul of Bat"
    ]
  }, {
    "location": "Holy Symbol",
    "locks": [
      "Jewel of Open + Merman Statue + Soul of Bat + Fire of Bat + Echo of Bat + Force of Echo + Bat Card"
    ]
  }, {
    "location": "Merman Statue",
    "locks": [
      "Jewel of Open"
    ]
  }, {
    "location": "Bat Card",
    "locks": [
      "Soul of Bat"
    ]
  }, {
    "location": "Ghost Card",
    "locks": [
      "Soul of Bat"
    ]
  }, {
    "location": "Faerie Card",
    "locks": [
      "Soul of Bat"
    ]
  }, {
    "location": "Demon Card",
    "locks": [
      "Jewel of Open + Soul of Bat + Fire of Bat + Echo of Bat + Force of Echo + Bat Card"
    ],
    "escapeRequires": [
      "Soul of Bat"
    ]
  }, {
    "location": "Sword Card",
    "locks": [
      "Soul of Bat + Fire of Bat + Echo of Bat + Force of Echo + Bat Card"
    ]
  }, {
    "location": "Heart of Vlad",
    "locks": [
      "Holy glasses + Soul of Bat + Fire of Bat + Echo of Bat + Force of Echo + Bat Card"
    ]
  }, {
    "location": "Tooth of Vlad",
    "locks": [
      "Holy glasses + Soul of Bat + Fire of Bat + Echo of Bat + Force of Echo + Bat Card"
    ]
  }, {
    "location": "Rib of Vlad",
    "locks": [
      "Holy glasses + Soul of Bat + Fire of Bat + Echo of Bat + Force of Echo + Bat Card"
    ]
  }, {
    "location": "Ring of Vlad",
    "locks": [
      "Holy glasses + Soul of Bat + Fire of Bat + Echo of Bat + Force of Echo + Bat Card"
    ]
  }, {
    "location": "Eye of Vlad",
    "locks": [
      "Holy glasses + Soul of Bat + Fire of Bat + Echo of Bat + Force of Echo + Bat Card"
    ]
  }, {
    "location": "Spike Breaker",
    "locks": [
      "Jewel of Open + Soul of Bat + Echo of Bat + Spike Breaker + Fire of Bat + Force of Echo + Bat Card"
    ]
  }, {
    "location": "Gold ring",
    "locks": [
      "Jewel of Open + Soul of Bat + Fire of Bat + Echo of Bat + Force of Echo + Bat Card"
    ]
  }, {
    "location": "Silver ring",
    "locks": [
      "Jewel of Open + Spike Breaker + Form of Mist + Soul of Bat + Fire of Bat + Echo of Bat + Force of Echo + Bat Card"
    ]
  }, {
    "location": "Holy glasses",
    "locks": [
      "Silver ring + Gold ring + Soul of Bat + Fire of Bat + Echo of Bat + Force of Echo + Bat Card"
    ],
    "escapeRequires": [
      "Soul of Bat"
    ]
  }, {
    "location": "Crystal cloak",
    "locks": [
      "Jewel of Open"
    ]
  }, {
    "location": "Mormegil",
    "locks": [
      "Jewel of Open + Soul of Bat + Fire of Bat + Echo of Bat + Force of Echo + Bat Card"
    ],
    "escapeRequires": [
      "Soul of Bat"
    ]
  }, {
    "location": "Dark Blade",
    "locks": [
      "Holy glasses + Soul of Bat + Fire of Bat + Echo of Bat + Force of Echo + Bat Card"
    ]
  }, {
    "location": "Ring of Arcana",
    "locks": [
      "Holy glasses + Soul of Bat + Fire of Bat + Echo of Bat + Force of Echo + Bat Card"
    ]
  }, {
    "location": "Trio",
    "locks": [
      "Holy glasses + Soul of Bat + Fire of Bat + Echo of Bat + Force of Echo + Bat Card"
    ]
  }, {
    "location": "Holy mail",
    "locks": [
      "Soul of Bat + Fire of Bat + Echo of Bat + Force of Echo + Bat Card"
    ]
  }, {
    "location": "Jewel sword",
    "locks": [
      "Soul of Wolf + Soul of Bat + Fire of Bat + Echo of Bat + Force of Echo + Bat Card"
    ]
  }, {
    "location": "Mystic pendant",
    "locks": [
      "Soul of Bat + Fire of Bat + Echo of Bat + Force of Echo + Bat Card"
    ]
  }, {
    "location": "Ankh of Life",
    "locks": [
      "Soul of Bat + Fire of Bat + Echo of Bat + Force of Echo + Bat Card"
    ]
  }, {
    "location": "Morningstar",
    "locks": [
      "Soul of Bat + Fire of Bat + Echo of Bat + Force of Echo + Bat Card"
    ]
  }, {
    "location": "Goggles",
    "locks": [
      "Soul of Bat + Fire of Bat + Echo of Bat + Force of Echo + Bat Card"
    ]
  }, {
    "location": "Silver plate",
    "locks": [
      "Soul of Bat + Fire of Bat + Echo of Bat + Force of Echo + Bat Card"
    ]
  }, {
    "location": "Cutlass",
    "locks": [
      "Soul of Bat + Fire of Bat + Echo of Bat + Force of Echo + Bat Card"
    ]
  }, {
    "location": "Platinum mail",
    "locks": [
      "Soul of Bat + Fire of Bat + Echo of Bat + Force of Echo + Bat Card"
    ]
  }, {
    "location": "Falchion",
    "locks": [
      "Soul of Bat + Fire of Bat + Echo of Bat + Force of Echo + Bat Card"
    ]
  }, {
    "location": "Gold plate",
    "locks": [
      "Soul of Bat + Fire of Bat + Echo of Bat + Force of Echo + Bat Card"
    ]
  }, {
    "location": "Bekatowa",
    "locks": [
      "Soul of Bat + Fire of Bat + Echo of Bat + Force of Echo + Bat Card"
    ]
  }, {
    "location": "Holy rod",
    "locks": [
      "Soul of Bat + Fire of Bat + Echo of Bat + Force of Echo + Bat Card"
    ]
  }, {
    "location": "Library Onyx",
    "locks": [
      "Soul of Bat + Fire of Bat + Echo of Bat + Force of Echo + Bat Card"
    ]
  }, {
    "location": "Alucart sword",
    "locks": [
      "Cube of Zoe + Soul of Bat + Fire of Bat + Echo of Bat + Force of Echo + Bat Card"
    ]
  }, {
    "location": "Broadsword",
    "locks": [
      "Soul of Bat + Fire of Bat + Echo of Bat + Force of Echo + Bat Card"
    ]
  }, {
    "location": "Estoc",
    "locks": [
      "Soul of Bat + Fire of Bat + Echo of Bat + Force of Echo + Bat Card"
    ]
  }, {
    "location": "Olrox Garnet",
    "locks": [
      "Soul of Bat + Fire of Bat + Echo of Bat + Force of Echo + Bat Card"
    ]
  }, {
    "location": "Blood cloak",
    "locks": [
      "Soul of Bat + Fire of Bat + Echo of Bat + Force of Echo + Bat Card"
    ]
  }, {
    "location": "Shield rod",
    "locks": [
      "Soul of Bat + Fire of Bat + Echo of Bat + Force of Echo + Bat Card"
    ]
  }, {
    "location": "Knight shield",
    "locks": [
      "Soul of Bat + Fire of Bat + Echo of Bat + Force of Echo + Bat Card"
    ]
  }, {
    "location": "Holy sword",
    "locks": [
      "Soul of Bat + Fire of Bat + Echo of Bat + Force of Echo + Bat Card"
    ]
  }, {
    "location": "Bandanna",
    "locks": [
      "Jewel of Open + Soul of Bat + Fire of Bat + Echo of Bat + Force of Echo + Bat Card"
    ]
  }, {
    "location": "Secret boots",
    "locks": [
      "Jewel of Open + Soul of Bat + Fire of Bat + Echo of Bat + Force of Echo + Bat Card"
    ]
  }, {
    "location": "Nunchaku",
    "locks": [
      "Jewel of Open + Holy Symbol"
    ]
  }, {
    "location": "Knuckle duster",
    "locks": [
      "Jewel of Open + Soul of Bat + Fire of Bat + Echo of Bat + Force of Echo + Bat Card"
    ]
  }, {
    "location": "Caverns Onyx",
    "locks": [
      "Jewel of Open + Merman Statue + Soul of Bat + Fire of Bat + Echo of Bat + Force of Echo + Bat Card"
    ]
  }, {
    "location": "Combat knife",
    "locks": [
      "Jewel of Open + Soul of Bat + Fire of Bat + Echo of Bat + Force of Echo + Bat Card"
    ],
    "escapeRequires": [
      "Soul of Bat"
    ]
  }, {
    "location": "Ring of Ares",
    "locks": [
      "Jewel of Open + Demon Card + Soul of Bat + Fire of Bat + Echo of Bat + Force of Echo + Bat Card",
      "Jewel of Open + Nosedevil Card + Soul of Bat + Fire of Bat + Echo of Bat + Force of Echo + Bat Card"
    ],
    "escapeRequires": [
      "Soul of Bat"
    ]
  }, {
    "location": "Bloodstone",
    "locks": [
      "Jewel of Open + Soul of Bat + Fire of Bat + Echo of Bat + Force of Echo + Bat Card"
    ],
    "escapeRequires": [
      "Soul of Bat"
    ]
  }, {
    "location": "Icebrand",
    "locks": [
      "Jewel of Open + Soul of Bat + Fire of Bat + Echo of Bat + Force of Echo + Bat Card"
    ],
    "comment": "Access must also give at least Leap Stone",
    "escapeRequires": [
      "Soul of Bat"
    ]
  }, {
    "location": "Walk armor",
    "locks": [
      "Jewel of Open + Soul of Bat + Fire of Bat + Echo of Bat + Force of Echo + Bat Card"
    ],
    "escapeRequires": [
      "Soul of Bat"
    ]
  }, {
    "location": "Beryl circlet",
    "locks": [
      "Holy glasses + Soul of Bat + Soul of Wolf + Fire of Bat + Echo of Bat + Force of Echo"
    ]
  }, {
    "location": "Talisman",
    "locks": [
      "Holy glasses + Soul of Bat + Fire of Bat + Echo of Bat + Force of Echo + Bat Card"
    ]
  }, {
    "location": "Katana",
    "locks": [
      "Holy glasses + Soul of Bat + Fire of Bat + Echo of Bat + Force of Echo + Bat Card"
    ]
  }, {
    "location": "Goddess shield",
    "locks": [
      "Holy glasses + Soul of Bat + Fire of Bat + Echo of Bat + Force of Echo + Bat Card"
    ]
  }, {
    "location": "Twilight cloak",
    "locks": [
      "Holy glasses + Soul of Bat + Form of Mist + Fire of Bat + Echo of Bat + Force of Echo + Bat Card"
    ]
  }, {
    "location": "Talwar",
    "locks": [
      "Holy glasses + Soul of Bat + Fire of Bat + Echo of Bat + Force of Echo + Bat Card"
    ]
  }, {
    "location": "Sword of Dawn",
    "locks": [
      "Holy glasses + Soul of Bat + Fire of Bat + Echo of Bat + Force of Echo + Bat Card"
    ]
  }, {
    "location": "Bastard sword",
    "locks": [
      "Holy glasses + Soul of Bat + Fire of Bat + Echo of Bat + Force of Echo + Bat Card"
    ]
  }, {
    "location": "Royal cloak",
    "locks": [
      "Holy glasses + Soul of Bat + Fire of Bat + Echo of Bat + Force of Echo + Bat Card"
    ]
  }, {
    "location": "Lightning mail",
    "locks": [
      "Holy glasses + Soul of Bat + Fire of Bat + Echo of Bat + Force of Echo + Bat Card"
    ]
  }, {
    "location": "Moon rod",
    "locks": [
      "Holy glasses + Soul of Bat + Fire of Bat + Echo of Bat + Force of Echo + Bat Card"
    ]
  }, {
    "location": "Sunstone",
    "locks": [
      "Holy glasses + Soul of Bat + Fire of Bat + Echo of Bat + Force of Echo + Bat Card"
    ]
  }, {
    "location": "Luminus",
    "locks": [
      "Holy glasses + Soul of Bat + Fire of Bat + Echo of Bat + Force of Echo + Bat Card"
    ]
  }, {
    "location": "Dragon helm",
    "locks": [
      "Holy glasses + Soul of Bat + Fire of Bat + Echo of Bat + Force of Echo + Bat Card"
    ]
  }, {
    "location": "Shotel",
    "locks": [
      "Holy glasses + Soul of Bat + Form of Mist + Fire of Bat + Echo of Bat + Force of Echo + Bat Card"
    ]
  }, {
    "location": "Staurolite",
    "locks": [
      "Holy glasses + Soul of Bat + Form of Mist + Fire of Bat + Echo of Bat + Force of Echo + Bat Card"
    ]
  }, {
    "location": "Badelaire",
    "locks": [
      "Holy glasses + Soul of Bat + Fire of Bat + Echo of Bat + Force of Echo + Bat Card"
    ]
  }, {
    "location": "Forbidden Library Opal",
    "locks": [
      "Holy glasses + Soul of Bat + Fire of Bat + Echo of Bat + Force of Echo + Bat Card"
    ]
  }, {
    "location": "Reverse Caverns Diamond",
    "locks": [
      "Holy glasses + Soul of Bat + Fire of Bat + Echo of Bat + Force of Echo + Bat Card"
    ]
  }, {
    "location": "Reverse Caverns Opal",
    "locks": [
      "Holy glasses + Soul of Bat + Fire of Bat + Echo of Bat + Force of Echo + Bat Card"
    ]
  }, {
    "location": "Reverse Caverns Garnet",
    "locks": [
      "Holy glasses + Soul of Bat + Fire of Bat + Echo of Bat + Force of Echo + Bat Card"
    ]
  }, {
    "location": "Osafune katana",
    "locks": [
      "Holy glasses + Soul of Bat + Fire of Bat + Echo of Bat + Force of Echo + Bat Card"
    ]
  }, {
    "location": "Alucard shield",
    "locks": [
      "Holy glasses + Soul of Bat + Fire of Bat + Echo of Bat + Force of Echo + Bat Card"
    ]
  }, {
    "location": "Alucard sword",
    "locks": [
      "Holy glasses + Soul of Bat + Fire of Bat + Echo of Bat + Force of Echo + Bat Card"
    ]
  }, {
    "location": "Necklace of J",
    "locks": [
      "Holy glasses + Soul of Bat + Fire of Bat + Echo of Bat + Force of Echo + Bat Card"
    ]
  }, {
    "location": "Floating Catacombs Diamond",
    "locks": [
      "Holy glasses + Soul of Bat + Fire of Bat + Echo of Bat + Force of Echo + Bat Card"
    ]
  }, {
    "location": "Sword of Hador",
    "locks": [
      "Holy glasses + Soul of Bat + Fire of Bat + Echo of Bat + Force of Echo + Bat Card"
    ]
  }, {
    "location": "Alucard mail",
    "locks": [
      "Holy glasses + Soul of Bat + Fire of Bat + Echo of Bat + Force of Echo + Bat Card"
    ]
  }, {
    "location": "Gram",
    "locks": [
      "Holy glasses + Soul of Bat + Fire of Bat + Echo of Bat + Force of Echo + Bat Card"
    ]
  }, {
    "location": "Fury plate",
    "locks": [
      "Holy glasses + Soul of Bat + Fire of Bat + Echo of Bat + Force of Echo + Bat Card"
    ]
  }, {
    "location": "Confessional",
    "comment": "Requires Jewel of Open or at least Leap Stone",
    "locks": [
    ]
  }, {
    "location": "Colosseum Green tea",
    "comment": "Requires at least Leap Stone",
    "locks": [
    ]
  }, {
    "location": "Clock Tower Cloaked knight",
    "comment": "Requires at least Leap Stone",
    "locks": [
    ]
  }, {
    "location": "Waterfall Cave",
    "comment": "Requires Jewel of Open",
    "locks": [
      "Jewel of Open + Soul of Bat + Fire of Bat + Echo of Bat + Force of Echo + Bat Card"
    ]
  }, {
    "location": "Floating Catacombs Elixir",
    "comment": "Requires Holy glasses + flight + Possibly Spike Breaker",
    "locks": [
      "Holy glasses + Soul of Bat + Fire of Bat + Echo of Bat + Force of Echo + Bat Card"
    ]
  }, {
    "location": "Reverse Entrance Antivenom",
    "comment": "Requires Holy glasses + flight",
    "locks": [
      "Holy glasses + Soul of Bat + Fire of Bat + Echo of Bat + Force of Echo + Bat Card"
    ]
  }, {
    "location": "Reverse Forbidden Route",
    "comment": "Requires Holy glasses + flight",
    "locks": [
      "Holy glasses + Soul of Bat + Fire of Bat + Echo of Bat + Force of Echo + Bat Card"
    ]
  }, {
    "location": "Cave Life apple",
    "comment": "Requires Holy glasses + flight + Demon Card",
    "locks": [
      "Holy glasses + Demon Card + Soul of Bat + Fire of Bat + Echo of Bat + Force of Echo + Bat Card",
      "Holy glasses + Nosedevil Card + Soul of Bat + Fire of Bat + Echo of Bat + Force of Echo + Bat Card"
    ]
  }, {
    "location": "Reverse Colosseum Zircon",
    "comment": "Requires flight",
    "locks": [
      "Holy glasses + Soul of Bat + Fire of Bat + Echo of Bat + Force of Echo + Bat Card"
    ]
  }, {
    "location": "Black Marble Gallery Vat",
    "comment": "Requires Holy glasses + flight",
    "locks": [
      "Holy glasses + Soul of Bat + Fire of Bat + Echo of Bat + Force of Echo + Bat Card"
    ]
  }, {
    "location": "Black Marble Meal Ticket",
    "comment": "Requires Holy glasses + flight + Jewel of Open",
    "locks": [
      "Holy glasses + Jewel of Open + Soul of Bat + Fire of Bat + Echo of Bat + Force of Echo + Bat Card"
    ]
  }, {
    "location": "Reverse Keep High Potion",
    "comment": "Requires Holy glasses + flight",
    "locks": [
      "Holy glasses + Soul of Bat + Fire of Bat + Echo of Bat + Force of Echo + Bat Card"
    ]
  }],
  "complexityGoal": {
    "min": 1,
    "goals": [
      "Holy glasses + Heart of Vlad + Tooth of Vlad + Rib of Vlad + Ring of Vlad + Eye of Vlad"
    ]
  },
  "writes": [{
    "type": "word",
    "address": "0x000c22a8",
    "value": "0x27bdffe0",
    "comment": "Start of Bat Movement Speed and Bat Familiar XP code block"
  }, {
    "type": "word",
    "value": "0xafa2001c"
  }, {
    "type": "word",
    "value": "0xafa30018"
  }, {
    "type": "word",
    "value": "0xafa40014"
  }, {
    "type": "word",
    "value": "0xafa50010"
  }, {
    "type": "word",
    "value": "0x00000000"
  }, {
    "type": "word",
    "value": "0x3c048009"
  }, {
    "type": "word",
    "value": "0x90847418"
  }, {
    "type": "word",
    "value": "0x00000000"
  }, {
    "type": "word",
    "value": "0x10800024"
  }, {
    "type": "word",
    "value": "0x34030001"
  }, {
    "type": "word",
    "value": "0x3c048007"
  }, {
    "type": "word",
    "value": "0x348433e0"
  }, {
    "type": "word",
    "value": "0x3c058009"
  }, {
    "type": "word",
    "value": "0x34a573f5"
  }, {
    "type": "word",
    "value": "0x3c028009"
  }, {
    "type": "word",
    "value": "0x904274a0"
  }, {
    "type": "word",
    "value": "0xac800004"
  }, {
    "type": "word",
    "value": "0x1443000d"
  }, {
    "type": "word",
    "value": "0x00000000"
  }, {
    "type": "word",
    "value": "0x90a20000"
  }, {
    "type": "word",
    "value": "0x34030002"
  }, {
    "type": "word",
    "value": "0x00000000"
  }, {
    "type": "word",
    "value": "0x14430016"
  }, {
    "type": "word",
    "value": "0x00000000"
  }, {
    "type": "word",
    "value": "0x3402fffe"
  }, {
    "type": "word",
    "value": "0x34030001"
  }, {
    "type": "word",
    "value": "0xac800000"
  }, {
    "type": "word",
    "value": "0xa0830026"
  }, {
    "type": "word",
    "value": "0xa4820002"
  }, {
    "type": "word",
    "value": "0x0802ce7a"
  }, {
    "type": "word",
    "value": "0x00000000"
  }, {
    "type": "word",
    "value": "0x34030021"
  }, {
    "type": "word",
    "value": "0x00000000"
  }, {
    "type": "word",
    "value": "0x1443000b"
  }, {
    "type": "word",
    "value": "0x00000000"
  }, {
    "type": "word",
    "value": "0x90a20000"
  }, {
    "type": "word",
    "value": "0x34030006"
  }, {
    "type": "word",
    "value": "0x00000000"
  }, {
    "type": "word",
    "value": "0x14430006"
  }, {
    "type": "word",
    "value": "0x00000000"
  }, {
    "type": "word",
    "value": "0x34020001"
  }, {
    "type": "word",
    "value": "0x34030001"
  }, {
    "type": "word",
    "value": "0xac800000"
  }, {
    "type": "word",
    "value": "0xa0830026"
  }, {
    "type": "word",
    "value": "0xa4820002"
  }, {
    "type": "word",
    "value": "0x3c058007"
  }, {
    "type": "word",
    "value": "0x34a533e0"
  }, {
    "type": "word",
    "value": "0x00000000"
  }, {
    "type": "word",
    "value": "0x90a20026"
  }, {
    "type": "word",
    "value": "0x34030002"
  }, {
    "type": "word",
    "value": "0x00000000"
  }, {
    "type": "word",
    "value": "0x14430056"
  }, {
    "type": "word",
    "value": "0x00000000"
  }, {
    "type": "word",
    "value": "0x3c048007"
  }, {
    "type": "word",
    "value": "0x90842efc"
  }, {
    "type": "word",
    "value": "0x00000000"
  }, {
    "type": "word",
    "value": "0x14800051"
  }, {
    "type": "word",
    "value": "0x00000000"
  }, {
    "type": "word",
    "value": "0x3c048004"
  }, {
    "type": "word",
    "value": "0x9084925c"
  }, {
    "type": "word",
    "value": "0x340300ef"
  }, {
    "type": "word",
    "value": "0x00000000"
  }, {
    "type": "word",
    "value": "0x1064004b"
  }, {
    "type": "word",
    "value": "0x00000000"
  }, {
    "type": "word",
    "value": "0x3c048004"
  }, {
    "type": "word",
    "value": "0x9084925d"
  }, {
    "type": "word",
    "value": "0x340200ef"
  }, {
    "type": "word",
    "value": "0x14440005"
  }, {
    "type": "word",
    "value": "0x00000000"
  }, {
    "type": "word",
    "value": "0x3c02fffd"
  }, {
    "type": "word",
    "value": "0x34424000"
  }, {
    "type": "word",
    "value": "0x00000000"
  }, {
    "type": "word",
    "value": "0xaca20004"
  }, {
    "type": "word",
    "value": "0x340200cf"
  }, {
    "type": "word",
    "value": "0x14440009"
  }, {
    "type": "word",
    "value": "0x00000000"
  }, {
    "type": "word",
    "value": "0x3c02fffd"
  }, {
    "type": "word",
    "value": "0x34428000"
  }, {
    "type": "word",
    "value": "0x00000000"
  }, {
    "type": "word",
    "value": "0xaca20004"
  }, {
    "type": "word",
    "value": "0x3c030002"
  }, {
    "type": "word",
    "value": "0x34638000"
  }, {
    "type": "word",
    "value": "0x00000000"
  }, {
    "type": "word",
    "value": "0xaca30000"
  }, {
    "type": "word",
    "value": "0x340200df"
  }, {
    "type": "word",
    "value": "0x14440005"
  }, {
    "type": "word",
    "value": "0x00000000"
  }, {
    "type": "word",
    "value": "0x3c030002"
  }, {
    "type": "word",
    "value": "0x3463c000"
  }, {
    "type": "word",
    "value": "0x00000000"
  }, {
    "type": "word",
    "value": "0xaca30000"
  }, {
    "type": "word",
    "value": "0x3402009f"
  }, {
    "type": "word",
    "value": "0x14440009"
  }, {
    "type": "word",
    "value": "0x00000000"
  }, {
    "type": "word",
    "value": "0x3c020002"
  }, {
    "type": "word",
    "value": "0x34428000"
  }, {
    "type": "word",
    "value": "0x00000000"
  }, {
    "type": "word",
    "value": "0xaca20004"
  }, {
    "type": "word",
    "value": "0x3c030002"
  }, {
    "type": "word",
    "value": "0x34638000"
  }, {
    "type": "word",
    "value": "0x00000000"
  }, {
    "type": "word",
    "value": "0xaca30000"
  }, {
    "type": "word",
    "value": "0x340200bf"
  }, {
    "type": "word",
    "value": "0x14440005"
  }, {
    "type": "word",
    "value": "0x00000000"
  }, {
    "type": "word",
    "value": "0x3c020002"
  }, {
    "type": "word",
    "value": "0x3442c000"
  }, {
    "type": "word",
    "value": "0x00000000"
  }, {
    "type": "word",
    "value": "0xaca20004"
  }, {
    "type": "word",
    "value": "0x3402003f"
  }, {
    "type": "word",
    "value": "0x14440009"
  }, {
    "type": "word",
    "value": "0x00000000"
  }, {
    "type": "word",
    "value": "0x3c020002"
  }, {
    "type": "word",
    "value": "0x34428000"
  }, {
    "type": "word",
    "value": "0x00000000"
  }, {
    "type": "word",
    "value": "0xaca20004"
  }, {
    "type": "word",
    "value": "0x3c03fffd"
  }, {
    "type": "word",
    "value": "0x34638000"
  }, {
    "type": "word",
    "value": "0x00000000"
  }, {
    "type": "word",
    "value": "0xaca30000"
  }, {
    "type": "word",
    "value": "0x3402007f"
  }, {
    "type": "word",
    "value": "0x14440005"
  }, {
    "type": "word",
    "value": "0x00000000"
  }, {
    "type": "word",
    "value": "0x3c03fffd"
  }, {
    "type": "word",
    "value": "0x34634000"
  }, {
    "type": "word",
    "value": "0x00000000"
  }, {
    "type": "word",
    "value": "0xaca30000"
  }, {
    "type": "word",
    "value": "0x3402006f"
  }, {
    "type": "word",
    "value": "0x14440009"
  }, {
    "type": "word",
    "value": "0x00000000"
  }, {
    "type": "word",
    "value": "0x3c02fffd"
  }, {
    "type": "word",
    "value": "0x34428000"
  }, {
    "type": "word",
    "value": "0x00000000"
  }, {
    "type": "word",
    "value": "0xaca20004"
  }, {
    "type": "word",
    "value": "0x3c03fffd"
  }, {
    "type": "word",
    "value": "0x34638000"
  }, {
    "type": "word",
    "value": "0x00000000"
  }, {
    "type": "word",
    "value": "0xaca30000"
  }, {
    "type": "word",
    "value": "0x00000000"
  }, {
    "type": "word",
    "value": "0x8fa2001c"
  }, {
    "type": "word",
    "value": "0x8fa30018"
  }, {
    "type": "word",
    "value": "0x8fa40014"
  }, {
    "type": "word",
    "value": "0x8fa50010"
  }, {
    "type": "word",
    "value": "0x27bd0020"
  }, {
    "type": "word",
    "value": "0x3c048014"
  }, {
    "type": "word",
    "value": "0x8c84aecc"
  }, {
    "type": "word",
    "value": "0x08045dc1"
  }, {
    "type": "word",
    "value": "0x00000000"
  }, {
    "type": "word",
    "value": "0x00240821"
  }, {
    "type": "word",
    "value": "0x14800007"
  }, {
    "type": "word",
    "value": "0x00000000"
  }, {
    "type": "word",
    "value": "0x34040002"
  }, {
    "type": "word",
    "value": "0x00000000"
  }, {
    "type": "word",
    "value": "0x00441021"
  }, {
    "type": "word",
    "value": "0x00000000"
  }, {
    "type": "word",
    "value": "0x00000000"
  }, {
    "type": "word",
    "value": "0x34040000"
  }, {
    "type": "word",
    "value": "0xac227c48"
  }, {
    "type": "word",
    "value": "0x0803f8d1"
  }, {
    "type": "word",
    "value": "0x00000000"
  }, {
    "type": "word",
    "address": "0x0134cc4",
    "value": "0x0802ce4c",
    "comment": "Hook for Bat Movement Speed"
  }, {
    "type": "word",
    "value": "0x00000000"
  }, {
    "type": "word",
    "address": "0x117da8",
    "value": "0x0802cee1",
    "comment": "Hook for Bat familiar XP"
  }, {
    "type": "word",
    "value": "0x00000000",
    "comment": "End of bat Movement Speed and bat familiar XP code block"
  }, {
    "type": "word",
    "address": "0x0134cb4",
    "value": "0x00000000",
    "comment": "Reduce Fire of Bat recovery"
  }, {
    "type": "char",
    "address": "0x013402f",
    "value": "0x00",
    "comment": "Wing flaps during Wing Smash"
  }, {
    "type": "short",
    "address": "0x0118a70",
    "value": "0x0000",
    "comment": "Soul of Bat costs no MP"
  }, {
    "type": "char",
    "address": "0x0134074",
    "value": "0x00",
    "comment": "Wing Smash infinite duration"
  }, {
    "type": "char",
    "address": "0x000b52ec",
    "value": "0x06",
    "comment": "Wing Smash MP cost to 6"
  }, {
    "type": "char",
    "address": "0x000b5340",
    "value": "0x03",
    "comment": "Fire of Bat MP cost to 3"
  }, {
    "type": "char",
    "address": "0x0014c8bc",
    "value": "0xfe",
    "comment": "Force of Echo Hitbox full screen hitbox width"
  }, {
    "type": "char",
    "address": "0x0014c8c4",
    "value": "0xf0",
    "comment": "Force of Echo Hitbox full screen hitbox height"
  }, {
    "type": "word",
    "address": "0x000f884c",
    "value": "0x27bdffe0",
    "comment": "Start of Fire of Bat damage code block"
  }, {
    "type": "word",
    "value": "0xafa2001c"
  }, {
    "type": "word",
    "value": "0xafa30018"
  }, {
    "type": "word",
    "value": "0xafa40014"
  }, {
    "type": "word",
    "value": "0xafa50010"
  }, {
    "type": "word",
    "value": "0x00000000"
  }, {
    "type": "word",
    "value": "0x3c058007"
  }, {
    "type": "word",
    "value": "0x90a53404"
  }, {
    "type": "word",
    "value": "0x34040005"
  }, {
    "type": "word",
    "value": "0x00000000"
  }, {
    "type": "word",
    "value": "0x14850018"
  }, {
    "type": "word",
    "value": "0x00000000"
  }, {
    "type": "word",
    "value": "0x3c058007"
  }, {
    "type": "word",
    "value": "0x90a53406"
  }, {
    "type": "word",
    "value": "0x34040004"
  }, {
    "type": "word",
    "value": "0x00000000"
  }, {
    "type": "word",
    "value": "0x14850012"
  }, {
    "type": "word",
    "value": "0x00000000"
  }, {
    "type": "word",
    "value": "0x3c058009"
  }, {
    "type": "word",
    "value": "0x8ca57be8"
  }, {
    "type": "word",
    "value": "0x34040004"
  }, {
    "type": "word",
    "value": "0x00000000"
  }, {
    "type": "word",
    "value": "0x00850019"
  }, {
    "type": "word",
    "value": "0x00000000"
  }, {
    "type": "word",
    "value": "0x00002012"
  }, {
    "type": "word",
    "value": "0x34050012"
  }, {
    "type": "word",
    "value": "0x00000000"
  }, {
    "type": "word",
    "value": "0x00852021"
  }, {
    "type": "word",
    "value": "0x3c03800f"
  }, {
    "type": "word",
    "value": "0x3463dacc"
  }, {
    "type": "word",
    "value": "0x34023402"
  }, {
    "type": "word",
    "value": "0xa4640000"
  }, {
    "type": "word",
    "value": "0xa4620002"
  }, {
    "type": "word",
    "value": "0x08038bf8"
  }, {
    "type": "word",
    "value": "0x00000000"
  }, {
    "type": "word",
    "value": "0x3c023405"
  }, {
    "type": "word",
    "value": "0x34420002"
  }, {
    "type": "word",
    "value": "0x3c03800f"
  }, {
    "type": "word",
    "value": "0x3463dacc"
  }, {
    "type": "word",
    "value": "0x00000000"
  }, {
    "type": "word",
    "value": "0xac620000"
  }, {
    "type": "word",
    "value": "0x08038bf8"
  }, {
    "type": "word",
    "value": "0x00000000"
  }, {
    "type": "word",
    "value": "0x00000000"
  }, {
    "type": "word",
    "value": "0x8fa2001c"
  }, {
    "type": "word",
    "value": "0x8fa30018"
  }, {
    "type": "word",
    "value": "0x8fa40014"
  }, {
    "type": "word",
    "value": "0x8fa50010"
  }, {
    "type": "word",
    "value": "0x27bd0020"
  }, {
    "type": "word",
    "value": "0x03e00008"
  }, {
    "type": "word",
    "value": "0x00000000",
    "comment": "End of the Fire of Bat damage code block"
  }, {
    "type": "word",
    "address": "0x044cf8c4",
    "value": "0x3c028003",
    "comment": "Start of Turning on Spike Room Lights code block"
  }, {
    "type": "word",
    "value": "0x3442be2e"
  }, {
    "type": "word",
    "value": "0xa4490000",
    "comment": "end of Turning on Spike Room Lights code block"
  }, {
    "type": "word",
    "address": "0x000f8a48",
    "value": "0x3c038007",
    "comment": "Start of code block allowing Bat Form to open doors"
  }, {
    "type": "word",
    "value": "0x94633404"
  }, {
    "type": "word",
    "value": "0x34020005"
  }, {
    "type": "word",
    "value": "0x00000000"
  }, {
    "type": "word",
    "value": "0x14430002"
  }, {
    "type": "word",
    "value": "0x00000000"
  }, {
    "type": "word",
    "value": "0x34030001"
  }, {
    "type": "word",
    "value": "0x34020019"
  }, {
    "type": "word",
    "value": "0x03e00008"
  }, {
    "type": "word",
    "value": "0x00000000",
    "comment": "End of the Bat opening doors code block."
  }, {
    "type": "word",
    "address": "0x4bb4b54",
    "value": "0x0c038c00",
    "comment": "Start of marking doors to accept Bat Form opening them."
  }, {
    "type": "word",
    "value": "0x00000000"
  }, {
    "type": "word",
    "address": "0x54390b4",
    "value": "0x0c038c00"
  }, {
    "type": "word",
    "value": "0x00000000"
  }, {
    "type": "word",
    "address": "0x494a3a0",
    "value": "0x0c038c00"
  }, {
    "type": "word",
    "value": "0x00000000"
  }, {
    "type": "word",
    "address": "0x4a0e9a4",
    "value": "0x0c038c00"
  }, {
    "type": "word",
    "value": "0x00000000"
  }, {
    "type": "word",
    "address": "0x4ae05ac",
    "value": "0x0c038c00"
  }, {
    "type": "word",
    "value": "0x00000000"
  }, {
    "type": "word",
    "address": "0x4c89058",
    "value": "0x0c038c00"
  }, {
    "type": "word",
    "value": "0x00000000"
  }, {
    "type": "word",
    "address": "0x54f5b7c",
    "value": "0x0c038c00"
  }, {
    "type": "word",
    "value": "0x00000000"
  }, {
    "type": "word",
    "address": "0x55a86fc",
    "value": "0x0c038c00"
  }, {
    "type": "word",
    "value": "0x00000000"
  }, {
    "type": "word",
    "address": "0x4405eac",
    "value": "0x0c038c00"
  }, {
    "type": "word",
    "value": "0x00000000"
  }, {
    "type": "word",
    "address": "0x44d6ebc",
    "value": "0x0c038c00"
  }, {
    "type": "word",
    "value": "0x00000000"
  }, {
    "type": "word",
    "address": "0x460e22c",
    "value": "0x0c038c00"
  }, {
    "type": "word",
    "value": "0x00000000"
  }, {
    "type": "word",
    "address": "0x46c9660",
    "value": "0x0c038c00"
  }, {
    "type": "word",
    "value": "0x00000000"
  }, {
    "type": "word",
    "address": "0x47ed348",
    "value": "0x0c038c00"
  }, {
    "type": "word",
    "value": "0x00000000"
  }, {
    "type": "word",
    "address": "0x5645b88",
    "value": "0x0c038c00"
  }, {
    "type": "word",
    "value": "0x00000000"
  }, {
    "type": "word",
    "address": "0x588fa80",
    "value": "0x0c038c00"
  }, {
    "type": "word",
    "value": "0x00000000"
  }, {
    "type": "word",
    "address": "0x51eb318",
    "value": "0x0c038c00"
  }, {
    "type": "word",
    "value": "0x00000000"
  }, {
    "type": "word",
    "address": "0x4fc717c",
    "value": "0x0c038c00"
  }, {
    "type": "word",
    "value": "0x00000000"
  }, {
    "type": "word",
    "address": "0x507e548",
    "value": "0x0c038c00"
  }, {
    "type": "word",
    "value": "0x00000000"
  }, {
    "type": "word",
    "address": "0x5135d08",
    "value": "0x0c038c00"
  }, {
    "type": "word",
    "value": "0x00000000"
  }, {
    "type": "word",
    "address": "0x52c2b9c",
    "value": "0x0c038c00"
  }, {
    "type": "word",
    "value": "0x00000000"
  }, {
    "type": "word",
    "address": "0x59389bc",
    "value": "0x0c038c00"
  }, {
    "type": "word",
    "value": "0x00000000"
  }, {
    "type": "word",
    "address": "0x59f1be8",
    "value": "0x0c038c00"
  }, {
    "type": "word",
    "value": "0x00000000"
  }, {
    "type": "word",
    "address": "0x5780228",
    "value": "0x0c038c00"
  }, {
    "type": "word",
    "value": "0x00000000"
  }, {
    "type": "word",
    "address": "0x4d38d18",
    "value": "0x0c038c00"
  }, {
    "type": "word",
    "value": "0x00000000"
  }, {
    "type": "word",
    "address": "0x4dc65dc",
    "value": "0x0c038c00"
  }, {
    "type": "word",
    "value": "0x00000000"
  }, {
    "type": "word",
    "address": "0x4e708c4",
    "value": "0x0c038c00"
  }, {
    "type": "word",
    "value": "0x00000000"
  }, {
    "type": "word",
    "address": "0x4f0d0f8",
    "value": "0x0c038c00"
  }, {
    "type": "word",
    "value": "0x00000000"
  }, {
    "type": "word",
    "address": "0x580a20c",
    "value": "0x0c038c00"
  }, {
    "type": "word",
    "value": "0x00000000"
  }, {
    "type": "word",
    "address": "0x5139a68",
    "value": "0x0c038c00"
  }, {
    "type": "word",
    "value": "0x00000000"
  }, {
    "type": "word",
    "address": "0x4ae430c",
    "value": "0x0c038c00"
  }, {
    "type": "word",
    "value": "0x00000000"
  }, {
    "type": "word",
    "address": "0x4964e94",
    "value": "0x0c038c00"
  }, {
    "type": "word",
    "value": "0x00000000"
  }, {
    "type": "word",
    "address": "0x5503944",
    "value": "0x0c038c00"
  }, {
    "type": "word",
    "value": "0x00000000"
  }, {
    "type": "word",
    "address": "0x46da788",
    "value": "0x0c038c00"
  }, {
    "type": "word",
    "value": "0x00000000"
  }, {
    "type": "word",
    "address": "0x4fe3b80",
    "value": "0x0c038c00"
  }, {
    "type": "word",
    "value": "0x00000000"
  }, {
    "type": "word",
    "address": "0x594b634",
    "value": "0x0c038c00"
  }, {
    "type": "word",
    "value": "0x00000000"
  }, {
    "type": "word",
    "address": "0x5a7ce10",
    "value": "0x0c038c00"
  }, {
    "type": "word",
    "value": "0x00000000",
    "comment": "End of marking doors for Bat opening them"
  }]
}