{
  "metadata": {
    "id": "beyond",
    "name": "Beyond",
    "description": "Similar to casual but with new stuff, complexity 9, spread locations, no death at entrance",
    "author": "Forat Negre, Wecoc",
    "weight": -900
  },
  "inherits": "safe",
  "stats": false,
  "relicLocationsExtension": "spread",

  "complexityGoal": {
    "min": 9,
    "goals": [
      "Holy glasses + Heart of Vlad + Tooth of Vlad + Rib of Vlad + Ring of Vlad + Eye of Vlad"
    ]
  },

  "startingEquipment": [{
    "slot": "Right hand",
    "item": "Falchion"
  }, {
    "slot": "Left hand",
    "item": "Leather shield"
  }, {
    "slot": "Head",
    "item": "Steel helm"
  }, {
    "slot": "Body",
    "item": "Platinum mail"
  }, {
    "slot": "Cloak",
    "item": "Reverse cloak"
  }, {
    "slot": "Other",
    "item": "Mystic pendant"
  }],

 "blockItems": [{
    "zone": "*",
    "item": "*",
    "replacement": [
      "Sword of Dawn",
      "Red Rust",
      "Nunchaku",
      "Mace",
      "Morningstar",
      "Star flail",
      "Moon rod",
      "Knuckle duster",
      "Blue knuckles",
      "Iron Fist",
      "Dynamite",
      "Iron ball",
      "Monster vial 2",
      "Monster vial 3",
      "TNT",
      "Sunglasses",
      "Goggles",
      "Ballroom mask",
      "Bandanna",
      "Felt hat",
      "Velvet hat",
      "Circlet",
      "Silver crown",
      "Staurolite",
      "Necklace of J",
      "Medal",
      "Peanuts",
      "Miso soup",
      "Pork bun",
      "Red bean bun",
      "Secret boots",
      "Moonstone",
      "Sunstone",
      "Bloodstone"
    ]
  }],

  "blockDrops": [{
    "enemy": "*",
    "items": [
      "Sword of Dawn",
      "Red Rust",
      "Nunchaku",
      "Mace",
      "Morningstar",
      "Star flail",
      "Moon rod",
      "Knuckle duster",
      "Blue knuckles",
      "Iron Fist",
      "Dynamite",
      "Iron ball",
      "Monster vial 2",
      "Monster vial 3",
      "TNT",
      "Sunglasses",
      "Goggles",
      "Ballroom mask",
      "Bandanna",
      "Felt hat",
      "Velvet hat",
      "Circlet",
      "Silver crown",
      "Staurolite",
      "Necklace of J",
      "Medal",
      "Peanuts",
      "Miso soup",
      "Pork bun",
      "Red bean bun",
      "Secret boots",
      "Moonstone",
      "Sunstone",
      "Bloodstone"
    ]
  }],

  "placeRelic": [{
    "location": "Jewel of Open",
    "relic": "Cube of Zoe"
  }],

  "alias": [{
    "relic": "Faerie Scroll",
    "alias": "Castle Key"
  }],

  "lockLocation": [{
    "location": "Soul of Bat",
    "comment": "Requires Mist + at least Leap Stone",
    "locks": [
      "Form of Mist + Leap Stone",
      "Form of Mist + Gravity Boots",
      "Form of Mist + Soul of Bat",
      "Form of Mist + Power of Mist"
    ]
  }, {
    "location": "Fire of Bat",
    "comment": "Requires flight",
    "locks": [
      "Soul of Bat",
      "Gravity Boots + Leap Stone",
      "Form of Mist + Power of Mist"
    ]
  }, {
    "location": "Echo of Bat",
    "comment": "Requires flight + a transformation",
    "locks": [
      "Soul of Bat",
      "Gravity Boots + Leap Stone + Form of Mist",
      "Gravity Boots + Leap Stone + Soul of Wolf",
      "Form of Mist + Power of Mist"
    ]
  }, {
    "location": "Force of Echo",
    "comment": "In second castle",
    "locks": [
      "Holy glasses + Soul of Bat",
      "Holy glasses + Gravity Boots + Leap Stone",
      "Holy glasses + Form of Mist + Power of Mist"
    ]
  }, {
    "location": "Power of Wolf",
    "comment": "Requires flight",
    "locks": [
      "Soul of Bat",
      "Gravity Boots + Leap Stone",
      "Form of Mist + Power of Mist"
    ]
  }, {
    "location": "Skill of Wolf",
    "comment": "Requires at least Gravity Boots",
    "locks": [
      "Gravity Boots",
      "Soul of Bat",
      "Form of Mist + Power of Mist"
    ]
  }, {
    "location": "Form of Mist",
    "comment": "Now can be accessed with Castle Key",
    "locks": [
      "Castle Key",
      "Leap Stone",
      "Gravity Boots",
      "Soul of Bat",
      "Form of Mist + Power of Mist"
    ]
  }, {
    "location": "Power of Mist",
    "comment": "Requires flight",
    "locks": [
      "Soul of Bat",
      "Gravity Boots + Leap Stone",
      "Form of Mist + Power of Mist"
    ]
  }, {
    "location": "Gas Cloud",
    "comment": "In second castle",
    "locks": [
      "Holy glasses + Soul of Bat",
      "Holy glasses + Gravity Boots + Leap Stone",
      "Holy glasses + Form of Mist + Power of Mist"
    ]
  }, {
    "location": "Gravity Boots",
    "comment": "Requires flight",
    "locks": [
      "Soul of Bat",
      "Gravity Boots + Leap Stone",
      "Form of Mist + Power of Mist"
    ]
  }, {
    "location": "Leap Stone",
    "comment": "Now can be accessed with Castle Key",
    "locks": [
      "Castle Key",
      "Jewel of Open",
      "Leap Stone",
      "Gravity Boots",
      "Soul of Bat",
      "Form of Mist + Power of Mist"
    ]
  }, {
    "location": "Holy Symbol",
    "locks": [
      "Jewel of Open + Merman Statue"
    ]
  }, {
    "location": "Merman Statue",
    "comment": "Requires Jewel of Open",
    "locks": [
      "Jewel of Open"
    ]
  }, {
    "location": "Bat Card",
    "comment": "Requires at least Gravity Boots",
    "locks": [
      "Gravity Boots",
      "Soul of Bat",
      "Form of Mist + Power of Mist"
    ]
  }, {
    "location": "Ghost Card",
    "comment": "Requires flight",
    "locks": [
      "Soul of Bat",
      "Gravity Boots + Leap Stone",
      "Form of Mist + Power of Mist"
    ]
  }, {
    "location": "Faerie Card",
    "comment": "Requires at least Gravity Boots",
    "locks": [
      "Gravity Boots",
      "Soul of Bat",
      "Form of Mist + Power of Mist"
    ]
  }, {
    "location": "Demon Card",
    "comment": "Now can be accessed with Castle Key",
    "locks": [
      "Castle Key",
      "Jewel of Open + Leap Stone",
      "Jewel of Open + Gravity Boots",
      "Jewel of Open + Soul of Bat",
      "Jewel of Open + Form of Mist + Power of Mist",
      "Jewel of Open + Soul of Wolf + Power of Wolf"
    ],
    "escapeRequires": [
      "Castle Key",
      "Soul of Bat",
      "Leap Stone",
      "Gravity Boots",
      "Form of Mist + Power of Mist"
    ]
  }, {
    "location": "Sword Card",
    "comment": "Requires flight",
    "locks": [
      "Soul of Bat",
      "Gravity Boots + Leap Stone",
      "Form of Mist + Power of Mist"
    ]
  }, {
    "location": "Heart of Vlad",
    "comment": "In second castle",
    "locks": [
      "Holy glasses + Soul of Bat",
      "Holy glasses + Gravity Boots + Leap Stone",
      "Holy glasses + Form of Mist + Power of Mist"
    ]
  }, {
    "location": "Tooth of Vlad",
    "comment": "In second castle",
    "locks": [
      "Holy glasses + Soul of Bat",
      "Holy glasses + Gravity Boots + Leap Stone",
      "Holy glasses + Form of Mist + Power of Mist"
    ]
  }, {
    "location": "Rib of Vlad",
    "comment": "In second castle",
    "locks": [
      "Holy glasses + Soul of Bat",
      "Holy glasses + Gravity Boots + Leap Stone + Form of Mist",
      "Holy glasses + Gravity Boots + Leap Stone + Soul of Wolf",
      "Holy glasses + Form of Mist + Power of Mist"
    ]
  }, {
    "location": "Ring of Vlad",
    "comment": "In second castle",
    "locks": [
      "Holy glasses + Soul of Bat",
      "Holy glasses + Gravity Boots + Leap Stone",
      "Holy glasses + Form of Mist + Power of Mist"
    ]
  }, {
    "location": "Eye of Vlad",
    "comment": "In second castle",
    "locks": [
      "Holy glasses + Soul of Bat",
      "Holy glasses + Gravity Boots + Leap Stone",
      "Holy glasses + Form of Mist + Power of Mist"
    ]
  }, {
    "location": "Spike Breaker",
    "locks": [
      "Jewel of Open + Soul of Bat + Echo of Bat"
    ]
  }, {
    "location": "Gold ring",
    "comment": "Requires Jewel of Open + flight",
    "locks": [
      "Jewel of Open + Soul of Bat",
      "Jewel of Open + Gravity Boots + Leap Stone",
      "Jewel of Open + Form of Mist + Power of Mist"
    ]
  }, {
    "location": "Silver ring",
    "locks": [
      "Jewel of Open + Spike Breaker + Form of Mist"
    ]
  }, {
    "location": "Holy glasses",
    "locks": [
      "Silver ring + Gold ring"
    ],
    "comment": "Access must also give flight",
    "escapeRequires": [
      "Soul of Bat",
      "Gravity Boots + Leap Stone",
      "Form of Mist + Power of Mist"
    ]
  }, {
    "location": "Crystal cloak",
    "locks": [
      "Jewel of Open"
    ]
  }, {
    "location": "Mormegil",
    "comment": "Castle Key or Jewel of Open",
    "locks": [
      "Castle Key + Leap Stone",
      "Castle Key + Gravity Boots",
      "Castle Key + Soul of Bat",
      "Castle Key + Form of Mist + Power of Mist",
      "Castle Key + Soul of Wolf + Power of Wolf",
      "Jewel of Open + Leap Stone",
      "Jewel of Open + Gravity Boots",
      "Jewel of Open + Soul of Bat",
      "Jewel of Open + Form of Mist + Power of Mist",
      "Jewel of Open + Soul of Wolf + Power of Wolf"
    ],
    "comment": "Access must also give at least Leap Stone",
    "escapeRequires": [
      "Soul of Bat",
      "Leap Stone",
      "Gravity Boots",
      "Form of Mist + Power of Mist"
    ]
  }, {
    "location": "Dark Blade",
    "comment": "In second castle",
    "locks": [
      "Holy glasses + Soul of Bat",
      "Holy glasses + Gravity Boots + Leap Stone",
      "Holy glasses + Form of Mist + Power of Mist"
    ]
  }, {
    "location": "Ring of Arcana",
    "comment": "In second castle",
    "locks": [
      "Holy glasses + Soul of Bat",
      "Holy glasses + Gravity Boots + Leap Stone",
      "Holy glasses + Form of Mist + Power of Mist"
    ]
  }, {
    "location": "Trio",
    "comment": "In second castle",
    "locks": [
      "Holy glasses + Soul of Bat",
      "Holy glasses + Gravity Boots + Leap Stone",
      "Holy glasses + Form of Mist + Power of Mist"
    ]
  }, {
    "location": "Holy mail",
    "comment": "Requires flight",
    "locks": [
      "Soul of Bat",
      "Gravity Boots + Leap Stone",
      "Form of Mist + Power of Mist"
    ]
  }, {
    "location": "Jewel sword",
    "comment": "Requires Wolf + Bat",
    "locks": [
      "Soul of Wolf + Soul of Bat"
    ]
  }, {
    "location": "Mystic pendant",
    "comment": "Requires at least Leap Stone",
    "locks": [
      "Soul of Bat",
      "Leap Stone",
      "Gravity Boots",
      "Form of Mist + Power of Mist"
    ]
  }, {
    "location": "Ankh of Life",
    "comment": "Requires at least Leap Stone",
    "locks": [
      "Soul of Bat",
      "Leap Stone",
      "Gravity Boots",
      "Form of Mist + Power of Mist"
    ]
  }, {
    "location": "Morningstar",
    "comment": "Requires at least Leap Stone",
    "locks": [
      "Soul of Bat",
      "Leap Stone",
      "Gravity Boots",
      "Form of Mist + Power of Mist"
    ]
  }, {
    "location": "Goggles",
    "comment": "Now can be accessed with Castle Key",
    "locks": [
      "Castle Key",
      "Jewel of Open",
      "Soul of Bat",
      "Leap Stone",
      "Gravity Boots",
      "Form of Mist + Power of Mist"
    ]
  }, {
    "location": "Silver plate",
    "comment": "Now can be accessed with Castle Key",
    "locks": [
      "Castle Key",
      "Jewel of Open",
      "Soul of Bat",
      "Leap Stone",
      "Gravity Boots",
      "Form of Mist + Power of Mist"
    ]
  }, {
    "location": "Cutlass",
    "comment": "Now can be accessed with Castle Key",
    "locks": [
      "Castle Key",
      "Jewel of Open",
      "Soul of Bat",
      "Leap Stone",
      "Gravity Boots",
      "Form of Mist + Power of Mist"
    ]
  }, {
    "location": "Platinum mail",
    "comment": "Requires at least Gravity Boots",
    "locks": [
      "Soul of Bat",
      "Gravity Boots",
      "Form of Mist + Power of Mist"
    ]
  }, {
    "location": "Falchion",
    "comment": "Requires at least Leap Stone",
    "locks": [
      "Soul of Bat",
      "Leap Stone",
      "Gravity Boots",
      "Form of Mist + Power of Mist"
    ]
  }, {
    "location": "Gold plate",
    "comment": "Requires at least Leap Stone",
    "locks": [
      "Soul of Bat",
      "Leap Stone",
      "Gravity Boots",
      "Form of Mist + Power of Mist"
    ]
  }, {
    "location": "Bekatowa",
    "comment": "Requires at least Gravity Boots",
    "locks": [
      "Soul of Bat",
      "Gravity Boots",
      "Form of Mist + Power of Mist"
    ]
  }, {
    "location": "Holy rod",
    "comment": "Requires at least Leap Stone",
    "locks": [
      "Leap Stone",
      "Gravity Boots",
      "Soul of Bat",
      "Gravity Boots",
      "Form of Mist + Power of Mist"
    ]
  }, {
    "location": "Library Onyx",
    "comment": "Requires at least Leap Stone",
    "locks": [
      "Soul of Bat",
      "Leap Stone",
      "Gravity Boots",
      "Form of Mist + Power of Mist"
    ]
  }, {
    "location": "Alucart sword",
    "comment": "Requires at least Cube of Zoe + at least Leap Stone",
    "locks": [
      "Cube of Zoe + Soul of Bat",
      "Cube of Zoe + Leap Stone",
      "Cube of Zoe + Gravity Boots",
      "Cube of Zoe + Form of Mist + Power of Mist"
    ]
  }, {
    "location": "Broadsword",
    "comment": "Now can be accessed with Castle Key",
    "locks": [
      "Castle Key",
      "Soul of Bat",
      "Leap Stone",
      "Gravity Boots",
      "Form of Mist + Power of Mist"
    ]
  }, {
    "location": "Estoc",
    "comment": "Requires flight",
    "locks": [
      "Soul of Bat",
      "Gravity Boots + Leap Stone",
      "Form of Mist + Power of Mist"
    ]
  }, {
    "location": "Olrox Garnet",
    "comment": "Requires flight",
    "locks": [
      "Soul of Bat",
      "Gravity Boots + Leap Stone",
      "Form of Mist + Power of Mist"
    ]
  }, {
    "location": "Blood cloak",
    "comment": "Now can be accessed with Castle Key",
    "locks": [
      "Castle Key",
      "Soul of Bat",
      "Leap Stone",
      "Gravity Boots",
      "Form of Mist + Power of Mist"
    ]
  }, {
    "location": "Shield rod",
    "comment": "Now can be accessed with Castle Key",
    "locks": [
      "Castle Key",
      "Soul of Bat",
      "Leap Stone",
      "Gravity Boots",
      "Form of Mist + Power of Mist"
    ]
  }, {
    "location": "Knight shield",
    "comment": "Now can be accessed with Castle Key",
    "locks": [
      "Castle Key",
      "Soul of Bat",
      "Leap Stone",
      "Gravity Boots",
      "Form of Mist + Power of Mist"
    ]
  }, {
    "location": "Holy sword",
    "comment": "Requires at least Gravity Boots",
    "locks": [
      "Soul of Bat",
      "Gravity Boots",
      "Form of Mist + Power of Mist"
    ]
  }, {
    "location": "Bandanna",
    "comment": "Requires Jewel of Open",
    "locks": [
      "Jewel of Open"
    ]
  }, {
    "location": "Secret boots",
    "comment": "Requires Jewel of Open + flight",
    "locks": [
      "Jewel of Open + Soul of Bat",
      "Jewel of Open + Gravity Boots + Leap Stone",
      "Jewel of Open + Form of Mist + Power of Mist"
    ]
  }, {
    "location": "Nunchaku",
    "comment": "Requires Jewel of Open + Holy Symbol",
    "locks": [
      "Jewel of Open + Holy Symbol"
    ]
  }, {
    "location": "Knuckle duster",
    "comment": "Requires Jewel of Open",
    "locks": [
      "Jewel of Open"
    ]
  }, {
    "location": "Caverns Onyx",
    "comment": "Requires Jewel of Open + at least Leap Stone",
    "locks": [
      "Jewel of Open + Leap Stone",
      "Jewel of Open + Gravity Boots",
      "Jewel of Open + Soul of Bat",
      "Jewel of Open + Form of Mist + Power of Mist"
    ]
  }, {
    "location": "Combat knife",
    "comment": "Requires Jewel of Open or Castle Key",
    "locks": [
      "Castle Key + Soul of Bat",
      "Castle Key + Leap Stone",
      "Castle Key + Gravity Boots",
      "Castle Key + Form of Mist + Power of Mist",
      "Castle Key + Soul of Wolf + Power of Wolf",
      "Jewel of Open + Soul of Bat",
      "Jewel of Open + Leap Stone",
      "Jewel of Open + Gravity Boots",
      "Jewel of Open + Form of Mist + Power of Mist",
      "Jewel of Open + Soul of Wolf + Power of Wolf"
    ],
    "comments": "Access must also give at least Leap Stone",
    "escapeRequires": [
      "Soul of Bat",
      "Leap Stone",
      "Gravity Boots",
      "Form of Mist + Power of Mist"
    ]
  }, {
    "location": "Ring of Ares",
    "comment": "Requires Jewel of Open or Castle Key + Demon Card",
    "locks": [
      "Castle Key + Nosedevil Card + Soul of Bat",
      "Castle Key + Nosedevil Card + Leap Stone",
      "Castle Key + Nosedevil Card + Gravity Boots",
      "Castle Key + Nosedevil Card + Form of Mist + Power of Mist",
      "Castle Key + Nosedevil Card + Soul of Wolf + Power of Wolf",
      "Jewel of Open + Nosedevil Card + Soul of Bat",
      "Jewel of Open + Nosedevil Card + Leap Stone",
      "Jewel of Open + Nosedevil Card + Gravity Boots",
      "Jewel of Open + Nosedevil Card + Form of Mist + Power of Mist",
      "Jewel of Open + Nosedevil Card + Soul of Wolf + Power of Wolf",
      "Castle Key + Demon Card + Soul of Bat",
      "Castle Key + Demon Card + Leap Stone",
      "Castle Key + Demon Card + Gravity Boots",
      "Castle Key + Demon Card + Form of Mist + Power of Mist",
      "Castle Key + Demon Card + Soul of Wolf + Power of Wolf",
      "Jewel of Open + Demon Card + Soul of Bat",
      "Jewel of Open + Demon Card + Leap Stone",
      "Jewel of Open + Demon Card + Gravity Boots",
      "Jewel of Open + Demon Card + Form of Mist + Power of Mist",
      "Jewel of Open + Demon Card + Soul of Wolf + Power of Wolf"
    ],
    "comment": "Access must also give at least Leap Stone",
    "escapeRequires": [
      "Soul of Bat",
      "Leap Stone",
      "Gravity Boots",
      "Form of Mist + Power of Mist"
    ]
  }, {
    "location": "Bloodstone",
    "comment": "Requires Jewel of Open or Castle Key + at least Leap Stone",
    "locks": [
      "Castle Key + Soul of Bat",
      "Castle Key + Leap Stone",
      "Castle Key + Gravity Boots",
      "Castle Key + Form of Mist + Power of Mist",
      "Castle Key + Soul of Wolf + Power of Wolf",
      "Jewel of Open + Soul of Bat",
      "Jewel of Open + Leap Stone",
      "Jewel of Open + Gravity Boots",
      "Jewel of Open + Form of Mist + Power of Mist",
      "Jewel of Open + Soul of Wolf + Power of Wolf"
    ],
    "comment": "Access must also give at least Leap Stone",
    "escapeRequires": [
      "Soul of Bat",
      "Leap Stone",
      "Gravity Boots",
      "Form of Mist + Power of Mist"
    ]
  }, {
    "location": "Icebrand",
    "comment": "Requires Jewel of Open or Castle Key",
    "locks": [
      "Castle Key + Soul of Bat",
      "Castle Key + Leap Stone",
      "Castle Key + Gravity Boots",
      "Castle Key + Form of Mist + Power of Mist",
      "Jewel of Open + Soul of Bat",
      "Jewel of Open + Leap Stone",
      "Jewel of Open + Gravity Boots",
      "Jewel of Open + Form of Mist + Power of Mist"
    ],
    "comment": "Access must also give at least Leap Stone",
    "escapeRequires": [
      "Soul of Bat",
      "Leap Stone",
      "Gravity Boots",
      "Form of Mist + Power of Mist"
    ]
  }, {
    "location": "Walk armor",
    "comment": "Requires Jewel of Open or Castle Key",
    "locks": [
      "Castle Key + Soul of Bat",
      "Castle Key + Leap Stone",
      "Castle Key + Gravity Boots",
      "Castle Key + Form of Mist + Power of Mist",
      "Castle Key + Soul of Wolf + Power of Wolf",
      "Jewel of Open + Soul of Bat",
      "Jewel of Open + Leap Stone",
      "Jewel of Open + Gravity Boots",
      "Jewel of Open + Form of Mist + Power of Mist",
      "Jewel of Open + Soul of Wolf + Power of Wolf"
    ],
    "comment": "Access must also give at least Leap Stone",
    "escapeRequires": [
      "Soul of Bat",
      "Leap Stone",
      "Gravity Boots",
      "Form of Mist + Power of Mist"
    ]
  }, {
    "location": "Beryl circlet",
    "comment": "Requires Holy glasses + Bat + Wolf",
    "locks": [
      "Holy glasses + Soul of Bat + Soul of Wolf"
    ]
  }, {
    "location": "Talisman",
    "comment": "Requires Holy glasses + flight",
    "locks": [
      "Holy glasses + Soul of Bat",
      "Holy glasses + Gravity Boots + Leap Stone",
      "Holy glasses + Form of Mist + Power of Mist"
    ]
  }, {
    "location": "Katana",
    "comment": "Requires Holy glasses + flight",
    "locks": [
      "Holy glasses + Soul of Bat",
      "Holy glasses + Gravity Boots + Leap Stone",
      "Holy glasses + Form of Mist + Power of Mist"
    ]
  }, {
    "location": "Goddess shield",
    "comment": "Requires Holy glasses + flight",
    "locks": [
      "Holy glasses + Soul of Bat",
      "Holy glasses + Gravity Boots + Leap Stone",
      "Holy glasses + Form of Mist + Power of Mist"
    ]
  }, {
    "location": "Twilight cloak",
    "comment": "Requires Holy glasses + Mist + flight",
    "locks": [
      "Holy glasses + Form of Mist + Soul of Bat",
      "Holy glasses + Form of Mist + Gravity Boots + Leap Stone",
      "Holy glasses + Form of Mist + Power of Mist"
    ]
  }, {
    "location": "Talwar",
    "comment": "Requires Holy glasses + flight",
    "locks": [
      "Holy glasses + Soul of Bat",
      "Holy glasses + Gravity Boots + Leap Stone",
      "Holy glasses + Form of Mist + Power of Mist"
    ]
  }, {
    "location": "Sword of Dawn",
    "comment": "Requires Holy glasses + flight",
    "locks": [
      "Holy glasses + Soul of Bat",
      "Holy glasses + Gravity Boots + Leap Stone",
      "Holy glasses + Form of Mist + Power of Mist"
    ]
  }, {
    "location": "Bastard sword",
    "comment": "Requires Holy glasses + flight",
    "locks": [
      "Holy glasses + Soul of Bat",
      "Holy glasses + Gravity Boots + Leap Stone",
      "Holy glasses + Form of Mist + Power of Mist"
    ]
  }, {
    "location": "Royal cloak",
    "comment": "Requires Holy glasses + flight",
    "locks": [
      "Holy glasses + Soul of Bat",
      "Holy glasses + Gravity Boots + Leap Stone",
      "Holy glasses + Form of Mist + Power of Mist"
    ]
  }, {
    "location": "Lightning mail",
    "comment": "Requires Holy glasses + flight",
    "locks": [
      "Holy glasses + Soul of Bat",
      "Holy glasses + Gravity Boots + Leap Stone",
      "Holy glasses + Form of Mist + Power of Mist"
    ]
  }, {
    "location": "Moon rod",
    "comment": "Requires Holy glasses + flight",
    "locks": [
      "Holy glasses + Soul of Bat",
      "Holy glasses + Gravity Boots + Leap Stone",
      "Holy glasses + Form of Mist + Power of Mist"
    ]
  }, {
    "location": "Sunstone",
    "comment": "Requires Holy glasses + flight",
    "locks": [
      "Holy glasses + Soul of Bat",
      "Holy glasses + Gravity Boots + Leap Stone",
      "Holy glasses + Form of Mist + Power of Mist"
    ]
  }, {
    "location": "Luminus",
    "comment": "Requires Holy glasses + flight",
    "locks": [
      "Holy glasses + Soul of Bat",
      "Holy glasses + Gravity Boots + Leap Stone",
      "Holy glasses + Form of Mist + Power of Mist"
    ]
  }, {
    "location": "Dragon helm",
    "comment": "Requires Holy glasses + flight",
    "locks": [
      "Holy glasses + Soul of Bat",
      "Holy glasses + Gravity Boots + Leap Stone",
      "Holy glasses + Form of Mist + Power of Mist"
    ]
  }, {
    "location": "Shotel",
    "comment": "Requires Holy glasses + Mist + flight",
    "locks": [
      "Holy glasses + Form of Mist + Soul of Bat",
      "Holy glasses + Form of Mist + Gravity Boots + Leap Stone",
      "Holy glasses + Form of Mist + Power of Mist"
    ]
  }, {
    "location": "Staurolite",
    "comment": "Requires Holy glasses + Mist + flight",
    "locks": [
      "Holy glasses + Form of Mist + Soul of Bat",
      "Holy glasses + Form of Mist + Gravity Boots + Leap Stone",
      "Holy glasses + Form of Mist + Power of Mist"
    ]
  }, {
    "location": "Badelaire",
    "comment": "Requires Holy glasses + flight",
    "locks": [
      "Holy glasses + Soul of Bat",
      "Holy glasses + Gravity Boots + Leap Stone",
      "Holy glasses + Form of Mist + Power of Mist"
    ]
  }, {
    "location": "Forbidden Library Opal",
    "comment": "Requires Holy glasses + flight",
    "locks": [
      "Holy glasses + Soul of Bat",
      "Holy glasses + Gravity Boots + Leap Stone",
      "Holy glasses + Form of Mist + Power of Mist"
    ]
  }, {
    "location": "Reverse Caverns Diamond",
    "comment": "Requires Holy glasses + flight",
    "locks": [
      "Holy glasses + Soul of Bat",
      "Holy glasses + Gravity Boots + Leap Stone",
      "Holy glasses + Form of Mist + Power of Mist"
    ]
  }, {
    "location": "Reverse Caverns Opal",
    "comment": "Requires Holy glasses + flight",
    "locks": [
      "Holy glasses + Soul of Bat",
      "Holy glasses + Gravity Boots + Leap Stone",
      "Holy glasses + Form of Mist + Power of Mist"
    ]
  }, {
    "location": "Reverse Caverns Garnet",
    "comment": "Requires Holy glasses + flight",
    "locks": [
      "Holy glasses + Soul of Bat",
      "Holy glasses + Gravity Boots + Leap Stone",
      "Holy glasses + Form of Mist + Power of Mist"
    ]
  }, {
    "location": "Osafune katana",
    "comment": "Requires Holy glasses + flight",
    "locks": [
      "Holy glasses + Soul of Bat",
      "Holy glasses + Gravity Boots + Leap Stone",
      "Holy glasses + Form of Mist + Power of Mist"
    ]
  }, {
    "location": "Alucard shield",
    "comment": "Requires Holy glasses + flight",
    "locks": [
      "Holy glasses + Soul of Bat",
      "Holy glasses + Gravity Boots + Leap Stone",
      "Holy glasses + Form of Mist + Power of Mist"
    ]
  }, {
    "location": "Alucard sword",
    "comment": "Requires Holy glasses + flight",
    "locks": [
      "Holy glasses + Soul of Bat",
      "Holy glasses + Gravity Boots + Leap Stone",
      "Holy glasses + Form of Mist + Power of Mist"
    ]
  }, {
    "location": "Necklace of J",
    "comment": "Requires Holy glasses + flight",
    "locks": [
      "Holy glasses + Soul of Bat",
      "Holy glasses + Gravity Boots + Leap Stone",
      "Holy glasses + Form of Mist + Power of Mist"
    ]
  }, {
    "location": "Floating Catacombs Diamond",
    "comment": "Requires Holy glasses + flight",
    "locks": [
      "Holy glasses + Soul of Bat",
      "Holy glasses + Gravity Boots + Leap Stone",
      "Holy glasses + Form of Mist + Power of Mist"
    ]
  }, {
    "location": "Sword of Hador",
    "comment": "Requires Holy glasses + flight",
    "locks": [
      "Holy glasses + Soul of Bat",
      "Holy glasses + Gravity Boots + Leap Stone",
      "Holy glasses + Form of Mist + Power of Mist"
    ]
  }, {
    "location": "Alucard mail",
    "comment": "Requires Holy glasses + flight",
    "locks": [
      "Holy glasses + Soul of Bat",
      "Holy glasses + Gravity Boots + Leap Stone",
      "Holy glasses + Form of Mist + Power of Mist"
    ]
  }, {
    "location": "Gram",
    "comment": "Requires Holy glasses + flight",
    "locks": [
      "Holy glasses + Soul of Bat",
      "Holy glasses + Gravity Boots + Leap Stone",
      "Holy glasses + Form of Mist + Power of Mist"
    ]
  }, {
    "location": "Fury plate",
    "comment": "Requires Holy glasses + flight",
    "locks": [
      "Holy glasses + Soul of Bat",
      "Holy glasses + Gravity Boots + Leap Stone",
      "Holy glasses + Form of Mist + Power of Mist"
    ]
  }],

  "writes": [{
    "comment": "Jump to injected code",
    "address": "0x000fa97c",
    "type": "word",
    "value": "0x0c04db00"
  }, {
    "address": "0x00158c98",
    "type": "word",
    "value": "0x34020003",
    "comment": "ori v0, 0x0003"
  }, {
    "comment": "Write to 8003 RAM addresses,",
    "type": "word",
    "value": "0x3c038004",
    "comment": "lui v1, 0x8004"
  }, {
    "type": "word",
    "value": "0x34020001",
    "comment": "ori v0, 0x0001"
  }, {
    "comment": "Open Shortcut: Teleporter - Entrance",
    "type": "word",
    "value": "0xa062BE1E",
    "comment": "sb v0, 0xBE1E (v1)"
  }, {
    "type": "word",
    "value": "0x3402001F",
    "comment": "ori v0, 0x001F"
  }, {
    "comment": "Unlock Normal Teleport Rooms",
    "type": "word",
    "value": "0xa062BEBC",
    "comment": "sb v0, 0xBEBC (v1)"
  }, {
    "comment": "Unlock Reverse Teleport Rooms",
    "type": "word",
    "value": "0xa062BEBD",
    "comment": "sb v0, 0xBEBD (v1)"
  }, {
    "comment": "Return from injected code",
    "type": "word",
    "value": "0x0803924f",
    "comment": "j 0x800e493c"
  }, {
    "type": "word",
    "value": "0x00000000",
    "comment": "nop"
  }, {
    "comment": "Death goes home.",
    "address": "0x4BAEA08",
    "type": "word",
    "value": "0x18000006"
  }, {
    "comment": "Memorial [Properties]",
    "type": "char",
    "address": "0x0B3782",
    "value": "0x07"
  }, {
    "type": "word",
    "address": "0x0F1E08",
    "value": "0x4F4D452D"
  }, {
    "type": "word",
    "value": "0x4C414952"
  }, {
    "type": "word",
    "value": "0x000000FF"
  }, {
    "type": "word",
    "value": "0x00000000"
  }, {
    "type": "word",
    "address": "0x0F1DE8",
    "value": "0x72676E45"
  }, {
    "type": "word",
    "value": "0x64657661"
  }, {
    "type": "word",
    "value": "0x6D656D20"
  }, {
    "type": "word",
    "value": "0x6169726F"
  }, {
    "type": "word",
    "value": "0x6D81206C"
  }, {
    "type": "word",
    "value": "0x81657375"
  }, {
    "type": "word",
    "value": "0x0000006E"
  }, {
    "type": "word",
    "value": "0x00000000"
  }, {
    "comment": "Memorial [Default]",
    "type": "char",
    "address": "0x0AE5CA",
    "value": "0x80"
  }, {
    "type": "char",
    "address": "0x0AE5CC",
    "value": "0xA4"
  }, {
    "type": "word",
    "address": "0x1588B0",
    "value": "0x0000917F"
  }, {
    "type": "word",
    "value": "0x00B80007"
  }, {
    "comment": "Memorial [Save Function]",
    "type": "word",
    "address": "0x120D88",
    "value": "0x0C04DA08"
  }, {
    "type": "word",
    "address": "0x1588B8",
    "value": "0x3C858013"
  }, {
    "type": "word",
    "value": "0x8CA475BC"
  }, {
    "type": "word",
    "value": "0x3C888009"
  }, {
    "type": "word",
    "value": "0x910974A0"
  }, {
    "type": "word",
    "value": "0x90820000"
  }, {
    "type": "word",
    "value": "0x3C068009"
  }, {
    "type": "word",
    "value": "0x000210C0"
  }, {
    "type": "word",
    "value": "0x8CC67928"
  }, {
    "type": "word",
    "value": "0x00000000"
  }, {
    "type": "word",
    "value": "0x00093040"
  }, {
    "type": "word",
    "value": "0x00C93021"
  }, {
    "type": "word",
    "value": "0x00063080"
  }, {
    "type": "word",
    "value": "0x00C93023"
  }, {
    "type": "word",
    "value": "0x00063080"
  }, {
    "type": "word",
    "value": "0x3C01800A"
  }, {
    "type": "word",
    "value": "0x00260821"
  }, {
    "type": "word",
    "value": "0x8C263C40"
  }, {
    "type": "word",
    "value": "0x34030041"
  }, {
    "type": "word",
    "value": "0x11230007"
  }, {
    "type": "word",
    "value": "0x00000000"
  }, {
    "type": "word",
    "value": "0x3C088013"
  }, {
    "type": "word",
    "value": "0xAD066818"
  }, {
    "type": "word",
    "value": "0xA109681C"
  }, {
    "type": "word",
    "value": "0xA102681E"
  }, {
    "type": "word",
    "value": "0x03E00008"
  }, {
    "comment": "Memorial [Use Function]",
    "type": "word",
    "address": "0x12B534",
    "value": "0x0C04DA22"
  }, {
    "type": "word",
    "address": "0x158920",
    "value": "0x3C088013"
  }, {
    "type": "word",
    "value": "0x8D196818"
  }, {
    "type": "word",
    "value": "0x9116681C"
  }, {
    "type": "word",
    "value": "0x9117681E"
  }, {
    "type": "word",
    "value": "0x00000000"
  }, {
    "type": "word",
    "value": "0x3C08800A"
  }, {
    "type": "word",
    "value": "0xAD193C98"
  }, {
    "type": "word",
    "value": "0xA11625EA"
  }, {
    "type": "word",
    "value": "0xA11725E6"
  }, {
    "type": "word",
    "value": "0x3C08800F"
  }, {
    "type": "word",
    "value": "0xA1161724"
  }, {
    "type": "word",
    "value": "0x3AD60020"
  }, {
    "type": "word",
    "value": "0xA11632A4"
  }, {
    "type": "word",
    "value": "0x34040000"
  }, {
    "type": "word",
    "value": "0x0804390B"
  }, {
    "comment": "Memorial [Tilemap Bugfix]",
    "type": "word",
    "address": "0x10AD64",
    "value": "0x0C04DAD2"
  }, {
    "type": "word",
    "value": "0x00000000"
  }, {
    "type": "word",
    "address": "0x158BE0",
    "value": "0x3C028009"
  }, {
    "type": "word",
    "value": "0x8C427C98"
  }, {
    "type": "word",
    "value": "0x00000000"
  }, {
    "type": "word",
    "value": "0x34157C0E"
  }, {
    "type": "word",
    "value": "0x3C08800A"
  }, {
    "type": "word",
    "value": "0xAD153C98"
  }, {
    "type": "word",
    "value": "0x03E00008"
  }, {
    "comment": "Shadow Cloak [Properties]",
    "type": "word",
    "address": "0x0F430C",
    "value": "0x44414833"
  }, {
    "type": "word",
    "value": "0x4300574F"
  }, {
    "type": "word",
    "value": "0x4B414F4C"
  }, {
    "type": "word",
    "value": "0x000000FF"
  }, {
    "type": "word",
    "address": "0x0F42EC",
    "value": "0x6D656E45"
  }, {
    "type": "word",
    "value": "0x20736569"
  }, {
    "type": "word",
    "value": "0x816E6163"
  }, {
    "type": "word",
    "value": "0x73207466"
  }, {
    "type": "word",
    "value": "0x79206565"
  }, {
    "type": "word",
    "value": "0x0000756F"
  }, {
    "type": "word",
    "value": "0x00000000"
  }, {
    "type": "word",
    "value": "0x00000000"
  }, {
    "type": "char",
    "address": "0x0B4A8A",
    "value": "0x0F"
  }, {
    "type": "short",
    "address": "0x0B4A84",
    "value": "0x0060"
  }, {
    "type": "short",
    "address": "0x0B4A7A",
    "value": "0xFFF1"
  }, {
    "comment": "Shadow Cloak [Blend Function]",
    "type": "word",
    "address": "0x127600",
    "value": "0x34030000"
  }, {
    "type": "word",
    "address": "0x12760C",
    "value": "0x34040033"
  }, {
    "type": "word",
    "address": "0x127614",
    "value": "0x34050003"
  }, {
    "type": "word",
    "value": "0x10400002"
  }, {
    "type": "word",
    "value": "0x00000000"
  }, {
    "type": "word",
    "value": "0x34030001"
  }, {
    "type": "word",
    "value": "0x3C018007"
  }, {
    "type": "word",
    "value": "0xA02333F0"
  }, {
    "type": "word",
    "value": "0x0C04DA33"
  }, {
    "type": "word",
    "value": "0x00000000"
  }, {
    "type": "word",
    "value": "0x08042EFE"
  }, {
    "type": "word",
    "value": "0x00000000"
  }, {
    "type": "word",
    "address": "0x158964",
    "value": "0x3C073030"
  }, {
    "type": "word",
    "value": "0x34E73030"
  }, {
    "type": "word",
    "value": "0x34090001"
  }, {
    "type": "word",
    "value": "0x15230003"
  }, {
    "type": "word",
    "value": "0x00000000"
  }, {
    "type": "word",
    "value": "0x3C07FFFF"
  }, {
    "type": "word",
    "value": "0x34E7FFFF"
  }, {
    "type": "word",
    "value": "0x3C08800B"
  }, {
    "type": "word",
    "value": "0xAD07CF3C"
  }, {
    "type": "word",
    "value": "0xAD07CF40"
  }, {
    "type": "word",
    "value": "0xAD07CF44"
  }, {
    "type": "word",
    "value": "0xAD07CF48"
  }, {
    "type": "word",
    "value": "0x03E00008"
  }, {
    "comment": "Mannequin [Properties]",
    "type": "word",
    "address": "0x0F3BC0",
    "value": "0x4E4E412D"
  }, {
    "type": "word",
    "value": "0x49555145"
  }, {
    "type": "word",
    "value": "0x0000FF4E"
  }, {
    "type": "word",
    "value": "0x00000000"
  }, {
    "type": "word",
    "address": "0x0F3BA4",
    "value": "0x75206E41"
  }, {
    "type": "word",
    "value": "0x6E61636E"
  }, {
    "type": "word",
    "value": "0x6420796E"
  }, {
    "type": "word",
    "value": "0x206C6C6F"
  }, {
    "type": "word",
    "value": "0x73756D81"
  }, {
    "type": "word",
    "value": "0x006E8165"
  }, {
    "type": "word",
    "value": "0x00000000"
  }, {
    "type": "char",
    "address": "0x0B113C",
    "value": "0x8D"
  }, {
    "type": "char",
    "address": "0x0B113E",
    "value": "0x0F"
  }, {
    "comment": "Mannequin [Item Function - Right]",
    "type": "word",
    "address": "0x03B90F78",
    "value": "0x86020002"
  }, {
    "type": "word",
    "value": "0x86030006"
  }, {
    "type": "word",
    "value": "0x00000000"
  }, {
    "type": "word",
    "value": "0x2463FFF0"
  }, {
    "type": "word",
    "value": "0x3C088007"
  }, {
    "type": "word",
    "value": "0xA50233DA"
  }, {
    "type": "word",
    "value": "0xA50333DE"
  }, {
    "type": "word",
    "value": "0x00000000"
  }, {
    "type": "word",
    "value": "0x0C043561"
  }, {
    "type": "word",
    "value": "0x34040002"
  }, {
    "type": "word",
    "value": "0x0C04D1FE"
  }, {
    "type": "word",
    "value": "0x34040632"
  }, {
    "type": "word",
    "value": "0x0C05EA1D"
  }, {
    "type": "word",
    "value": "0x02002021"
  }, {
    "type": "word",
    "value": "0x8FBF001C"
  }, {
    "type": "word",
    "value": "0x8FB00018"
  }, {
    "type": "word",
    "value": "0x27BD0020"
  }, {
    "type": "word",
    "value": "0x03E00008"
  }, {
    "type": "word",
    "value": "0x00000000"
  }, {
    "comment": "Mannequin [Item Function - Left]",
    "type": "word",
    "address": "0x03D6B458",
    "value": "0x86020002"
  }, {
    "type": "word",
    "value": "0x86030006"
  }, {
    "type": "word",
    "value": "0x00000000"
  }, {
    "type": "word",
    "value": "0x2463FFF0"
  }, {
    "type": "word",
    "value": "0x3C088007"
  }, {
    "type": "word",
    "value": "0xA50233DA"
  }, {
    "type": "word",
    "value": "0xA50333DE"
  }, {
    "type": "word",
    "value": "0x00000000"
  }, {
    "type": "word",
    "value": "0x0C043561"
  }, {
    "type": "word",
    "value": "0x34040002"
  }, {
    "type": "word",
    "value": "0x0C04D1FE"
  }, {
    "type": "word",
    "value": "0x34040632"
  }, {
    "type": "word",
    "value": "0x0C05EA1D"
  }, {
    "type": "word",
    "value": "0x02002021"
  }, {
    "type": "word",
    "value": "0x8FBF001C"
  }, {
    "type": "word",
    "value": "0x8FB00018"
  }, {
    "type": "word",
    "value": "0x27BD0020"
  }, {
    "type": "word",
    "value": "0x03E00008"
  }, {
    "type": "word",
    "value": "0x00000000"
  }, {
    "comment": "Respawner [Properties]",
    "type": "word",
    "address": "0x0F3CA0",
    "value": "0x50534532"
  }, {
    "type": "word",
    "value": "0x454E5741"
  }, {
    "type": "word",
    "value": "0x0000FF52"
  }, {
    "type": "word",
    "value": "0x00000000"
  }, {
    "type": "word",
    "address": "0x0F3C84",
    "value": "0x6B636950"
  }, {
    "type": "word",
    "value": "0x65746920"
  }, {
    "type": "word",
    "value": "0x6D20736D"
  }, {
    "type": "word",
    "value": "0x20796E61"
  }, {
    "type": "word",
    "value": "0x656D6974"
  }, {
    "type": "word",
    "value": "0x00000073"
  }, {
    "type": "word",
    "value": "0x00000000"
  }, {
    "type": "char",
    "address": "0x0B5018",
    "value": "0xFA"
  }, {
    "type": "char",
    "address": "0x0B501A",
    "value": "0x92"
  }, {
    "type": "short",
    "address": "0x0B500A",
    "value": "0xFFF0"
  }, {
    "type": "char",
    "address": "0x0B500E",
    "value": "0xF0"
  }, {
    "type": "char",
    "address": "0x0B500C",
    "value": "0x00"
  }, {
    "type": "word",
    "address": "0x0EDECC",
    "value": "0xEFFF0000"
  }, {
    "type": "word",
    "value": "0xCEF7DF7B"
  }, {
    "type": "word",
    "value": "0xA9EFBE73"
  }, {
    "type": "word",
    "value": "0x98A5954A"
  }, {
    "type": "word",
    "value": "0xB8E9984A"
  }, {
    "type": "word",
    "value": "0xEDCCD50C"
  }, {
    "type": "word",
    "value": "0x250AFE70"
  }, {
    "type": "word",
    "value": "0x801F8015"
  }, {
    "comment": "Respawner [Caller]",
    "type": "word",
    "address": "0x127634",
    "value": "0x34040056"
  }, {
    "type": "word",
    "value": "0x0C03F5F0"
  }, {
    "type": "word",
    "value": "0x34050004"
  }, {
    "type": "word",
    "value": "0x10400003"
  }, {
    "type": "word",
    "value": "0x00000000"
  }, {
    "type": "word",
    "value": "0x0C04DA41"
  }, {
    "type": "word",
    "value": "0x00000000"
  }, {
    "type": "word",
    "value": "0x08042EFE"
  }, {
    "type": "word",
    "value": "0x00000000"
  }, {
    "comment": "Respawner [Function]",
    "type": "word",
    "address": "0x15899C",
    "value": "0x00008021"
  }, {
    "type": "word",
    "value": "0x3C128004"
  }, {
    "type": "word",
    "value": "0x2652BEE0"
  }, {
    "type": "word",
    "value": "0xA2400000"
  }, {
    "type": "word",
    "value": "0x26520001"
  }, {
    "type": "word",
    "value": "0x26100001"
  }, {
    "type": "word",
    "value": "0x2A02008F"
  }, {
    "type": "word",
    "value": "0x1440FFFB"
  }, {
    "type": "word",
    "value": "0x00000000"
  }, {
    "type": "word",
    "value": "0x03E00008"
  }, {
    "comment": "Backstabber [Properties]",
    "type": "word",
    "address": "0x0F38A4",
    "value": "0x4B434122"
  }, {
    "type": "word",
    "value": "0x42415453"
  }, {
    "type": "word",
    "value": "0xFF524542"
  }, {
    "type": "word",
    "value": "0x00000000"
  }, {
    "type": "word",
    "address": "0x0B14F0",
    "value": "0x800DE960"
  }, {
    "type": "word",
    "address": "0x0F38F8",
    "value": "0x61657247"
  }, {
    "type": "word",
    "value": "0x20726574"
  }, {
    "type": "word",
    "value": "0x616D6164"
  }, {
    "type": "word",
    "value": "0x66206567"
  }, {
    "type": "word",
    "value": "0x206D6F72"
  }, {
    "type": "word",
    "value": "0x69686562"
  }, {
    "type": "word",
    "value": "0x0000646E"
  }, {
    "type": "word",
    "value": "0x00000000"
  }, {
    "type": "char",
    "address": "0x0B151A",
    "value": "0xF2"
  }, {
    "type": "char",
    "address": "0x0B1504",
    "value": "0x00"
  }, {
    "comment": "Backstabber [Caller]",
    "type": "word",
    "address": "0x118E80",
    "value": "0x10400002"
  }, {
    "type": "word",
    "address": "0x118E88",
    "value": "0x0C04DA4C"
  }, {
    "type": "word",
    "address": "0x118E90",
    "value": "0x34040014"
  }, {
    "type": "word",
    "value": "0x0C03F5F0"
  }, {
    "type": "word",
    "value": "0x34050000"
  }, {
    "type": "word",
    "value": "0x10400003"
  }, {
    "type": "word",
    "value": "0x00000000"
  }, {
    "type": "word",
    "value": "0x0C04DA56"
  }, {
    "comment": "Dragon Helm rewrite",
    "type": "word",
    "address": "0x1589C8",
    "value": "0x9682000A"
  }, {
    "type": "word",
    "value": "0x00000000"
  }, {
    "type": "word",
    "value": "0x00021400"
  }, {
    "type": "word",
    "value": "0x00021C03"
  }, {
    "type": "word",
    "value": "0x000217C2"
  }, {
    "type": "word",
    "value": "0x00621821"
  }, {
    "type": "word",
    "value": "0x00031843"
  }, {
    "type": "word",
    "value": "0xA683000A"
  }, {
    "type": "word",
    "value": "0x03E00008"
  }, {
    "comment": "Backstabber [Damage Function]",
    "type": "word",
    "address": "0x1589F0",
    "value": "0x3C188007"
  }, {
    "type": "word",
    "value": "0x871133EC"
  }, {
    "type": "word",
    "value": "0x96720014"
  }, {
    "type": "word",
    "value": "0x96190040"
  }, {
    "type": "word",
    "value": "0x00000000"
  }, {
    "type": "word",
    "value": "0x12320003"
  }, {
    "type": "word",
    "value": "0x00000000"
  }, {
    "type": "word",
    "value": "0x27390014"
  }, {
    "type": "word",
    "value": "0xA6190040"
  }, {
    "type": "word",
    "value": "0x03E00008"
  }, {
    "comment": "Flying Armor [Properties]",
    "type": "word",
    "address": "0x0F4ABC",
    "value": "0x49594C26"
  }, {
    "type": "word",
    "value": "0x4100474E"
  }, {
    "type": "word",
    "value": "0x524F4D52"
  }, {
    "type": "word",
    "value": "0x000000FF"
  }, {
    "type": "word",
    "address": "0x0F4AA8",
    "value": "0x72636E49"
  }, {
    "type": "word",
    "value": "0x62696465"
  }, {
    "type": "word",
    "value": "0x6C20796C"
  }, {
    "type": "word",
    "value": "0x74686769"
  }, {
    "type": "word",
    "value": "0x00000000"
  }, {
    "type": "char",
    "address": "0x0B4548",
    "value": "0xC7"
  }, {
    "type": "char",
    "address": "0x0B454A",
    "value": "0xB6"
  }, {
    "type": "word",
    "address": "0x0EE34C",
    "value": "0xD60F0000"
  }, {
    "type": "word",
    "value": "0x010504CA"
  }, {
    "type": "word",
    "value": "0xB9CEC210"
  }, {
    "type": "word",
    "value": "0x0CA7A149"
  }, {
    "type": "word",
    "value": "0xD9080084"
  }, {
    "type": "word",
    "value": "0xCE11D96C"
  }, {
    "type": "word",
    "value": "0x9A358571"
  }, {
    "type": "word",
    "value": "0xC71C06BA"
  }, {
    "comment": "Flying Armor [Caller]",
    "type": "word",
    "address": "0x127650",
    "value": "0x34040009"
  }, {
    "type": "word",
    "value": "0x0C03F5F0"
  }, {
    "type": "word",
    "value": "0x34050002"
  }, {
    "type": "word",
    "value": "0x0C04DA61"
  }, {
    "type": "word",
    "value": "0x00000000"
  }, {
    "type": "word",
    "value": "0x08042EFE"
  }, {
    "type": "word",
    "value": "0x00000000"
  }, {
    "comment": "Flying Armor [Function]",
    "type": "word",
    "address": "0x158A1C",
    "value": "0x3C108011"
  }, {
    "type": "word",
    "value": "0x340700FA"
  }, {
    "type": "word",
    "value": "0x14400002"
  }, {
    "type": "word",
    "value": "0x00000000"
  }, {
    "type": "word",
    "value": "0x340700FB"
  }, {
    "type": "word",
    "value": "0xA207E898"
  }, {
    "type": "word",
    "value": "0xA207E8B8"
  }, {
    "type": "word",
    "value": "0xA207E964"
  }, {
    "type": "word",
    "value": "0x03E00008"
  }, {
    "comment": "Castle Key [Properties]",
    "type": "word",
    "address": "0x0F56A8",
    "value": "0x74736143"
  }, {
    "type": "word",
    "value": "0x4B20656C"
  }, {
    "type": "word",
    "value": "0x00007965"
  }, {
    "type": "word",
    "value": "0x00000000"
  }, {
    "type": "word",
    "address": "0x0F5690",
    "value": "0x6E65704F"
  }, {
    "type": "word",
    "value": "0x61632073"
  }, {
    "type": "word",
    "value": "0x656C7473"
  }, {
    "type": "word",
    "value": "0x20736681"
  }, {
    "type": "word",
    "value": "0x70726177"
  }, {
    "type": "word",
    "value": "0x20000073"
  }, {
    "type": "word",
    "address": "0x0B5770",
    "value": "0x01150049"
  }, {
    "comment": "IsRelicFound Function",
    "type": "word",
    "address": "0x158A44",
    "value": "0x3C018009"
  }, {
    "type": "word",
    "value": "0x00240821"
  }, {
    "type": "word",
    "value": "0x90227964"
  }, {
    "type": "word",
    "value": "0x03E00008"
  }, {
    "comment": "Castle Key [Caller-WRP]",
    "type": "word",
    "address": "0x0588B878",
    "value": "0x0C04DA6B"
  }, {
    "type": "word",
    "value": "0x3404000F"
  }, {
    "type": "word",
    "value": "0x14400003"
  }, {
    "type": "word",
    "value": "0x9663002C"
  }, {
    "type": "word",
    "value": "0x0C04DA70"
  }, {
    "type": "word",
    "value": "0x00000000"
  }, {
    "comment": "Castle Key [Caller-RWRP]",
    "type": "word",
    "address": "0x05A78AA8",
    "value": "0x0C04DA6B"
  }, {
    "type": "word",
    "value": "0x3404000F"
  }, {
    "type": "word",
    "value": "0x14400003"
  }, {
    "type": "word",
    "value": "0x9663002C"
  }, {
    "type": "word",
    "value": "0x0C04DA78"
  }, {
    "type": "word",
    "value": "0x00000000"
  }, {
    "type": "word",
    "value": "0x0C04DACD"
  }, {
    "type": "word",
    "value": "0x00000000"
  }, {
    "type": "word",
    "value": "0x0C06398D"
  }, {
    "type": "word",
    "value": "0x34070004"
  }, {
    "comment": "Castle Key [Bugfix-RWRP]",
    "type": "word",
    "address": "0x158BCC",
    "value": "0x02602021"
  }, {
    "type": "word",
    "value": "0x34050010"
  }, {
    "type": "word",
    "value": "0x34060008"
  }, {
    "type": "word",
    "value": "0x03E00008"
  }, {
    "comment": "Castle Key [Function-WRP]",
    "type": "word",
    "address": "0x158A58",
    "value": "0x3C108004"
  }, {
    "type": "word",
    "value": "0x34113C25"
  }, {
    "type": "word",
    "value": "0x3412381D"
  }, {
    "type": "word",
    "value": "0xA611C104"
  }, {
    "type": "word",
    "value": "0xA612C106"
  }, {
    "type": "word",
    "value": "0xA611C10A"
  }, {
    "type": "word",
    "value": "0x08061FBA"
  }, {
    "comment": "Castle Key [Function-RWRP]",
    "type": "word",
    "address": "0x158A78",
    "value": "0x3C108004"
  }, {
    "type": "word",
    "value": "0x34113C25"
  }, {
    "type": "word",
    "value": "0x3412381D"
  }, {
    "type": "word",
    "value": "0xA611C104"
  }, {
    "type": "word",
    "value": "0xA612C106"
  }, {
    "type": "word",
    "value": "0xA611C10A"
  }, {
    "type": "word",
    "value": "0x0806279A"
  }, {
    "comment": "Guard Stone [Properties]",
    "type": "word",
    "address": "0x0F3CCC",
    "value": "0x52415527"
  }, {
    "type": "word",
    "value": "0x54530044"
  }, {
    "type": "word",
    "value": "0xFF454E4F"
  }, {
    "type": "word",
    "value": "0x00000000"
  }, {
    "type": "word",
    "address": "0x0F3CB0",
    "value": "0x61732041"
  }, {
    "type": "word",
    "value": "0x726F6976"
  }, {
    "type": "word",
    "value": "0x6F726620"
  }, {
    "type": "word",
    "value": "0x6564206D"
  }, {
    "type": "word",
    "value": "0x00687461"
  }, {
    "type": "word",
    "value": "0x00000000"
  }, {
    "type": "word",
    "value": "0x00000000"
  }, {
    "type": "char",
    "address": "0x0B4FFA",
    "value": "0xA8"
  }, {
    "comment": "Guard Stone [Caller-HandleDamage]",
    "type": "word",
    "address": "0x118670",
    "value": "0x34040055"
  }, {
    "type": "word",
    "address": "0x118678",
    "value": "0x34050004"
  }, {
    "type": "word",
    "address": "0x118680",
    "value": "0x10800007"
  }, {
    "type": "word",
    "value": "0x00000000"
  }, {
    "type": "word",
    "value": "0x0C04DA81"
  }, {
    "type": "word",
    "value": "0x00000000"
  }, {
    "type": "word",
    "value": "0x12A00003"
  }, {
    "type": "word",
    "value": "0x00000000"
  }, {
    "type": "word",
    "value": "0x0C04D1FE"
  }, {
    "type": "word",
    "value": "0x3404061C"
  }, {
    "type": "word",
    "value": "0x0803FAD4"
  }, {
    "type": "word",
    "value": "0x00000000"
  }, {
    "comment": "Guard Stone [Function]",
    "type": "word",
    "address": "0x158A9C",
    "value": "0x3C038009"
  }, {
    "type": "word",
    "value": "0x8C637BA0"
  }, {
    "type": "word",
    "value": "0x34150000"
  }, {
    "type": "word",
    "value": "0x0223102A"
  }, {
    "type": "word",
    "value": "0x1440000F"
  }, {
    "type": "word",
    "value": "0x00000000"
  }, {
    "type": "word",
    "value": "0x34110000"
  }, {
    "type": "word",
    "value": "0x34020039"
  }, {
    "type": "word",
    "value": "0x34030055"
  }, {
    "type": "word",
    "value": "0x3C108009"
  }, {
    "type": "word",
    "value": "0x92137C14"
  }, {
    "type": "word",
    "value": "0x92147C18"
  }, {
    "type": "word",
    "value": "0x00000000"
  }, {
    "type": "word",
    "value": "0x14730002"
  }, {
    "type": "word",
    "value": "0x00000000"
  }, {
    "type": "word",
    "value": "0xA2027C14"
  }, {
    "type": "word",
    "value": "0x14740002"
  }, {
    "type": "word",
    "value": "0x00000000"
  }, {
    "type": "word",
    "value": "0xA2027C18"
  }, {
    "type": "word",
    "value": "0x34150001"
  }, {
    "type": "word",
    "value": "0x03E00008"
  }, {
    "comment": "DBDaily Hat [Properties]",
    "type": "word",
    "address": "0x0F45DC",
    "value": "0x41242224"
  }, {
    "type": "word",
    "value": "0x07594C49"
  }, {
    "type": "word",
    "value": "0x41480053"
  }, {
    "type": "word",
    "value": "0x0000FF54"
  }, {
    "type": "word",
    "address": "0x0F45C8",
    "value": "0x20746547"
  }, {
    "type": "word",
    "value": "0x74746562"
  }, {
    "type": "word",
    "value": "0x70207265"
  }, {
    "type": "word",
    "value": "0x65636972"
  }, {
    "type": "word",
    "value": "0x00000073"
  }, {
    "type": "word",
    "address": "0x0EE14C",
    "value": "0xEF0F0000"
  }, {
    "type": "word",
    "value": "0xFE0CEF0B"
  }, {
    "type": "word",
    "value": "0xC905DE07"
  }, {
    "type": "word",
    "value": "0x8CE8A905"
  }, {
    "type": "word",
    "value": "0x9441A483"
  }, {
    "comment": "DBDaily Hat [Caller]",
    "type": "word",
    "address": "0x47DA124",
    "value": "0x0C04DA97"
  }, {
    "type": "word",
    "value": "0x00000000"
  }, {
    "type": "word",
    "value": "0x00000000"
  }, {
    "comment": "DBDaily Hat [Function]",
    "type": "word",
    "address": "0x158AF4",
    "value": "0x00002821"
  }, {
    "type": "word",
    "value": "0x00003021"
  }, {
    "type": "word",
    "value": "0x00003821"
  }, {
    "type": "word",
    "value": "0x34190002"
  }, {
    "type": "word",
    "value": "0x3C188004"
  }, {
    "type": "word",
    "value": "0xA319BDE0"
  }, {
    "type": "word",
    "value": "0x00000000"
  }, {
    "type": "word",
    "value": "0x34190021"
  }, {
    "type": "word",
    "value": "0x3C188009"
  }, {
    "type": "word",
    "value": "0x931A7C08"
  }, {
    "type": "word",
    "value": "0x00000000"
  }, {
    "type": "word",
    "value": "0x1759000F"
  }, {
    "type": "word",
    "value": "0x3C188018"
  }, {
    "type": "word",
    "value": "0x3419012C"
  }, {
    "type": "word",
    "value": "0xA71914DC"
  }, {
    "type": "word",
    "value": "0x34190640"
  }, {
    "type": "word",
    "value": "0xA71914E4"
  }, {
    "type": "word",
    "value": "0x34190BB8"
  }, {
    "type": "word",
    "value": "0xA71914EC"
  }, {
    "type": "word",
    "value": "0x34191770"
  }, {
    "type": "word",
    "value": "0xA71914F4"
  }, {
    "type": "word",
    "value": "0x34192710"
  }, {
    "type": "word",
    "value": "0xA71914FC"
  }, {
    "type": "word",
    "value": "0x34193E80"
  }, {
    "type": "word",
    "value": "0xA7191504"
  }, {
    "type": "word",
    "value": "0x34197530"
  }, {
    "type": "word",
    "value": "0xA719150C"
  }, {
    "type": "word",
    "value": "0x03E00008"
  }, {
    "comment": "Knight helm [Properties]",
    "type": "word",
    "address": "0x0B4890",
    "value": "0x800DF498"
  }, {
    "type": "word",
    "address": "0x0F4560",
    "value": "0x47494E2B"
  }, {
    "type": "word",
    "value": "0x53075448"
  }, {
    "type": "word",
    "value": "0x4C454800"
  }, {
    "type": "word",
    "value": "0x0000FF4D"
  }, {
    "type": "word",
    "value": "0x00000000"
  }, {
    "type": "word",
    "address": "0x0F4548",
    "value": "0x20656854"
  }, {
    "type": "word",
    "value": "0x6D6C6568"
  }, {
    "type": "word",
    "value": "0x6F207465"
  }, {
    "type": "word",
    "value": "0x20612066"
  }, {
    "type": "word",
    "value": "0x67696E6B"
  }, {
    "type": "word",
    "value": "0x00007468"
  }, {
    "type": "word",
    "address": "0x0B48A8",
    "value": "0x00B500B5"
  }, {
    "type": "short",
    "address": "0x0B4898",
    "value": "0x0005"
  }, {
    "type": "short",
    "address": "0x0B489A",
    "value": "0x0005"
  }, {
    "type": "char",
    "address": "0x0B489C",
    "value": "0x05"
  }, {
    "type": "char",
    "address": "0x0B489E",
    "value": "0x00"
  }, {
    "comment": "Justaucorps [Properties]",
    "type": "word",
    "address": "0x0F4B48",
    "value": "0x5453552A"
  }, {
    "type": "word",
    "value": "0x4F435541"
  }, {
    "type": "word",
    "value": "0xFF535052"
  }, {
    "type": "word",
    "value": "0x00000000"
  }, {
    "type": "word",
    "address": "0x0F4B38",
    "value": "0x7578754C"
  }, {
    "type": "word",
    "value": "0x756F6972"
  }, {
    "type": "word",
    "value": "0x75732073"
  }, {
    "type": "word",
    "value": "0x00007469"
  }, {
    "type": "word",
    "address": "0x0B4398",
    "value": "0x00B400CF"
  }, {
    "type": "char",
    "address": "0x0B438C",
    "value": "0x02"
  }, {
    "type": "char",
    "address": "0x0B438D",
    "value": "0x02"
  }, {
    "comment": "Death's Robe [Properties]",
    "type": "word",
    "address": "0x0B4710",
    "value": "0x800DF634"
  }, {
    "type": "word",
    "address": "0x0F46FC",
    "value": "0x54414524"
  }, {
    "type": "word",
    "value": "0x00530748"
  }, {
    "type": "word",
    "value": "0x45424F52"
  }, {
    "type": "word",
    "value": "0x000000FF"
  }, {
    "type": "word",
    "address": "0x0F46E8",
    "value": "0x65636E4F"
  }, {
    "type": "word",
    "value": "0x726F7720"
  }, {
    "type": "word",
    "value": "0x7962206E"
  }, {
    "type": "word",
    "value": "0x61654420"
  }, {
    "type": "word",
    "value": "0x00006874"
  }, {
    "type": "char",
    "address": "0x0B472A",
    "value": "0xDF"
  }, {
    "type": "short",
    "address": "0x0B471A",
    "value": "0x0003"
  }, {
    "type": "char",
    "address": "0x0B471D",
    "value": "0x03"
  }, {
    "type": "short",
    "address": "0x0B4724",
    "value": "0x0840"
  }, {
    "comment": "Demon Mail [Properties]",
    "type": "word",
    "address": "0x0F4860",
    "value": "0x4F4D4524"
  }, {
    "type": "word",
    "value": "0x414D004E"
  }, {
    "type": "word",
    "value": "0x00FF4C49"
  }, {
    "type": "word",
    "address": "0x0F4844",
    "value": "0x6F736241"
  }, {
    "type": "word",
    "value": "0x20736272"
  }, {
    "type": "word",
    "value": "0x6B726164"
  }, {
    "type": "word",
    "value": "0x7373656E"
  }, {
    "type": "word",
    "value": "0x00000000"
  }, {
    "type": "word",
    "value": "0x00000000"
  }, {
    "type": "word",
    "value": "0x00000000"
  }, {
    "type": "char",
    "address": "0x0B462A",
    "value": "0x76"
  }, {
    "type": "char",
    "address": "0x0B461C",
    "value": "0x02"
  }, {
    "type": "short",
    "address": "0x0B4626",
    "value": "0x0800"
  }, {
    "type": "short",
    "address": "0x0B4624",
    "value": "0x0000"
  }, {
    "comment": "Cutall [Properties]",
    "type": "word",
    "address": "0x0F2BDC",
    "value": "0x41545523"
  }, {
    "type": "word",
    "value": "0x00FF4C4C"
  }, {
    "type": "word",
    "value": "0x00000000"
  }, {
    "type": "word",
    "address": "0x0F2BC0",
    "value": "0x726F6853"
  }, {
    "type": "word",
    "value": "0x77732074"
  }, {
    "type": "word",
    "value": "0x2064726F"
  }, {
    "type": "word",
    "value": "0x20726F66"
  }, {
    "type": "word",
    "value": "0x62617473"
  }, {
    "type": "word",
    "value": "0x676E6962"
  }, {
    "type": "word",
    "value": "0x00000000"
  }, {
    "type": "word",
    "address": "0x0B2548",
    "value": "0x00560076"
  }, {
    "type": "short",
    "address": "0x0B2524",
    "value": "0x000C"
  }, {
    "type": "char",
    "address": "0x0B2531",
    "value": "0x0A"
  }, {
    "comment": "Hrunting [Properties]",
    "type": "word",
    "address": "0x0F2780",
    "value": "0x4E555228"
  }, {
    "type": "word",
    "value": "0x474E4954"
  }, {
    "type": "word",
    "value": "0x000000FF"
  }, {
    "type": "word",
    "value": "0x00000000"
  }, {
    "type": "word",
    "address": "0x0F2760",
    "value": "0x726F7753"
  }, {
    "type": "word",
    "value": "0x68742064"
  }, {
    "type": "word",
    "value": "0x73207461"
  }, {
    "type": "word",
    "value": "0x65726365"
  }, {
    "type": "word",
    "value": "0x20736574"
  }, {
    "type": "word",
    "value": "0x73696F70"
  }, {
    "type": "word",
    "value": "0x00006E6F"
  }, {
    "type": "word",
    "value": "0x00000000"
  }, {
    "type": "char",
    "address": "0x0B2C2A",
    "value": "0x72"
  }, {
    "type": "short",
    "address": "0x0B2C04",
    "value": "0x001E"
  }, {
    "type": "short",
    "address": "0x0B2C06",
    "value": "0x0000"
  }, {
    "type": "char",
    "address": "0x0B2C0C",
    "value": "0x03"
  }, {
    "comment": "Milician Sword [Properties]",
    "type": "word",
    "address": "0x0F27E4",
    "value": "0x494C492D"
  }, {
    "type": "word",
    "value": "0x4E414943"
  }, {
    "type": "word",
    "value": "0x4F575300"
  }, {
    "type": "word",
    "value": "0x00FF4452"
  }, {
    "type": "char",
    "address": "0x0B2BC2",
    "value": "0xBC"
  }, {
    "type": "short",
    "address": "0x0B2B9C",
    "value": "0x0014"
  }, {
    "type": "short",
    "address": "0x0B2BBA",
    "value": "0x00C0"
  }, {
    "comment": "Mystletain [Properties]",
    "type": "word",
    "address": "0x0F27B4",
    "value": "0x5453592D"
  }, {
    "type": "word",
    "value": "0x4154454C"
  }, {
    "type": "word",
    "value": "0x00FF4E49"
  }, {
    "type": "word",
    "address": "0x0F2790",
    "value": "0x726F7753"
  }, {
    "type": "word",
    "value": "0x61632064"
  }, {
    "type": "word",
    "value": "0x64657672"
  }, {
    "type": "word",
    "value": "0x6F726620"
  }, {
    "type": "word",
    "value": "0x2061206D"
  }, {
    "type": "word",
    "value": "0x72636173"
  }, {
    "type": "word",
    "value": "0x74206465"
  }, {
    "type": "word",
    "value": "0x00656572"
  }, {
    "type": "word",
    "value": "0x00000000"
  }, {
    "type": "word",
    "address": "0x0B2BF4",
    "value": "0x00B6005D"
  }, {
    "type": "short",
    "address": "0x0B2BD0",
    "value": "0x0020"
  }, {
    "type": "short",
    "address": "0x0B2BD2",
    "value": "0xFFFF"
  }, {
    "type": "char",
    "address": "0x0B2BD8",
    "value": "0x04"
  }, {
    "comment": "Burtgang [Properties]",
    "type": "word",
    "address": "0x0F2734",
    "value": "0x54525522"
  }, {
    "type": "word",
    "value": "0x474E4147"
  }, {
    "type": "word",
    "value": "0x000000FF"
  }, {
    "type": "word",
    "address": "0x0B2C68",
    "value": "0x800DD874"
  }, {
    "type": "word",
    "address": "0x0F25AC",
    "value": "0x7473794D"
  }, {
    "type": "word",
    "value": "0x73206369"
  }, {
    "type": "word",
    "value": "0x64726F77"
  }, {
    "type": "word",
    "value": "0x20666F20"
  }, {
    "type": "word",
    "value": "0x746F7270"
  }, {
    "type": "word",
    "value": "0x69746365"
  }, {
    "type": "word",
    "value": "0x00006E6F"
  }, {
    "type": "word",
    "address": "0x0B2C90",
    "value": "0x00630058"
  }, {
    "type": "short",
    "address": "0x0B2C6C",
    "value": "0x0032"
  }, {
    "type": "short",
    "address": "0x0B2C6E",
    "value": "0x0005"
  }, {
    "comment": "Rahab [Properties]",
    "type": "word",
    "address": "0x0F2808",
    "value": "0x41484132"
  }, {
    "type": "word",
    "value": "0x0000FF42"
  }, {
    "type": "word",
    "value": "0x00000000"
  }, {
    "type": "char",
    "address": "0x0B2B8E",
    "value": "0xA6"
  }, {
    "type": "short",
    "address": "0x0B2B68",
    "value": "0x002D"
  }, {
    "comment": "Vjaya [Properties]",
    "type": "word",
    "address": "0x0F2830",
    "value": "0x59414A36"
  }, {
    "type": "word",
    "value": "0x0000FF41"
  }, {
    "type": "word",
    "value": "0x00000000"
  }, {
    "type": "word",
    "value": "0x00000000"
  }, {
    "type": "char",
    "address": "0x0B2B5A",
    "value": "0xE0"
  }, {
    "type": "char",
    "address": "0x0B2B3C",
    "value": "0x04"
  }, {
    "type": "short",
    "address": "0x0B2B34",
    "value": "0x002D"
  }, {
    "type": "word",
    "address": "0x0EE9CC",
    "value": "0x01718484"
  }, {
    "type": "word",
    "value": "0x02760174"
  }, {
    "type": "word",
    "value": "0x0184C3BF"
  }, {
    "type": "word",
    "value": "0x02602580"
  }, {
    "type": "short",
    "address": "0x0B29C8",
    "value": "0x001E"
  }, {
    "comment": "Laevatain [Properties]",
    "type": "word",
    "address": "0x0F2858",
    "value": "0x5645412C"
  }, {
    "type": "word",
    "value": "0x49415441"
  }, {
    "type": "word",
    "value": "0x0000FF4E"
  }, {
    "type": "char",
    "address": "0x0B2B26",
    "value": "0xE1"
  }, {
    "type": "word",
    "address": "0x0EE9DC",
    "value": "0xEFFF0000"
  }, {
    "type": "word",
    "value": "0xCEF7DF7B"
  }, {
    "type": "word",
    "value": "0xB935BE73"
  }, {
    "type": "word",
    "value": "0xACC8910A"
  }, {
    "type": "word",
    "value": "0x8D1F8C63"
  }, {
    "type": "word",
    "value": "0x921F819F"
  }, {
    "type": "word",
    "value": "0xAF5F969F"
  }, {
    "type": "word",
    "value": "0xFBFFD7DF"
  }, {
    "type": "short",
    "address": "0x0B2B00",
    "value": "0x002D"
  }, {
    "comment": "Kaladbolg [Properties]",
    "type": "word",
    "address": "0x0F2884",
    "value": "0x414C412B"
  }, {
    "type": "word",
    "value": "0x4C4F4244"
  }, {
    "type": "word",
    "value": "0x0000FF47"
  }, {
    "type": "word",
    "address": "0x0B2AF0",
    "value": "0x001A007A"
  }, {
    "type": "short",
    "address": "0x0B2ACC",
    "value": "0x0023"
  }, {
    "type": "char",
    "address": "0x0B2AD4",
    "value": "0x02"
  }, {
    "comment": "Ascalon [Properties]",
    "type": "word",
    "address": "0x0F2620",
    "value": "0x41435321"
  }, {
    "type": "word",
    "value": "0xFF4E4F4C"
  }, {
    "type": "word",
    "value": "0x00000000"
  }, {
    "type": "word",
    "address": "0x0F2600",
    "value": "0x67726F46"
  }, {
    "type": "word",
    "value": "0x74206465"
  }, {
    "type": "word",
    "value": "0x6C73206F"
  }, {
    "type": "word",
    "value": "0x64207961"
  }, {
    "type": "word",
    "value": "0x6F676172"
  }, {
    "type": "word",
    "value": "0x0000736E"
  }, {
    "type": "word",
    "value": "0x00000000"
  }, {
    "type": "word",
    "value": "0x00000000"
  }, {
    "type": "word",
    "address": "0x0B2DFC",
    "value": "0x004E007F"
  }, {
    "type": "short",
    "address": "0x0B2DD8",
    "value": "0x0026"
  }, {
    "type": "char",
    "address": "0x0B2DC0",
    "value": "0x04"
  }, {
    "comment": "Ascalon [Caller]",
    "type": "word",
    "address": "0x118EA8",
    "value": "0x00000000"
  }, {
    "type": "word",
    "value": "0x3404007D"
  }, {
    "type": "word",
    "value": "0x0C03F5F0"
  }, {
    "type": "word",
    "value": "0x34050000"
  }, {
    "type": "word",
    "value": "0x0C04DAB4"
  }, {
    "type": "word",
    "value": "0x00000000"
  }, {
    "comment": "Ascalon [Element Function]",
    "type": "word",
    "address": "0x158B68",
    "value": "0x96060042"
  }, {
    "type": "word",
    "value": "0x96130040"
  }, {
    "type": "word",
    "value": "0x10400003"
  }, {
    "type": "word",
    "value": "0x00000000"
  }, {
    "type": "word",
    "value": "0x9686000E"
  }, {
    "type": "word",
    "value": "0x00000000"
  }, {
    "type": "word",
    "value": "0x14C00002"
  }, {
    "type": "word",
    "value": "0x3405007F"
  }, {
    "type": "word",
    "value": "0x34060020"
  }, {
    "type": "word",
    "value": "0x30C2FF80"
  }, {
    "type": "word",
    "value": "0x03E00008"
  }, {
    "comment": "Dainslef [Properties]",
    "type": "word",
    "address": "0x0F28FC",
    "value": "0x4E494124"
  }, {
    "type": "word",
    "value": "0x46454C53"
  }, {
    "type": "word",
    "value": "0x000000FF"
  }, {
    "type": "word",
    "value": "0x00000000"
  }, {
    "type": "word",
    "address": "0x0F28E0",
    "value": "0x69746C55"
  }, {
    "type": "word",
    "value": "0x6574616D"
  }, {
    "type": "word",
    "value": "0x67616D20"
  }, {
    "type": "word",
    "value": "0x6C616369"
  }, {
    "type": "word",
    "value": "0x6F777320"
  }, {
    "type": "word",
    "value": "0x00006472"
  }, {
    "type": "word",
    "value": "0x00000000"
  }, {
    "type": "word",
    "address": "0x0B2A54",
    "value": "0x00E20067"
  }, {
    "type": "word",
    "address": "0x0EE9FC",
    "value": "0x84810000"
  }, {
    "type": "word",
    "value": "0x952F84CA"
  }, {
    "type": "word",
    "value": "0x9218A173"
  }, {
    "type": "word",
    "value": "0xA0A49EDF"
  }, {
    "type": "word",
    "value": "0xF10B310A"
  }, {
    "type": "word",
    "value": "0x1905B907"
  }, {
    "type": "word",
    "value": "0xDA4FC5A7"
  }, {
    "type": "word",
    "value": "0xEF99DF37"
  }, {
    "type": "short",
    "address": "0x0B2A30",
    "value": "0x0034"
  }, {
    "type": "short",
    "address": "0x0B2A34",
    "value": "0x1840"
  }, {
    "comment": "Dainslef [Caller]",
    "type": "word",
    "address": "0x03BE9B80",
    "value": "0x0C04DAC0"
  }, {
    "type": "word",
    "address": "0x03BE9E20",
    "value": "0x0C04DAC0"
  }, {
    "comment": "Dainslef [Effect Function]",
    "type": "word",
    "address": "0x158B98",
    "value": "0x3C148009"
  }, {
    "type": "word",
    "value": "0x92957C00"
  }, {
    "type": "word",
    "value": "0x3416006B"
  }, {
    "type": "word",
    "value": "0x34170110"
  }, {
    "type": "word",
    "value": "0x16B60002"
  }, {
    "type": "word",
    "value": "0x00000000"
  }, {
    "type": "word",
    "value": "0x3417015D"
  }, {
    "type": "word",
    "value": "0x3C188018"
  }, {
    "type": "word",
    "value": "0xA717B5D8"
  }, {
    "type": "word",
    "value": "0xA717B858"
  }, {
    "type": "word",
    "value": "0x03E00008"
  }, {
    "comment": "Claimh Solais [Properties]",
    "type": "word",
    "address": "0x0F2994",
    "value": "0x49414C23"
  }, {
    "type": "word",
    "value": "0x3300484D"
  }, {
    "type": "word",
    "value": "0x49414C4F"
  }, {
    "type": "word",
    "value": "0x0000FF53"
  }, {
    "type": "word",
    "address": "0x0F2978",
    "value": "0x726F7753"
  }, {
    "type": "word",
    "value": "0x69772064"
  }, {
    "type": "word",
    "value": "0x61206874"
  }, {
    "type": "word",
    "value": "0x61707320"
  }, {
    "type": "word",
    "value": "0x696C6B72"
  }, {
    "type": "word",
    "value": "0x6120676E"
  }, {
    "type": "word",
    "value": "0x00617275"
  }, {
    "type": "word",
    "address": "0x0B2984",
    "value": "0x00620011"
  }, {
    "type": "short",
    "address": "0x0B2830",
    "value": "0x003B"
  }, {
    "type": "short",
    "address": "0x0B2834",
    "value": "0x1040"
  }, {
    "comment": "Balmung [Properties]",
    "type": "word",
    "address": "0x0F25C8",
    "value": "0x4D4C4122"
  }, {
    "type": "word",
    "value": "0xFF474E55"
  }, {
    "type": "word",
    "value": "0x00000000"
  }, {
    "type": "word",
    "value": "0x00000000"
  }, {
    "type": "word",
    "address": "0x0B2E3C",
    "value": "0x800DD8C8"
  }, {
    "type": "word",
    "address": "0x0B2E64",
    "value": "0x0056006E"
  }, {
    "type": "short",
    "address": "0x0B2E44",
    "value": "random"
  }]
}
