{
  "metadata": {
    "id": "big-toss",
    "name": "Big Toss",
    "description": "Bat and fast Wolf are removed, and any amount of damage causes a Big Toss.",
    "author": "Wecoc, eldri7ch, Mottzilla",
    "weight": -700
  },

  "stats": false,

  "complexityGoal": {
    "min": 5,
    "goals": [
      "Holy glasses + Heart of Vlad + Tooth of Vlad + Rib of Vlad + Ring of Vlad + Eye of Vlad"
    ]
  },

  "prologueRewards": [{
    "item": "Neutron bomb",
    "replacement": "High potion"
  }, {
    "item": "Heart Refresh",
    "replacement": "Antivenom"
  }],

  "startingEquipment": [{
    "slot": "Other",
    "item": "Duplicator"
  }],

  "replaceRelic": [{
    "relic": "Soul of Bat",
    "item": "Manna prism"
  }, {
    "relic": "Fire of Bat",
    "item": "Elixir"
  }, {
    "relic": "Echo of Bat",
    "item": "Toadstool"
  }, {
    "relic": "Force of Echo",
    "item": "God's Garb"
  }, {
    "relic": "Power of Wolf",
    "item": "Library card"
  }, {
    "relic": "Skill of Wolf",
    "item": "Toadstool"
  }],

  "alias": [{
    "comment": "Alias Skill of Wolf as Toadstool (Tstool)",
    "relic": "Skill of Wolf",
    "alias": "Tstool"
  }],

  "lockLocation": [{
    "location": "Soul of Bat",
    "comment": "Requires Mist + at least Leap Stone",
    "locks": [
      "Form of Mist"
    ]
  }, {
    "location": "Fire of Bat",
    "comment": "Requires flight",
    "locks": [
      "Gravity Boots + Leap Stone",
      "Form of Mist + Power of Mist",
      "Leap Stone + Tstool"
    ]
  }, {
    "location": "Echo of Bat",
    "comment": "Requires flight",
    "locks": [
      "Gravity Boots + Leap Stone + Form of Mist",
      "Gravity Boots + Leap Stone + Soul of Wolf",
      "Form of Mist + Power of Mist"
    ]
  }, {
    "location": "Force of Echo",
    "comment": "In second castle",
    "locks": [
      "Holy glasses + Gravity Boots + Leap Stone",
      "Holy glasses + Form of Mist + Power of Mist"
    ]
  }, {
    "location": "Power of Wolf",
    "comment": "Requires flight",
    "locks": [
      "Gravity Boots + Leap Stone",
      "Form of Mist + Power of Mist"
    ]
  }, {
    "location": "Skill of Wolf",
    "comment": "Requires flight",
    "locks": [
      "Gravity Boots",
      "Form of Mist + Power of Mist"
    ]
  }, {
    "location": "Form of Mist",
    "comment": "Requires at least Leap Stone",
    "locks": [
      "Leap Stone",
      "Gravity Boots",
      "Form of Mist + Power of Mist"
    ]
  }, {
    "location": "Power of Mist",
    "comment": "Requires flight",
    "locks": [
      "Gravity Boots + Leap Stone",
      "Form of Mist + Power of Mist"
    ]
  }, {
    "location": "Gas Cloud",
    "comment": "In second castle",
    "locks": [
      "Holy glasses + Gravity Boots + Leap Stone",
      "Holy glasses + Form of Mist + Power of Mist"
    ]
  }, {
    "location": "Gravity Boots",
    "comment": "Requires flight",
    "locks": [
      "Gravity Boots + Leap Stone",
      "Form of Mist + Power of Mist"
    ]
  }, {
    "location": "Leap Stone",
    "comment": "Requires Jewel of Open or at least Leap Stone",
    "locks": [
      "Jewel of Open",
      "Leap Stone",
      "Gravity Boots",
      "Form of Mist + Power of Mist"
    ]
  }, {
    "location": "Holy Symbol",
    "locks": [
      "Jewel of Open + Merman Statue"
    ]
  }, {
    "location": "Merman Statue",
    "comment": "Requires Jewel of Open",
    "locks": [
      "Jewel of Open"
    ]
  }, {
    "location": "Bat Card",
    "comment": "Requires flight",
    "locks": [
      "Tstool",
      "Gravity Boots",
      "Form of Mist + Power of Mist"
    ]
  }, {
    "location": "Ghost Card",
    "comment": "Requires flight",
    "locks": [
      "Gravity Boots + Leap Stone",
      "Form of Mist + Power of Mist"
    ]
  }, {
    "location": "Faerie Card",
    "comment": "Requires flight",
    "locks": [
    ]
  }, {
    "location": "Demon Card",
    "comment": "Requires Jewel of Open + at least Leap Stone",
    "locks": [
      "Jewel of Open + Tstool",
      "Jewel of Open + Leap Stone",
      "Jewel of Open + Gravity Boots",
      "Jewel of Open + Form of Mist + Power of Mist"
    ],
    "comment": "Access must also give at least Leap Stone",
    "escapeRequires": [
      "Leap Stone",
      "Gravity Boots",
      "Form of Mist + Power of Mist"
    ]
  }, {
    "location": "Sword Card",
    "comment": "Requires flight",
    "locks": [
      "Gravity Boots + Leap Stone",
      "Form of Mist + Power of Mist"
    ]
  }, {
    "location": "Heart of Vlad",
    "comment": "In second castle",
    "locks": [
      "Holy glasses + Gravity Boots + Leap Stone",
      "Holy glasses + Form of Mist + Power of Mist"
    ]
  }, {
    "location": "Tooth of Vlad",
    "comment": "In second castle",
    "locks": [
      "Holy glasses + Gravity Boots + Leap Stone",
      "Holy glasses + Form of Mist + Power of Mist"
    ]
  }, {
    "location": "Rib of Vlad",
    "comment": "In second castle",
    "locks": [
      "Holy glasses + Gravity Boots + Leap Stone + Form of Mist",
      "Holy glasses + Form of Mist + Power of Mist"
    ]
  }, {
    "location": "Ring of Vlad",
    "comment": "In second castle",
    "locks": [
      "Holy glasses + Gravity Boots + Leap Stone",
      "Holy glasses + Form of Mist + Power of Mist"
    ]
  }, {
    "location": "Eye of Vlad",
    "comment": "In second castle",
    "locks": [
      "Holy glasses + Gravity Boots + Leap Stone",
      "Holy glasses + Form of Mist + Power of Mist"
    ]
  }, {
    "location": "Spike Breaker",
    "comment": "Now it requires Form of Mist and Power of Mist",
    "locks": [
      "Jewel of Open + Form of Mist + Power of Mist"
    ]
  }, {
    "location": "Gold ring",
    "comment": "Requires Jewel of Open + flight",
    "locks": [
      "Jewel of Open + Tstool",
      "Jewel of Open + Gravity Boots + Leap Stone",
      "Jewel of Open + Form of Mist + Power of Mist"
    ]
  }, {
    "location": "Silver ring",
    "locks": [
      "Jewel of Open + Spike Breaker + Form of Mist"
    ]
  }, {
    "location": "Holy glasses",
    "locks": [
      "Silver ring + Gold ring"
    ],
    "comment": "Access must also give flight",
    "escapeRequires": [
      "Gravity Boots + Leap Stone",
      "Form of Mist + Power of Mist"
    ]
  }, {
    "location": "Crystal cloak",
    "locks": [
      "Jewel of Open"
    ]
  }, {
    "location": "Mormegil",
    "comment": "Requires Jewel of Open + at least Leap Stone",
    "locks": [
      "Jewel of Open + Tstool",
      "Jewel of Open + Leap Stone",
      "Jewel of Open + Form of Mist + Power of Mist"
    ],
    "comment": "Access must also give at least Leap Stone",
    "escapeRequires": [
      "Leap Stone",
      "Gravity Boots",
      "Form of Mist + Power of Mist"
    ]
  }, {
    "location": "Dark Blade",
    "comment": "In second castle",
    "locks": [
      "Holy glasses + Gravity Boots + Leap Stone",
      "Holy glasses + Form of Mist + Power of Mist"
    ]
  }, {
    "location": "Ring of Arcana",
    "comment": "In second castle",
    "locks": [
      "Holy glasses + Gravity Boots + Leap Stone",
      "Holy glasses + Form of Mist + Power of Mist"
    ]
  }, {
    "location": "Trio",
    "comment": "In second castle",
    "locks": [
      "Holy glasses + Gravity Boots + Leap Stone",
      "Holy glasses + Form of Mist + Power of Mist"
    ]
  }, {
    "location": "Holy mail",
    "comment": "Requires flight",
    "locks": [
      "Gravity Boots + Leap Stone",
      "Form of Mist + Power of Mist"
    ]
  }, {
    "location": "Mystic pendant",
    "comment": "Requires at least Leap Stone",
    "locks": [
      "Tstool",
      "Leap Stone",
      "Gravity Boots",
      "Form of Mist + Power of Mist"
    ]
  }, {
    "location": "Ankh of Life",
    "comment": "Requires at least Leap Stone",
    "locks": [
      "Tstool",
      "Leap Stone",
      "Gravity Boots",
      "Form of Mist + Power of Mist"
    ]
  }, {
    "location": "Morningstar",
    "comment": "Requires at least Leap Stone",
    "locks": [
      "Leap Stone",
      "Gravity Boots",
      "Form of Mist + Power of Mist"
    ]
  }, {
    "location": "Goggles",
    "comment": "Requires Jewel of Open or at least Leap Stone",
    "locks": [
      "Jewel of Open",
      "Leap Stone",
      "Gravity Boots",
      "Form of Mist + Power of Mist"
    ]
  }, {
    "location": "Silver plate",
    "comment": "Requires Jewel of Open or at least Leap Stone",
    "locks": [
      "Jewel of Open",
      "Leap Stone",
      "Gravity Boots",
      "Form of Mist + Power of Mist"
    ]
  }, {
    "location": "Cutlass",
    "comment": "Requires Jewel of Open or at least Leap Stone",
    "locks": [
      "Jewel of Open",
      "Leap Stone",
      "Gravity Boots",
      "Form of Mist + Power of Mist"
    ]
  }, {
    "location": "Platinum mail",
    "comment": "Requires flight",
    "locks": [
      "Gravity Boots",
      "Leap Stone + Tstool",
      "Form of Mist + Power of Mist"
    ]
  }, {
    "location": "Falchion",
    "comment": "Requires at least Leap Stone",
    "locks": [
      "Leap Stone",
      "Gravity Boots",
      "Form of Mist + Power of Mist"
    ]
  }, {
    "location": "Gold plate",
    "comment": "Requires at least Leap Stone",
    "locks": [
      "Leap Stone",
      "Gravity Boots",
      "Form of Mist + Power of Mist"
    ]
  }, {
    "location": "Bekatowa",
    "comment": "Requires at least Gravity Boots",
    "locks": [
      "Gravity Boots",
      "Form of Mist + Power of Mist"
    ]
  }, {
    "location": "Holy rod",
    "comment": "Requires at least Leap Stone",
    "locks": [
      "Leap Stone",
      "Gravity Boots",
      "Form of Mist + Power of Mist"
    ]
  }, {
    "location": "Library Onyx",
    "comment": "Requires at least Leap Stone",
    "locks": [
      "Tstool",
      "Leap Stone",
      "Gravity Boots",
      "Form of Mist + Power of Mist"
    ]
  }, {
    "location": "Alucart sword",
    "comment": "Requires at least Cube of Zoe + at least Leap Stone",
    "locks": [
      "Cube of Zoe + Leap Stone",
      "Cube of Zoe + Gravity Boots",
      "Cube of Zoe + Form of Mist + Power of Mist"
    ]
  }, {
    "location": "Broadsword",
    "comment": "Requires at least Leap Stone",
    "locks": [
      "Leap Stone",
      "Gravity Boots",
      "Form of Mist + Power of Mist"
    ]
  }, {
    "location": "Estoc",
    "comment": "Requires flight",
    "locks": [
      "Gravity Boots + Leap Stone",
      "Form of Mist + Power of Mist"
    ]
  }, {
    "location": "Olrox Garnet",
    "comment": "Requires flight",
    "locks": [
      "Gravity Boots + Leap Stone",
      "Form of Mist + Power of Mist"
    ]
  }, {
    "location": "Blood cloak",
    "comment": "Requires at least Leap Stone",
    "locks": [
      "Leap Stone",
      "Gravity Boots",
      "Form of Mist + Power of Mist"
    ]
  }, {
    "location": "Shield rod",
    "comment": "Requires at least Leap Stone",
    "locks": [
      "Leap Stone",
      "Gravity Boots",
      "Form of Mist + Power of Mist"
    ]
  }, {
    "location": "Knight shield",
    "comment": "Requires at least Leap Stone",
    "locks": [
      "Leap Stone",
      "Gravity Boots",
      "Form of Mist + Power of Mist"
    ]
  }, {
    "location": "Holy sword",
    "comment": "Requires flight",
    "locks": [
      "Gravity Boots",
      "Form of Mist + Power of Mist"
    ]
  }, {
    "location": "Bandanna",
    "comment": "Requires Jewel of Open",
    "locks": [
      "Jewel of Open"
    ]
  }, {
    "location": "Secret boots",
    "comment": "Requires Jewel of Open + flight",
    "locks": [
      "Jewel of Open + Gravity Boots + Leap Stone",
      "Jewel of Open + Form of Mist + Power of Mist"
    ]
  }, {
    "location": "Nunchaku",
    "comment": "Requires Jewel of Open + Holy Symbol",
    "locks": [
      "Jewel of Open + Holy Symbol"
    ]
  }, {
    "location": "Knuckle duster",
    "comment": "Requires Jewel of Open",
    "locks": [
      "Jewel of Open"
    ]
  }, {
    "location": "Caverns Onyx",
    "comment": "Requires Jewel of Open + at least Leap Stone",
    "locks": [
      "Jewel of Open + Merman Statue",
      "Jewel of Open + Holy Symbol + Leap Stone",
      "Jewel of Open + Form of Mist + Power of Mist"
    ]
  }, {
    "location": "Combat knife",
    "comment": "Requires Jewel of Open + at least Leap Stone",
    "locks": [
      "Jewel of Open + Leap Stone",
      "Jewel of Open + Tstool",
      "Jewel of Open + Form of Mist + Power of Mist"
    ],
    "comments": "Access must also give at least Leap Stone",
    "escapeRequires": [
      "Leap Stone",
      "Gravity Boots",
      "Form of Mist + Power of Mist"
    ]
  }, {
    "location": "Ring of Ares",
    "comment": "Requires Jewel of Open + Demon Card + at least Leap Stone",
    "locks": [
      "Jewel of Open + Demon Card + Leap Stone",
      "Jewel of Open + Demon Card + Tstool",
      "Jewel of Open + Demon Card + Form of Mist + Power of Mist",
      "Jewel of Open + Nosedevil Card + Leap Stone",
      "Jewel of Open + Nosedevil Card + Tstool",
      "Jewel of Open + Nosedevil Card + Form of Mist + Power of Mist"
    ],
    "comment": "Access must also give at least Leap Stone",
    "escapeRequires": [
      "Leap Stone",
      "Gravity Boots",
      "Form of Mist + Power of Mist"
    ]
  }, {
    "location": "Bloodstone",
    "comment": "Requires Jewel of Open + at least Leap Stone",
    "locks": [
      "Jewel of Open + Leap Stone",
      "Jewel of Open + Tstool",
      "Jewel of Open + Form of Mist + Power of Mist"
    ],
    "comment": "Access must also give at least Leap Stone",
    "escapeRequires": [
      "Leap Stone",
      "Gravity Boots",
      "Form of Mist + Power of Mist"
    ]
  }, {
    "location": "Icebrand",
    "comment": "Requires Jewel of Open + at least Leap Stone",
    "locks": [
      "Jewel of Open + Leap Stone",
      "Jewel of Open + Form of Mist + Power of Mist"
    ],
    "comment": "Access must also give at least Leap Stone",
    "escapeRequires": [
      "Leap Stone",
      "Gravity Boots",
      "Form of Mist + Power of Mist"
    ]
  }, {
    "location": "Walk armor",
    "comment": "Requires Jewel of Open + at least Leap Stone",
    "locks": [
      "Jewel of Open + Leap Stone",
      "Jewel of Open + Tstool",
      "Jewel of Open + Form of Mist + Power of Mist"
    ],
    "comment": "Access must also give at least Leap Stone",
    "escapeRequires": [
      "Leap Stone",
      "Gravity Boots",
      "Form of Mist + Power of Mist"
    ]
  }, {
    "location": "Talisman",
    "comment": "Requires Holy glasses + flight",
    "locks": [
      "Holy glasses + Gravity Boots + Leap Stone",
      "Holy glasses + Form of Mist + Power of Mist"
    ]
  }, {
    "location": "Katana",
    "comment": "Requires Holy glasses + flight",
    "locks": [
      "Holy glasses + Gravity Boots + Leap Stone",
      "Holy glasses + Form of Mist + Power of Mist"
    ]
  }, {
    "location": "Goddess shield",
    "comment": "Requires Holy glasses + flight",
    "locks": [
      "Holy glasses + Gravity Boots + Leap Stone",
      "Holy glasses + Form of Mist + Power of Mist"
    ]
  }, {
    "location": "Twilight cloak",
    "comment": "Requires Holy glasses + flight",
    "locks": [
      "Holy glasses + Form of Mist + Gravity Boots + Leap Stone",
      "Holy glasses + Form of Mist + Power of Mist"
    ]
  }, {
    "location": "Talwar",
    "comment": "Requires Holy glasses + flight",
    "locks": [
      "Holy glasses + Gravity Boots + Leap Stone",
      "Holy glasses + Form of Mist + Power of Mist"
    ]
  }, {
    "location": "Sword of Dawn",
    "comment": "Requires Holy glasses + flight",
    "locks": [
      "Holy glasses + Gravity Boots + Leap Stone",
      "Holy glasses + Form of Mist + Power of Mist"
    ]
  }, {
    "location": "Bastard sword",
    "comment": "Requires Holy glasses + flight",
    "locks": [
      "Holy glasses + Gravity Boots + Leap Stone",
      "Holy glasses + Form of Mist + Power of Mist"
    ]
  }, {
    "location": "Royal cloak",
    "comment": "Requires Holy glasses + flight",
    "locks": [
      "Holy glasses + Gravity Boots + Leap Stone",
      "Holy glasses + Form of Mist + Power of Mist"
    ]
  }, {
    "location": "Lightning mail",
    "comment": "Requires Holy glasses + flight",
    "locks": [
      "Holy glasses + Gravity Boots + Leap Stone",
      "Holy glasses + Form of Mist + Power of Mist"
    ]
  }, {
    "location": "Moon rod",
    "comment": "Requires Holy glasses + flight",
    "locks": [
      "Holy glasses + Gravity Boots + Leap Stone",
      "Holy glasses + Form of Mist + Power of Mist"
    ]
  }, {
    "location": "Sunstone",
    "comment": "Requires Holy glasses + flight",
    "locks": [
      "Holy glasses + Gravity Boots + Leap Stone",
      "Holy glasses + Form of Mist + Power of Mist"
    ]
  }, {
    "location": "Luminus",
    "comment": "Requires Holy glasses + flight",
    "locks": [
      "Holy glasses + Gravity Boots + Leap Stone",
      "Holy glasses + Form of Mist + Power of Mist"
    ]
  }, {
    "location": "Dragon helm",
    "comment": "Requires Holy glasses + flight",
    "locks": [
      "Holy glasses + Gravity Boots + Leap Stone",
      "Holy glasses + Form of Mist + Power of Mist"
    ]
  }, {
    "location": "Shotel",
    "comment": "Requires Holy glasses + flight",
    "locks": [
      "Holy glasses + Form of Mist + Gravity Boots + Leap Stone",
      "Holy glasses + Form of Mist + Power of Mist"
    ]
  }, {
    "location": "Staurolite",
    "comment": "Requires Holy glasses + flight",
    "locks": [
      "Holy glasses + Form of Mist + Gravity Boots + Leap Stone",
      "Holy glasses + Form of Mist + Power of Mist"
    ]
  }, {
    "location": "Badelaire",
    "comment": "Requires Holy glasses + flight",
    "locks": [
      "Holy glasses + Gravity Boots + Leap Stone",
      "Holy glasses + Form of Mist + Power of Mist"
    ]
  }, {
    "location": "Forbidden Library Opal",
    "comment": "Requires Holy glasses + flight",
    "locks": [
      "Holy glasses + Gravity Boots + Leap Stone",
      "Holy glasses + Form of Mist + Power of Mist"
    ]
  }, {
    "location": "Reverse Caverns Diamond",
    "comment": "Requires Holy glasses + flight",
    "locks": [
      "Holy glasses + Gravity Boots + Leap Stone",
      "Holy glasses + Form of Mist + Power of Mist"
    ]
  }, {
    "location": "Reverse Caverns Opal",
    "comment": "Requires Holy glasses + flight",
    "locks": [
      "Holy glasses + Gravity Boots + Leap Stone",
      "Holy glasses + Form of Mist + Power of Mist"
    ]
  }, {
    "location": "Reverse Caverns Garnet",
    "comment": "Requires Holy glasses + flight",
    "locks": [
      "Holy glasses + Gravity Boots + Leap Stone",
      "Holy glasses + Form of Mist + Power of Mist"
    ]
  }, {
    "location": "Osafune katana",
    "comment": "Requires Holy glasses + flight",
    "locks": [
      "Holy glasses + Gravity Boots + Leap Stone",
      "Holy glasses + Form of Mist + Power of Mist"
    ]
  }, {
    "location": "Alucard shield",
    "comment": "Requires Holy glasses + flight",
    "locks": [
      "Holy glasses + Gravity Boots + Leap Stone",
      "Holy glasses + Form of Mist + Power of Mist"
    ]
  }, {
    "location": "Alucard sword",
    "comment": "Requires Holy glasses + flight",
    "locks": [
      "Holy glasses + Gravity Boots + Leap Stone",
      "Holy glasses + Form of Mist + Power of Mist"
    ]
  }, {
    "location": "Necklace of J",
    "comment": "Requires Holy glasses + flight",
    "locks": [
      "Holy glasses + Gravity Boots + Leap Stone",
      "Holy glasses + Form of Mist + Power of Mist"
    ]
  }, {
    "location": "Floating Catacombs Diamond",
    "comment": "Requires Holy glasses + flight",
    "locks": [
      "Holy glasses + Gravity Boots + Leap Stone",
      "Holy glasses + Form of Mist + Power of Mist"
    ]
  }, {
    "location": "Sword of Hador",
    "comment": "Requires Holy glasses + flight",
    "locks": [
      "Holy glasses + Gravity Boots + Leap Stone",
      "Holy glasses + Form of Mist + Power of Mist"
    ]
  }, {
    "location": "Alucard mail",
    "comment": "Requires Holy glasses + flight",
    "locks": [
      "Holy glasses + Gravity Boots + Leap Stone",
      "Holy glasses + Form of Mist + Power of Mist"
    ]
  }, {
    "location": "Gram",
    "comment": "Requires Holy glasses + flight",
    "locks": [
      "Holy glasses + Gravity Boots + Leap Stone",
      "Holy glasses + Form of Mist + Power of Mist"
    ]
  }, {
    "location": "Fury plate",
    "comment": "Requires Holy glasses + flight",
    "locks": [
      "Holy glasses + Gravity Boots + Leap Stone",
      "Holy glasses + Form of Mist + Power of Mist"
    ]
  }, {
    "location": "Confessional",
    "comment": "Requires Jewel of Open or at least Leap Stone",
    "locks": [
      "Jewel of Open",
      "Leap Stone",
      "Gravity Boots",
      "Form of Mist + Power of Mist"
    ]
  }, {
    "location": "Colosseum Green tea",
    "comment": "Requires at least Leap Stone",
    "locks": [
      "Leap Stone",
      "Gravity Boots",
      "Form of Mist + Power of Mist"
    ]
  }, {
    "location": "Clock Tower Cloaked knight",
    "comment": "Requires at least Leap Stone",
    "locks": [
      "Leap Stone",
      "Gravity Boots",
      "Form of Mist + Power of Mist"
    ]
  }, {
    "location": "Waterfall Cave",
    "comment": "Requires Jewel of Open",
    "locks": [
      "Jewel of Open"
    ]
  }, {
    "location": "Floating Catacombs Elixir",
    "comment": "Requires Holy glasses + flight + Possibly Spike Breaker",
    "locks": [
      "Holy glasses + Gravity Boots + Leap Stone + Spike Breaker",
      "Holy glasses + Form of Mist + Power of Mist"
    ]
  }, {
    "location": "Reverse Entrance Antivenom",
    "comment": "Requires Holy glasses + flight",
    "locks": [
      "Holy glasses + Gravity Boots + Leap Stone",
      "Holy glasses + Form of Mist + Power of Mist"
    ]
  }, {
    "location": "Reverse Forbidden Route",
    "comment": "Requires Holy glasses + flight",
    "locks": [
      "Holy glasses + Gravity Boots + Leap Stone",
      "Holy glasses + Form of Mist + Power of Mist"
    ]
  }, {
    "location": "Cave Life apple",
    "comment": "Requires Holy glasses + flight + Demon Card",
    "locks": [
      "Holy glasses + Gravity Boots + Leap Stone + Demon Card",
      "Holy glasses + Form of Mist + Power of Mist + Demon Card",
      "Holy glasses + Gravity Boots + Leap Stone + Nosedevil Card",
      "Holy glasses + Form of Mist + Power of Mist + Nosedevil Card"
    ]
  }, {
    "location": "Reverse Colosseum Zircon",
    "comment": "Requires Holy glasses + flight",
    "locks": [
      "Holy glasses + Gravity Boots + Leap Stone",
      "Holy glasses + Form of Mist + Power of Mist"
    ]
  }, {
    "location": "Black Marble Gallery Vat",
    "comment": "Requires Holy glasses + flight",
    "locks": [
      "Holy glasses + Gravity Boots + Leap Stone",
      "Holy glasses + Form of Mist + Power of Mist"
    ]
  }, {
    "location": "Black Marble Meal Ticket",
    "comment": "Requires Holy glasses + flight + Jewel of Open",
    "locks": [
      "Holy glasses + Gravity Boots + Leap Stone + Jewel of Open",
      "Holy glasses + Form of Mist + Power of Mist + Jewel of Open"
    ]
  }, {
    "location": "Reverse Keep High Potion",
    "comment": "Requires Holy glasses + flight",
    "locks": [
      "Holy glasses + Gravity Boots + Leap Stone",
      "Holy glasses + Form of Mist + Power of Mist"
    ]
  }],

  "lockLocationAllowed": [{
    "location": "Soul of Bat",
    "comment": "Requires Mist + at least Leap Stone",
    "locks": [
      "Form of Mist"
    ]
  }, {
    "location": "Fire of Bat",
    "comment": "Requires flight",
    "locks": [
      "Leap Stone",
      "Gravity Boots + Leap Stone",
      "Gravity Boots + Soul of Wolf",
      "Gravity Boots + Form of Mist",
      "Form of Mist + Power of Mist",
      "Leap Stone + Tstool"
    ]
  }, {
    "location": "Echo of Bat",
    "comment": "Requires flight",
    "locks": [
      "Gravity Boots + Form of Mist",
      "Gravity Boots + Soul of Wolf",
      "Form of Mist + Power of Mist"
    ]
  }, {
    "location": "Force of Echo",
    "comment": "In second castle",
    "locks": [
      "Holy glasses + Gravity Boots + Leap Stone",
      "Holy glasses + Gravity Boots + Soul of Wolf",
      "Holy glasses + Gravity Boots + Form of Mist",
      "Holy glasses + Gravity Boots + Thrust sword",
      "Holy glasses + Form of Mist + Power of Mist"
    ]
  }, {
    "location": "Power of Wolf",
    "comment": "Requires flight",
    "locks": [
      "Gravity Boots + Leap Stone",
      "Gravity Boots + Form of Mist",
      "Gravity Boots + Soul of Wolf",
      "Gravity Boots + Thrust sword",
      "Form of Mist + Power of Mist"
    ]
  }, {
    "location": "Skill of Wolf",
    "comment": "Requires flight",
    "locks": [
      "Gravity Boots",
      "Form of Mist + Power of Mist"
    ]
  }, {
    "location": "Form of Mist",
    "comment": "Requires at least Leap Stone",
    "locks": [
      "Soul of Wolf",
      "Thrust sword",
      "Leap Stone",
      "Gravity Boots",
      "Form of Mist + Power of Mist"
    ]
  }, {
    "location": "Power of Mist",
    "comment": "Requires flight",
    "locks": [
        "Gravity Boots + Leap Stone",
        "Gravity Boots + Form of Mist",
        "Gravity Boots + Soul of Wolf",
        "Gravity Boots + Thrust sword",
        "Form of Mist + Power of Mist"
      ]
  }, {
    "location": "Gas Cloud",
    "comment": "In second castle",
    "locks": [
        "Holy glasses + Gravity Boots + Leap Stone",
        "Holy glasses + Gravity Boots + Form of Mist",
        "Holy glasses + Gravity Boots + Soul of Wolf",
        "Holy glasses + Gravity Boots + Thrust sword",
        "Holy glasses + Form of Mist + Power of Mist"
      ]
  }, {
    "location": "Gravity Boots",
    "comment": "Requires flight",
    "locks": [
        "Gravity Boots + Leap Stone",
        "Gravity Boots + Form of Mist",
        "Gravity Boots + Soul of Wolf",
        "Gravity Boots + Thrust sword",
        "Form of Mist + Power of Mist"
      ]
  }, {
    "location": "Leap Stone",
    "comment": "Requires Jewel of Open or at least Leap Stone",
    "locks": [
      "Jewel of Open",
      "Leap Stone",
      "Gravity Boots",
      "Form of Mist + Power of Mist"
    ]
  }, {
    "location": "Holy Symbol",
    "locks": [
      "Jewel of Open + Merman Statue"
    ]
  }, {
    "location": "Merman Statue",
    "comment": "Requires Jewel of Open",
    "locks": [
      "Jewel of Open"
    ]
  }, {
    "location": "Bat Card",
    "comment": "Requires flight",
    "locks": [
      "Tstool",
      "Gravity Boots",
      "Form of Mist + Power of Mist"
    ]
  }, {
    "location": "Ghost Card",
    "comment": "Requires flight",
    "locks": [
        "Gravity Boots + Leap Stone",
        "Gravity Boots + Form of Mist",
        "Gravity Boots + Soul of Wolf",
        "Gravity Boots + Thrust sword",
        "Form of Mist + Power of Mist"
      ]
  }, {
    "location": "Faerie Card",
    "comment": "Requires flight",
    "locks": [
    ]
  }, {
    "location": "Demon Card",
    "comment": "Requires Jewel of Open + at least Leap Stone",
    "locks": [
      "Jewel of Open + Tstool",
      "Jewel of Open + Leap Stone",
      "Jewel of Open + Gravity Boots",
      "Jewel of Open + Form of Mist + Power of Mist"
    ],
    "comment": "Access must also give at least Leap Stone",
    "escapeRequires": [
      "Leap Stone",
      "Gravity Boots",
      "Form of Mist + Power of Mist"
    ]
  }, {
    "location": "Sword Card",
    "comment": "Requires flight",
    "locks": [
        "Gravity Boots + Leap Stone",
        "Gravity Boots + Form of Mist",
        "Gravity Boots + Soul of Wolf",
        "Gravity Boots + Thrust sword",
        "Form of Mist + Power of Mist"
      ]
  }, {
    "location": "Heart of Vlad",
    "comment": "In second castle",
    "locks": [
        "Holy glasses + Gravity Boots + Leap Stone",
        "Holy glasses + Gravity Boots + Form of Mist",
        "Holy glasses + Gravity Boots + Soul of Wolf",
        "Holy glasses + Gravity Boots + Thrust sword",
        "Holy glasses + Form of Mist + Power of Mist"
      ]
  }, {
    "location": "Tooth of Vlad",
    "comment": "In second castle",
    "locks": [
        "Holy glasses + Gravity Boots + Leap Stone",
        "Holy glasses + Gravity Boots + Form of Mist",
        "Holy glasses + Gravity Boots + Soul of Wolf",
        "Holy glasses + Gravity Boots + Thrust sword",
        "Holy glasses + Form of Mist + Power of Mist"
      ]
  }, {
    "location": "Rib of Vlad",
    "comment": "In second castle",
    "locks": [
        "Holy glasses + Gravity Boots + Leap Stone",
        "Holy glasses + Gravity Boots + Form of Mist",
        "Holy glasses + Gravity Boots + Soul of Wolf",
        "Holy glasses + Gravity Boots + Thrust sword",
        "Holy glasses + Form of Mist + Power of Mist"
      ]
  }, {
    "location": "Ring of Vlad",
    "comment": "In second castle",
    "locks": [
        "Holy glasses + Gravity Boots + Leap Stone",
        "Holy glasses + Gravity Boots + Form of Mist",
        "Holy glasses + Gravity Boots + Soul of Wolf",
        "Holy glasses + Gravity Boots + Thrust sword",
        "Holy glasses + Form of Mist + Power of Mist"
      ]
  }, {
    "location": "Eye of Vlad",
    "comment": "In second castle",
    "locks": [
        "Holy glasses + Gravity Boots + Leap Stone",
        "Holy glasses + Gravity Boots + Form of Mist",
        "Holy glasses + Gravity Boots + Soul of Wolf",
        "Holy glasses + Gravity Boots + Thrust sword",
        "Holy glasses + Form of Mist + Power of Mist"
      ]
  }, {
    "location": "Spike Breaker",
    "comment": "Now it requires Form of Mist and Power of Mist",
    "locks": [
        "Jewel of Open + Form of Mist + Power of Mist"
    ]
  }, {
    "location": "Gold ring",
    "comment": "Requires Jewel of Open + flight",
    "locks": [
        "Jewel of Open + Tstool",
        "Jewel of Open + Gravity Boots + Leap Stone",
        "Jewel of Open + Gravity Boots + Form of Mist",
        "Jewel of Open + Gravity Boots + Soul of Wolf",
        "Jewel of Open + Gravity Boots + Thrust sword",
        "Jewel of Open + Form of Mist + Power of Mist"
    ]
  }, {
    "location": "Silver ring",
    "locks": [
      "Jewel of Open + Spike Breaker + Form of Mist"
    ]
  }, {
    "location": "Holy glasses",
    "locks": [
      "Silver ring + Gold ring"
    ],
    "comment": "Access must also give flight",
    "escapeRequires": [
      "Gravity Boots + Leap Stone",
      "Form of Mist + Power of Mist"
    ]
  }, {
    "location": "Crystal cloak",
    "locks": [
      "Jewel of Open"
    ]
  }, {
    "location": "Mormegil",
    "comment": "Requires Jewel of Open + at least Leap Stone",
    "locks": [
      "Jewel of Open + Tstool",
      "Jewel of Open + Leap Stone",
      "Jewel of Open + Form of Mist + Power of Mist"
    ],
    "comment": "Access must also give at least Leap Stone",
    "escapeRequires": [
      "Leap Stone",
      "Gravity Boots",
      "Form of Mist + Power of Mist"
    ]
  }, {
    "location": "Dark Blade",
    "comment": "In second castle",
    "locks": [
        "Holy glasses + Gravity Boots + Leap Stone",
        "Holy glasses + Gravity Boots + Form of Mist",
        "Holy glasses + Gravity Boots + Soul of Wolf",
        "Holy glasses + Gravity Boots + Thrust sword",
        "Holy glasses + Form of Mist + Power of Mist"
      ]
  }, {
    "location": "Ring of Arcana",
    "comment": "In second castle",
    "locks": [
        "Holy glasses + Gravity Boots + Leap Stone",
        "Holy glasses + Gravity Boots + Form of Mist",
        "Holy glasses + Gravity Boots + Soul of Wolf",
        "Holy glasses + Gravity Boots + Thrust sword",
        "Holy glasses + Form of Mist + Power of Mist"
      ]
  }, {
    "location": "Trio",
    "comment": "In second castle",
    "locks": [
        "Holy glasses + Gravity Boots + Leap Stone",
        "Holy glasses + Gravity Boots + Form of Mist",
        "Holy glasses + Gravity Boots + Soul of Wolf",
        "Holy glasses + Gravity Boots + Thrust sword",
        "Holy glasses + Form of Mist + Power of Mist"
      ]
  }, {
    "location": "Holy mail",
    "comment": "Requires flight",
    "locks": [
      "Leap Stone",
      "Gravity Boots + Leap Stone",
      "Form of Mist + Power of Mist"
    ]
  }, {
    "location": "Mystic pendant",
    "comment": "Requires at least Leap Stone",
    "locks": [
      "Tstool",
      "Leap Stone",
      "Gravity Boots",
      "Form of Mist + Power of Mist"
    ]
  }, {
    "location": "Ankh of Life",
    "comment": "Requires at least Leap Stone",
    "locks": [
      "Tstool",
      "Leap Stone",
      "Gravity Boots",
      "Form of Mist + Power of Mist"
    ]
  }, {
    "location": "Morningstar",
    "comment": "Requires at least Leap Stone",
    "locks": [
      "Leap Stone",
      "Gravity Boots",
      "Form of Mist + Power of Mist"
    ]
  }, {
    "location": "Goggles",
    "comment": "Requires Jewel of Open or at least Leap Stone",
    "locks": [
      "Jewel of Open",
      "Leap Stone",
      "Gravity Boots",
      "Form of Mist + Power of Mist"
    ]
  }, {
    "location": "Silver plate",
    "comment": "Requires Jewel of Open or at least Leap Stone",
    "locks": [
      "Jewel of Open",
      "Leap Stone",
      "Gravity Boots",
      "Form of Mist + Power of Mist"
    ]
  }, {
    "location": "Cutlass",
    "comment": "Requires Jewel of Open or at least Leap Stone",
    "locks": [
      "Jewel of Open",
      "Leap Stone",
      "Gravity Boots",
      "Form of Mist + Power of Mist"
    ]
  }, {
    "location": "Platinum mail",
    "comment": "Requires flight",
    "locks": [
      "Gravity Boots",
      "Leap Stone + Tstool",
      "Form of Mist + Power of Mist"
    ]
  }, {
    "location": "Falchion",
    "comment": "Requires at least Leap Stone",
    "locks": [
      "Leap Stone",
      "Gravity Boots",
      "Form of Mist + Power of Mist"
    ]
  }, {
    "location": "Gold plate",
    "comment": "Requires at least Leap Stone",
    "locks": [
      "Leap Stone",
      "Gravity Boots",
      "Form of Mist + Power of Mist"
    ]
  }, {
    "location": "Bekatowa",
    "comment": "Requires at least Gravity Boots",
    "locks": [
      "Leap Stone",
      "Gravity Boots",
      "Form of Mist + Power of Mist"
    ]
  }, {
    "location": "Holy rod",
    "comment": "Requires at least Leap Stone",
    "locks": [
      "Leap Stone",
      "Gravity Boots",
      "Form of Mist + Power of Mist"
    ]
  }, {
    "location": "Library Onyx",
    "comment": "Requires at least Leap Stone",
    "locks": [
      "Tstool",
      "Leap Stone",
      "Gravity Boots",
      "Form of Mist + Power of Mist"
    ]
  }, {
    "location": "Alucart sword",
    "comment": "Requires at least Cube of Zoe + at least Leap Stone",
    "locks": [
      "Cube of Zoe + Leap Stone",
      "Cube of Zoe + Gravity Boots",
      "Cube of Zoe + Form of Mist + Power of Mist"
    ]
  }, {
    "location": "Broadsword",
    "comment": "Requires at least Leap Stone",
    "locks": [
        "Soul of Wolf",
        "Thrust sword",
        "Leap Stone",
        "Gravity Boots",
        "Form of Mist + Power of Mist"
      ]
  }, {
    "location": "Estoc",
    "comment": "Requires flight",
    "locks": [
        "Gravity Boots + Leap Stone",
        "Gravity Boots + Form of Mist",
        "Gravity Boots + Soul of Wolf",
        "Gravity Boots + Thrust sword",
        "Form of Mist + Power of Mist"
      ]
  }, {
    "location": "Olrox Garnet",
    "comment": "Requires flight",
    "locks": [
        "Gravity Boots + Leap Stone",
        "Gravity Boots + Form of Mist",
        "Gravity Boots + Soul of Wolf",
        "Gravity Boots + Thrust sword",
        "Form of Mist + Power of Mist"
      ]
  }, {
    "location": "Blood cloak",
    "comment": "Requires at least Leap Stone",
    "locks": [
        "Soul of Wolf",
        "Thrust sword",
        "Leap Stone",
        "Gravity Boots",
        "Form of Mist + Power of Mist"
      ]
  }, {
    "location": "Shield rod",
    "comment": "Requires at least Leap Stone",
    "locks": [
        "Soul of Wolf",
        "Thrust sword",
        "Leap Stone",
        "Gravity Boots",
        "Form of Mist + Power of Mist"
      ]
  }, {
    "location": "Knight shield",
    "comment": "Requires at least Leap Stone",
    "locks": [
        "Jewel of Open",
        "Soul of Wolf",
        "Thrust sword",
        "Leap Stone",
        "Gravity Boots",
        "Form of Mist + Power of Mist"
    ]
  }, {
    "location": "Holy sword",
    "comment": "Requires flight",
    "locks": [
      "Gravity Boots",
      "Form of Mist + Power of Mist"
    ]
  }, {
    "location": "Bandanna",
    "comment": "Requires Jewel of Open",
    "locks": [
      "Jewel of Open"
    ]
  }, {
    "location": "Secret boots",
    "comment": "Requires Jewel of Open + flight",
    "locks": [
      "Jewel of Open + Leap Stone",
      "Jewel of Open + Gravity Boots + Leap Stone",
      "Jewel of Open + Form of Mist + Power of Mist"
    ]
  }, {
    "location": "Nunchaku",
    "comment": "Requires Jewel of Open + Holy Symbol",
    "locks": [
      "Jewel of Open"
    ]
  }, {
    "location": "Knuckle duster",
    "comment": "Requires Jewel of Open",
    "locks": [
      "Jewel of Open"
    ]
  }, {
    "location": "Caverns Onyx",
    "comment": "Requires Jewel of Open + at least Leap Stone",
    "locks": [
      "Jewel of Open + Merman Statue",
      "Jewel of Open + Holy Symbol + Leap Stone",
      "Jewel of Open + Form of Mist + Power of Mist"
    ]
  }, {
    "location": "Combat knife",
    "comment": "Requires Jewel of Open + at least Leap Stone",
    "locks": [
      "Jewel of Open + Leap Stone",
      "Jewel of Open + Tstool",
      "Jewel of Open + Form of Mist + Power of Mist"
    ],
    "comments": "Access must also give at least Leap Stone",
    "escapeRequires": [
      "Leap Stone",
      "Gravity Boots",
      "Form of Mist + Power of Mist"
    ]
  }, {
    "location": "Ring of Ares",
    "comment": "Requires Jewel of Open + Demon Card + at least Leap Stone",
    "locks": [
      "Jewel of Open + Demon Card + Leap Stone",
      "Jewel of Open + Demon Card + Tstool",
      "Jewel of Open + Demon Card + Form of Mist + Power of Mist",
      "Jewel of Open + Nosedevil Card + Leap Stone",
      "Jewel of Open + Nosedevil Card + Tstool",
      "Jewel of Open + Nosedevil Card + Form of Mist + Power of Mist"
    ],
    "comment": "Access must also give at least Leap Stone",
    "escapeRequires": [
      "Leap Stone",
      "Gravity Boots",
      "Form of Mist + Power of Mist"
    ]
  }, {
    "location": "Bloodstone",
    "comment": "Requires Jewel of Open + at least Leap Stone",
    "locks": [
      "Jewel of Open + Leap Stone",
      "Jewel of Open + Tstool",
      "Jewel of Open + Form of Mist + Power of Mist"
    ],
    "comment": "Access must also give at least Leap Stone",
    "escapeRequires": [
      "Leap Stone",
      "Gravity Boots",
      "Form of Mist + Power of Mist"
    ]
  }, {
    "location": "Icebrand",
    "comment": "Requires Jewel of Open + at least Leap Stone",
    "locks": [
      "Jewel of Open + Leap Stone",
      "Jewel of Open + Form of Mist + Power of Mist"
    ],
    "comment": "Access must also give at least Leap Stone",
    "escapeRequires": [
      "Leap Stone",
      "Gravity Boots",
      "Form of Mist + Power of Mist"
    ]
  }, {
    "location": "Walk armor",
    "comment": "Requires Jewel of Open + at least Leap Stone",
    "locks": [
      "Jewel of Open + Leap Stone",
      "Jewel of Open + Tstool",
      "Jewel of Open + Form of Mist + Power of Mist"
    ],
    "comment": "Access must also give at least Leap Stone",
    "escapeRequires": [
      "Leap Stone",
      "Gravity Boots",
      "Form of Mist + Power of Mist"
    ]
  }, {
    "location": "Talisman",
    "comment": "Requires Holy glasses + flight",
    "locks": [
        "Holy glasses + Gravity Boots + Leap Stone",
        "Holy glasses + Gravity Boots + Form of Mist",
        "Holy glasses + Gravity Boots + Soul of Wolf",
        "Holy glasses + Gravity Boots + Thrust sword",
        "Holy glasses + Form of Mist + Power of Mist"
      ]
  }, {
    "location": "Katana",
    "comment": "Requires Holy glasses + flight",
    "locks": [
        "Holy glasses + Gravity Boots + Leap Stone",
        "Holy glasses + Gravity Boots + Form of Mist",
        "Holy glasses + Gravity Boots + Soul of Wolf",
        "Holy glasses + Gravity Boots + Thrust sword",
        "Holy glasses + Form of Mist + Power of Mist"
      ]
  }, {
    "location": "Goddess shield",
    "comment": "Requires Holy glasses + flight",
    "locks": [
        "Holy glasses + Gravity Boots + Leap Stone",
        "Holy glasses + Gravity Boots + Form of Mist",
        "Holy glasses + Gravity Boots + Soul of Wolf",
        "Holy glasses + Gravity Boots + Thrust sword",
        "Holy glasses + Form of Mist + Power of Mist"
      ]
  }, {
    "location": "Twilight cloak",
    "comment": "Requires Holy glasses + flight",
    "locks": [
        "Holy glasses + Form of Mist + Gravity Boots + Leap Stone",
        "Holy glasses + Form of Mist  + Gravity Boots + Form of Mist",
        "Holy glasses + Form of Mist  + Gravity Boots + Soul of Wolf",
        "Holy glasses + Form of Mist  + Gravity Boots + Thrust sword",
        "Holy glasses + Form of Mist  + Form of Mist + Power of Mist"
      ]
  }, {
    "location": "Talwar",
    "comment": "Requires Holy glasses + flight",
    "locks": [
        "Holy glasses + Gravity Boots + Leap Stone",
        "Holy glasses + Gravity Boots + Form of Mist",
        "Holy glasses + Gravity Boots + Soul of Wolf",
        "Holy glasses + Gravity Boots + Thrust sword",
        "Holy glasses + Form of Mist + Power of Mist"
      ]
  }, {
    "location": "Sword of Dawn",
    "comment": "Requires Holy glasses + flight",
    "locks": [
        "Holy glasses + Gravity Boots + Leap Stone",
        "Holy glasses + Gravity Boots + Form of Mist",
        "Holy glasses + Gravity Boots + Soul of Wolf",
        "Holy glasses + Gravity Boots + Thrust sword",
        "Holy glasses + Form of Mist + Power of Mist"
      ]
  }, {
    "location": "Bastard sword",
    "comment": "Requires Holy glasses + flight",
    "locks": [
        "Holy glasses + Gravity Boots",
        "Holy glasses + Leap Stone + Tstool",
        "Holy glasses + Gravity Boots + Leap Stone",
        "Holy glasses + Gravity Boots + Form of Mist",
        "Holy glasses + Gravity Boots + Soul of Wolf",
        "Holy glasses + Gravity Boots + Thrust sword",
        "Holy glasses + Form of Mist + Power of Mist"
      ]
  }, {
    "location": "Royal cloak",
    "comment": "Requires Holy glasses + flight",
    "locks": [
        "Holy glasses + Gravity Boots",
        "Holy glasses + Leap Stone + Tstool",
        "Holy glasses + Gravity Boots + Leap Stone",
        "Holy glasses + Gravity Boots + Form of Mist",
        "Holy glasses + Gravity Boots + Soul of Wolf",
        "Holy glasses + Gravity Boots + Thrust sword",
        "Holy glasses + Form of Mist + Power of Mist"
      ]
  }, {
    "location": "Lightning mail",
    "comment": "Requires Holy glasses + flight",
    "locks": [
        "Holy glasses + Gravity Boots + Leap Stone",
        "Holy glasses + Gravity Boots + Form of Mist",
        "Holy glasses + Gravity Boots + Soul of Wolf",
        "Holy glasses + Gravity Boots + Thrust sword",
        "Holy glasses + Form of Mist + Power of Mist"
      ]
  }, {
    "location": "Moon rod",
    "comment": "Requires Holy glasses + flight",
    "locks": [
        "Holy glasses + Gravity Boots + Leap Stone",
        "Holy glasses + Gravity Boots + Form of Mist",
        "Holy glasses + Gravity Boots + Soul of Wolf",
        "Holy glasses + Gravity Boots + Thrust sword",
        "Holy glasses + Form of Mist + Power of Mist"
      ]
  }, {
    "location": "Sunstone",
    "comment": "Requires Holy glasses + flight",
    "locks": [
        "Holy glasses + Gravity Boots + Leap Stone",
        "Holy glasses + Gravity Boots + Form of Mist",
        "Holy glasses + Gravity Boots + Soul of Wolf",
        "Holy glasses + Gravity Boots + Thrust sword",
        "Holy glasses + Form of Mist + Power of Mist"
      ]
  }, {
    "location": "Luminus",
    "comment": "Requires Holy glasses + flight",
    "locks": [
        "Holy glasses + Gravity Boots + Leap Stone",
        "Holy glasses + Gravity Boots + Form of Mist",
        "Holy glasses + Gravity Boots + Soul of Wolf",
        "Holy glasses + Gravity Boots + Thrust sword",
        "Holy glasses + Form of Mist + Power of Mist"
      ]
  }, {
    "location": "Dragon helm",
    "comment": "Requires Holy glasses + flight",
    "locks": [
        "Holy glasses + Gravity Boots + Leap Stone",
        "Holy glasses + Gravity Boots + Form of Mist",
        "Holy glasses + Gravity Boots + Soul of Wolf",
        "Holy glasses + Gravity Boots + Thrust sword",
        "Holy glasses + Form of Mist + Power of Mist"
      ]
  }, {
    "location": "Shotel",
    "comment": "Requires Holy glasses + flight",
    "locks": [
        "Holy glasses + Form of Mist + Gravity Boots + Leap Stone",
        "Holy glasses + Form of Mist + Gravity Boots + Form of Mist",
        "Holy glasses + Form of Mist + Gravity Boots + Soul of Wolf",
        "Holy glasses + Form of Mist + Gravity Boots + Thrust sword",
        "Holy glasses + Form of Mist + Form of Mist + Power of Mist"
      ]
  }, {
    "location": "Staurolite",
    "comment": "Requires Holy glasses + flight",
    "locks": [
        "Holy glasses + Form of Mist + Gravity Boots + Leap Stone",
        "Holy glasses + Form of Mist + Gravity Boots + Form of Mist",
        "Holy glasses + Form of Mist + Gravity Boots + Soul of Wolf",
        "Holy glasses + Form of Mist + Gravity Boots + Thrust sword",
        "Holy glasses + Form of Mist + Form of Mist + Power of Mist"
      ]
  }, {
    "location": "Badelaire",
    "comment": "Requires Holy glasses + flight",
    "locks": [
        "Holy glasses + Gravity Boots + Leap Stone",
        "Holy glasses + Gravity Boots + Form of Mist",
        "Holy glasses + Gravity Boots + Soul of Wolf",
        "Holy glasses + Gravity Boots + Thrust sword",
        "Holy glasses + Form of Mist + Power of Mist"
      ]
  }, {
    "location": "Forbidden Library Opal",
    "comment": "Requires Holy glasses + flight",
    "locks": [
        "Holy glasses + Gravity Boots + Leap Stone",
        "Holy glasses + Gravity Boots + Form of Mist",
        "Holy glasses + Gravity Boots + Soul of Wolf",
        "Holy glasses + Gravity Boots + Thrust sword",
        "Holy glasses + Form of Mist + Power of Mist"
      ]
  }, {
    "location": "Reverse Caverns Diamond",
    "comment": "Requires Holy glasses + flight",
    "locks": [
        "Holy glasses + Gravity Boots + Leap Stone",
        "Holy glasses + Gravity Boots + Form of Mist",
        "Holy glasses + Gravity Boots + Soul of Wolf",
        "Holy glasses + Gravity Boots + Thrust sword",
        "Holy glasses + Form of Mist + Power of Mist"
      ]
  }, {
    "location": "Reverse Caverns Opal",
    "comment": "Requires Holy glasses + flight",
    "locks": [
        "Holy glasses + Gravity Boots + Leap Stone",
        "Holy glasses + Gravity Boots + Form of Mist",
        "Holy glasses + Gravity Boots + Soul of Wolf",
        "Holy glasses + Gravity Boots + Thrust sword",
        "Holy glasses + Form of Mist + Power of Mist"
      ]
  }, {
    "location": "Reverse Caverns Garnet",
    "comment": "Requires Holy glasses + flight",
    "locks": [
        "Holy glasses + Gravity Boots + Leap Stone",
        "Holy glasses + Gravity Boots + Form of Mist",
        "Holy glasses + Gravity Boots + Soul of Wolf",
        "Holy glasses + Gravity Boots + Thrust sword",
        "Holy glasses + Form of Mist + Power of Mist"
      ]
  }, {
    "location": "Osafune katana",
    "comment": "Requires Holy glasses + flight",
    "locks": [
        "Holy glasses + Gravity Boots + Leap Stone",
        "Holy glasses + Gravity Boots + Form of Mist",
        "Holy glasses + Gravity Boots + Soul of Wolf",
        "Holy glasses + Gravity Boots + Thrust sword",
        "Holy glasses + Form of Mist + Power of Mist"
      ]
  }, {
    "location": "Alucard shield",
    "comment": "Requires Holy glasses + flight",
    "locks": [
        "Holy glasses + Gravity Boots + Leap Stone",
        "Holy glasses + Gravity Boots + Form of Mist",
        "Holy glasses + Gravity Boots + Soul of Wolf",
        "Holy glasses + Gravity Boots + Thrust sword",
        "Holy glasses + Form of Mist + Power of Mist"
      ]
  }, {
    "location": "Alucard sword",
    "comment": "Requires Holy glasses + flight",
    "locks": [
        "Holy glasses + Gravity Boots + Leap Stone",
        "Holy glasses + Gravity Boots + Form of Mist",
        "Holy glasses + Gravity Boots + Soul of Wolf",
        "Holy glasses + Gravity Boots + Thrust sword",
        "Holy glasses + Form of Mist + Power of Mist"
      ]
  }, {
    "location": "Necklace of J",
    "comment": "Requires Holy glasses + flight",
    "locks": [
        "Holy glasses + Gravity Boots + Leap Stone",
        "Holy glasses + Gravity Boots + Form of Mist",
        "Holy glasses + Gravity Boots + Soul of Wolf",
        "Holy glasses + Gravity Boots + Thrust sword",
        "Holy glasses + Form of Mist + Power of Mist"
      ]
  }, {
    "location": "Floating Catacombs Diamond",
    "comment": "Requires Holy glasses + flight",
    "locks": [
        "Holy glasses + Gravity Boots + Leap Stone",
        "Holy glasses + Gravity Boots + Form of Mist",
        "Holy glasses + Gravity Boots + Soul of Wolf",
        "Holy glasses + Gravity Boots + Thrust sword",
        "Holy glasses + Form of Mist + Power of Mist"
      ]
  }, {
    "location": "Sword of Hador",
    "comment": "Requires Holy glasses + flight",
    "locks": [
        "Holy glasses + Gravity Boots + Leap Stone",
        "Holy glasses + Gravity Boots + Form of Mist",
        "Holy glasses + Gravity Boots + Soul of Wolf",
        "Holy glasses + Gravity Boots + Thrust sword",
        "Holy glasses + Form of Mist + Power of Mist"
      ]
  }, {
    "location": "Alucard mail",
    "comment": "Requires Holy glasses + flight",
    "locks": [
        "Holy glasses + Gravity Boots + Leap Stone",
        "Holy glasses + Gravity Boots + Form of Mist",
        "Holy glasses + Gravity Boots + Soul of Wolf",
        "Holy glasses + Gravity Boots + Thrust sword",
        "Holy glasses + Form of Mist + Power of Mist"
      ]
  }, {
    "location": "Gram",
    "comment": "Requires Holy glasses + flight",
    "locks": [
        "Holy glasses + Gravity Boots + Leap Stone",
        "Holy glasses + Gravity Boots + Form of Mist",
        "Holy glasses + Gravity Boots + Soul of Wolf",
        "Holy glasses + Gravity Boots + Thrust sword",
        "Holy glasses + Form of Mist + Power of Mist"
      ]
  }, {
    "location": "Fury plate",
    "comment": "Requires Holy glasses + flight",
    "locks": [
        "Holy glasses + Gravity Boots + Leap Stone",
        "Holy glasses + Gravity Boots + Form of Mist",
        "Holy glasses + Gravity Boots + Soul of Wolf",
        "Holy glasses + Gravity Boots + Thrust sword",
        "Holy glasses + Form of Mist + Power of Mist"
      ]
  }, {
    "location": "Confessional",
    "comment": "Requires Jewel of Open or at least Leap Stone",
    "locks": [
    ]
  }, {
    "location": "Colosseum Green tea",
    "comment": "Requires at least Leap Stone",
    "locks": [
      "Leap Stone",
      "Gravity Boots",
      "Soul of Bat",
      "Form of Mist",
      "Soul of Wolf",
      "Thrust sword"
    ]
  }, {
    "location": "Clock Tower Cloaked knight",
    "comment": "Requires at least Leap Stone",
    "locks": [
    ]
  }, {
    "location": "Waterfall Cave",
    "comment": "Requires Jewel of Open",
    "locks": [
      "Jewel of Open"
    ]
  }, {
    "location": "Floating Catacombs Elixir",
    "comment": "Requires Holy glasses + flight + Possibly Spike Breaker",
    "locks": [
      "Holy glasses + Spike Breaker + Gravity Boots + Leap Stone",
      "Holy glasses + Form of Mist + Power of Mist",
      "Holy glasses + Spike Breaker + Gravity Boots + Soul of Wolf",
      "Holy glasses + Spike Breaker + Gravity Boots + Form of Mist",
      "Holy glasses + Spike Breaker + Gravity Boots + Thrust sword"
    ]
  }, {
    "location": "Reverse Entrance Antivenom",
    "comment": "Requires Holy glasses + flight",
    "locks": [
      "Holy glasses + Gravity Boots + Leap Stone",
      "Holy glasses + Form of Mist + Power of Mist",
      "Holy glasses + Gravity Boots + Soul of Wolf",
      "Holy glasses + Gravity Boots + Form of Mist",
      "Holy glasses + Gravity Boots + Thrust sword"
    ]
  }, {
    "location": "Reverse Forbidden Route",
    "comment": "Requires Holy glasses + flight",
    "locks": [
      "Holy glasses + Gravity Boots + Leap Stone",
      "Holy glasses + Form of Mist + Power of Mist",
      "Holy glasses + Gravity Boots + Soul of Wolf",
      "Holy glasses + Gravity Boots + Form of Mist",
      "Holy glasses + Gravity Boots + Thrust sword"
    ]
  }, {
    "location": "Cave Life apple",
    "comment": "Requires Holy glasses + flight + Demon Card",
    "locks": [
      "Holy glasses + Demon Card + Gravity Boots + Leap Stone",
      "Holy glasses + Demon Card + Form of Mist + Power of Mist",
      "Holy glasses + Demon Card + Gravity Boots + Soul of Wolf",
      "Holy glasses + Demon Card + Gravity Boots + Form of Mist",
      "Holy glasses + Demon Card + Gravity Boots + Thrust sword",
      "Holy glasses + Nosedevil Card + Gravity Boots + Leap Stone",
      "Holy glasses + Nosedevil Card + Form of Mist + Power of Mist",
      "Holy glasses + Nosedevil Card + Gravity Boots + Soul of Wolf",
      "Holy glasses + Nosedevil Card + Gravity Boots + Form of Mist",
      "Holy glasses + Nosedevil Card + Gravity Boots + Thrust sword"
    ]
  }, {
    "location": "Reverse Colosseum Zircon",
    "comment": "Requires Holy glasses + flight",
    "locks": [
      "Holy glasses + Gravity Boots + Leap Stone",
      "Holy glasses + Form of Mist + Power of Mist",
      "Holy glasses + Gravity Boots + Soul of Wolf",
      "Holy glasses + Gravity Boots + Form of Mist",
      "Holy glasses + Gravity Boots + Thrust sword"
    ]
  }, {
    "location": "Black Marble Gallery Vat",
    "comment": "Requires Holy glasses + flight",
    "locks": [
      "Holy glasses + Gravity Boots + Leap Stone",
      "Holy glasses + Form of Mist + Power of Mist",
      "Holy glasses + Gravity Boots + Soul of Wolf",
      "Holy glasses + Gravity Boots + Form of Mist",
      "Holy glasses + Gravity Boots + Thrust sword"
    ]
  }, {
    "location": "Black Marble Meal Ticket",
    "comment": "Requires Holy glasses + flight + Jewel of Open",
    "locks": [
      "Holy glasses + Jewel of Open + Gravity Boots + Leap Stone",
      "Holy glasses + Jewel of Open + Form of Mist + Power of Mist",
      "Holy glasses + Jewel of Open + Gravity Boots + Soul of Wolf",
      "Holy glasses + Jewel of Open + Gravity Boots + Form of Mist",
      "Holy glasses + Jewel of Open + Gravity Boots + Thrust sword"
    ]
  }, {
    "location": "Reverse Keep High Potion",
    "comment": "Requires Holy glasses + flight",
    "locks": [
      "Holy glasses + Gravity Boots + Leap Stone",
      "Holy glasses + Form of Mist + Power of Mist",
      "Holy glasses + Gravity Boots + Soul of Wolf",
      "Holy glasses + Gravity Boots + Form of Mist",
      "Holy glasses + Gravity Boots + Thrust sword"
    ]
  }],

  "writes": [{
    "comment": "Big Toss on normal damage",
    "type": "char",
    "address": "0x001188b4",
    "value": "0x04"
  }, {
    "comment": "Big Toss on 1HP damage & Toadstool",
    "type": "char",
    "address": "0x001188d8",
    "value": "0x04"
  }, {
    "comment": "Replace Rebound Stone Candle with Phantom Skull",
    "type": "word",
    "address": "0x557538C",
    "value": "0x0c0c0044"
  }, {
    "type": "short",
    "value": "0x2b00"
  }, {
    "type": "word",
    "address": "0x5575EFA",
    "value": "0x0c0c0044"
  }, {
    "type": "short",
    "value": "0x2b00"
  }, {
    "comment": "Usurp command of the Toadstool (Hooks)",
    "type": "word",
    "address": "0x03AF8918",
    "value": "0x0c04199c"
  }, {
    "type": "word",
    "value": "0x00000000"
  }, {
    "type": "word",
    "address": "0x03CD2DF8",
    "value": "0x0c04199c"
  }, {
    "type": "word",
    "value": "0x00000000"
  }, {
    "type": "word",
    "address": "0x03AF866C",
    "value": "0x0c0419aa"
  }, {
    "type": "word",
    "value": "0x00000000"
  }, {
    "type": "word",
    "address": "0x03CD2B4C",
    "value": "0x0c0419aa"
  }, {
    "type": "word",
    "value": "0x00000000"
  }, {
    "comment": "Fix the direction identifier (More hooks)",
    "type": "word",
    "address": "0x00130D68",
    "value": "0x080419b9"
  }, {
    "type": "word",
    "value": "0x00000000"
  }, {
    "comment": "Don't crash me bro (Hitbox debug doesn't work anymore, sorry)",
    "type": "word",
    "address": "0x000F9904",
    "value": "0x00000000"
  }, {
    "comment": "Fly the friendly skies (corrects get hit direction based on directiona lucard is looking)",
    "type": "word",
    "address": "0x1213D8",
    "value": "0xA602002C"
  }, {
    "type": "word",
    "value": "0x34020014"
  }, {
    "type": "word",
    "value": "0x00000000"
  }, {
    "type": "word",
    "value": "0x3C088007"
  }, {
    "type": "word",
    "value": "0x950F33EC"
  }, {
    "type": "word",
    "value": "0x00000000"
  }, {
    "type": "word",
    "value": "0x25EF0001"
  }, {
    "type": "word",
    "value": "0x00000000"
  }, {
    "type": "word",
    "value": "0x3C088010"
  }, {
    "type": "word",
    "value": "0x350866E0"
  }, {
    "type": "word",
    "value": "0x00000000"
  }, {
    "type": "word",
    "value": "0xAD0F0000"
  }, {
    "type": "word",
    "value": "0x03E00008"
  }, {
    "type": "word",
    "value": "0x00000000"
  }, {
    "type": "word",
    "value": "0xA602002C"
  }, {
    "type": "word",
    "value": "0x34024000"
  }, {
    "type": "word",
    "value": "0x00000000"
  }, {
    "type": "word",
    "value": "0x3C088007"
  }, {
    "type": "word",
    "value": "0x950F33EC"
  }, {
    "type": "word",
    "value": "0x00000000"
  }, {
    "type": "word",
    "value": "0x25EF0001"
  }, {
    "type": "word",
    "value": "0x00000000"
  }, {
    "type": "word",
    "value": "0x3C088010"
  }, {
    "type": "word",
    "value": "0x350866E0"
  }, {
    "type": "word",
    "value": "0x00000000"
  }, {
    "type": "word",
    "value": "0xAD0F0000"
  }, {
    "type": "word",
    "value": "0x03E00008"
  }, {
    "type": "word",
    "value": "0x00000000"
  }, {
    "type": "word",
    "value": "0x00000000"
  }, {
    "type": "word",
    "value": "0x00021400"
  }, {
    "type": "word",
    "value": "0x00021403"
  }, {
    "type": "word",
    "value": "0x3C0F8010"
  }, {
    "type": "word",
    "value": "0x8DEF66E0"
  }, {
    "type": "word",
    "value": "0x3C0E8007"
  }, {
    "type": "word",
    "value": "0x35CE340A"
  }, {
    "type": "word",
    "value": "0x11E0000E"
  }, {
    "type": "word",
    "value": "0x00000000"
  }, {
    "type": "word",
    "value": "0x25EFFFFF"
  }, {
    "type": "word",
    "value": "0x00000000"
  }, {
    "type": "word",
    "value": "0x39EF0001"
  }, {
    "type": "word",
    "value": "0x00000000"
  }, {
    "type": "word",
    "value": "0xA5CF0000"
  }, {
    "type": "word",
    "value": "0x00000000"
  }, {
    "type": "word",
    "value": "0x3C0E8010"
  }, {
    "type": "word",
    "value": "0x35CE66E0"
  }, {
    "type": "word",
    "value": "0x00000000"
  }, {
    "type": "word",
    "value": "0xADC00000"
  }, {
    "type": "word",
    "value": "0x00000000"
  }, {
    "type": "word",
    "value": "0x08045015"
  }, {
    "type": "word",
    "value": "0x00000000"
  }, {
    "type": "word",
    "value": "0x08044FFE"
  }, {
    "type": "word",
    "value": "0x00000000"
  }, {
    "type": "word",
    "address": "0x044cf8c4",
    "value": "0x3c028003",
    "comment": "Start of Turning on Spike Room Lights code block"
  }, {
    "type": "word",
    "value": "0x3442be2e"
  }, {
    "type": "word",
    "value": "0xa4490000",
    "comment": "end of Turning on Spike Room Lights code block"
  }]
}