{
  "metadata": {
    "id": "forge",
    "name": "Forge",
    "description": "Requires knowledge of movement mechanics used in speedruns. Death skip intended and access to second castle is locked behind Richter Skip with Wolf. Goal is Relic Skip",
    "author": "3snow_p7im, Dr4gonBlitz, and eldri7ch",
    "weight": -500
  },

  "replaceRelic": [{
    "relic": "Holy glasses",
    "item": "Duplicator",
    "comment": "Remove Holy Glasses, replace with Dupe for easier fights, etc."
  }, {
    "relic": "Tooth of Vlad",
    "item": "Heart Refresh",
    "comment": "Force Relic Skip"
  }, {
    "relic": "Ring of Vlad",
    "item": "Buffalo star"
  }, {
    "relic": "Rib of Vlad",
    "item": "Buffalo star"
  }, {
    "relic": "Heart of Vlad",
    "item": "Diamond"
  }, {
    "relic": "Eye of Vlad",
    "item": "Library card"
  }],

  "placeRelic": [{
    "comment": "Soul of Wolf or Soul of Bat at Jewel of Open location",
    "relic": [
      "Soul of Wolf",
      "Soul of Bat",
      "Dupe",
      "HeartRef"
    ],
    "location": "Jewel of Open"
  }],

  "alias": [{
    "comment": "Alias Holy Glasses as Duplicator",
    "relic": "Nosedevil Card",
    "alias": "Dupe"
  }, {
    "comment": "Alias Tooth of Vlad as Heart Refresh",
    "relic": "Tooth of Vlad",
    "alias": "HeartRef"
  }, {
    "comment": "Alias Heart of Vlad as Infinite Diamond",
    "relic": "Heart of Vlad",
    "alias": "InfDiam"
  }],

  "lockLocation": [{
    "location": "Cube of Zoe",
    "locks": [
    ],
    "block": [
      "Jewel of Open",
      "Soul of Bat"
    ]
  },{
    "location": "Spirit Orb",
    "locks": [
    ],
    "block": [
      "Jewel of Open",
      "Soul of Bat"
    ]
  }, {
    "location": "Soul of Wolf",
    "locks": [
    ],
    "block": [
      "Jewel of Open",
      "Soul of Bat"
    ]
  }, {
    "location": "Faerie Scroll",
    "locks": [
    ],
    "block": [
      "Jewel of Open",
      "Soul of Bat"
    ]
  }, {
    "location": "Jewel of Open",
    "locks": [
      "Sword Card + InfDiam"
    ]
  }, {
    "location": "Leap Stone",
    "locks": [
    ],
    "block": [
      "Jewel of Open",
      "Soul of Bat"
    ]
  }, {
    "location": "Soul of Bat",
    "comment": "Requires Mist",
    "locks": [
      "Form of Mist"
    ],
    "comment": "Access must also give at least Leap Stone",
    "escapeRequires": [
      "Soul of Bat",
      "Form of Mist + Thrust sword",
      "Soul of Wolf + Thrust sword",
      "Soul of Wolf + Form of Mist",
      "Leap Stone",
      "Gravity Boots"
    ]
  }, {
    "location": "Fire of Bat",
    "comment": "Requires flight",
    "locks": [
      "Soul of Bat",
      "Gravity Boots + Leap Stone",
      "Gravity Boots + Soul of Wolf",
      "Gravity Boots + Form of Mist",
      "Gravity Boots + Thrust sword",
      "Form of Mist + Power of Mist"
    ]
  }, {
    "location": "Echo of Bat",
    "comment": "Requires flight + a transformation",
    "locks": [
      "Soul of Bat",
      "Gravity Boots + Form of Mist",
      "Gravity Boots + Soul of Wolf",
      "Form of Mist + Power of Mist"
    ]
  }, {
    "location": "Force of Echo",
    "comment": "In second castle",
    "locks": [
      "Soul of Bat + Soul of Wolf",
      "Soul of Bat + Soul of Wolf + Gravity Boots + Leap Stone",
      "Soul of Bat + Soul of Wolf + Gravity Boots + Soul of Wolf",
      "Soul of Bat + Soul of Wolf + Gravity Boots + Form of Mist",
      "Soul of Bat + Soul of Wolf + Gravity Boots + Thrust sword",
      "Soul of Bat + Soul of Wolf + Form of Mist + Power of Mist"
    ]
  }, {
    "location": "Power of Wolf",
    "comment": "Requires flight",
    "locks": [
      "Soul of Bat",
      "Gravity Boots + Leap Stone",
      "Gravity Boots + Soul of Wolf",
      "Gravity Boots + Form of Mist",
      "Gravity Boots + Thrust sword",
      "Form of Mist + Power of Mist"
    ]
  }, {
    "location": "Skill of Wolf",
    "comment": "Requires at least Gravity Boots",
    "locks": [
      "Gravity Boots",
      "Soul of Bat",
      "Form of Mist + Power of Mist"
    ]
  }, {
    "location": "Form of Mist",
    "comment": "Requires at least Leap Stone or a transformation",
    "locks": [
      "Leap Stone",
      "Gravity Boots",
      "Soul of Bat",
      "Soul of Wolf",
      "Form of Mist",
      "Thrust sword"
    ],
    "block": [
      "Soul of Bat"
    ]
  }, {
    "location": "Power of Mist",
    "comment": "Requires flight",
    "locks": [
      "Soul of Bat",
      "Gravity Boots + Leap Stone",
      "Gravity Boots + Soul of Wolf",
      "Gravity Boots + Form of Mist",
      "Gravity Boots + Thrust sword",
      "Form of Mist + Power of Mist"
    ]
  }, {
    "location": "Gas Cloud",
    "comment": "In second castle",
    "locks": [
      "Soul of Bat + Soul of Wolf",
      "Soul of Bat + Soul of Wolf + Gravity Boots + Leap Stone",
      "Soul of Bat + Soul of Wolf + Gravity Boots + Soul of Wolf",
      "Soul of Bat + Soul of Wolf + Gravity Boots + Form of Mist",
      "Soul of Bat + Soul of Wolf + Gravity Boots + Thrust sword",
      "Soul of Bat + Soul of Wolf + Form of Mist + Power of Mist"
    ]
  }, {
    "location": "Gravity Boots",
    "comment": "Requires flight",
    "locks": [
      "Soul of Bat",
      "Gravity Boots + Leap Stone",
      "Gravity Boots + Soul of Wolf",
      "Gravity Boots + Form of Mist",
      "Gravity Boots + Thrust sword",
      "Form of Mist + Power of Mist"
    ]
  }, {
    "location": "Holy Symbol",
    "comment": "Requires Jewel of Open and Merman Statue",
    "locks": [
      "Jewel of Open + Merman Statue"
    ]
  }, {
    "location": "Merman Statue",
    "comment": "Requires Jewel of Open",
    "locks": [
      "Jewel of Open"
    ]
  }, {
    "location": "Bat Card",
    "comment": "Requires at least Gravity Boots",
    "locks": [
      "Gravity Boots",
      "Soul of Bat",
      "Form of Mist + Power of Mist"
    ]
  }, {
    "location": "Ghost Card",
    "comment": "Requires flight",
    "locks": [
      "Soul of Bat",
      "Gravity Boots + Leap Stone",
      "Gravity Boots + Soul of Wolf",
      "Gravity Boots + Form of Mist",
      "Gravity Boots + Thrust sword",
      "Form of Mist + Power of Mist"
    ]
  }, {
    "location": "Faerie Card",
    "comment": "Requires at least Gravity Boots",
    "locks": [
      "Gravity Boots",
      "Soul of Bat",
      "Soul of Wolf",
      "Form of Mist",
      "Leap Stone",
      "Thrust sword"
    ]
  }, {
    "location": "Demon Card",
    "comment": "Requires Jewel of Open + at least Leap Stone",
    "locks": [
      "Jewel of Open + Leap Stone",
      "Jewel of Open + Soul of Bat",
      "Jewel of Open + Soul of Wolf",
      "Jewel of Open + Gravity Boots + Form of Mist",
      "Jewel of Open + Gravity Boots + Thrust sword",
      "Jewel of Open + Form of Mist + Power of Mist"
    ],
    "comment": "Access must also give at least Leap Stone",
    "escapeRequires": [
      "Soul of Bat",
      "Form of Mist",
      "Leap Stone",
      "Gravity Boots"
    ]
  }, {
    "location": "Sword Card",
    "comment": "Requires flight",
    "locks": [
      "Soul of Bat",
      "Gravity Boots + Leap Stone",
      "Gravity Boots + Soul of Wolf",
      "Gravity Boots + Form of Mist",
      "Gravity Boots + Thrust sword",
      "Form of Mist + Power of Mist"
    ]
  }, {
    "location": "Heart of Vlad",
    "comment": "In second castle",
    "locks": [
      "Soul of Bat + Soul of Wolf",
      "Soul of Bat + Soul of Wolf + Gravity Boots + Leap Stone",
      "Soul of Bat + Soul of Wolf + Gravity Boots + Soul of Wolf",
      "Soul of Bat + Soul of Wolf + Gravity Boots + Form of Mist",
      "Soul of Bat + Soul of Wolf + Gravity Boots + Thrust sword",
      "Soul of Bat + Soul of Wolf + Form of Mist + Power of Mist"
    ]
  }, {
    "location": "Tooth of Vlad",
    "comment": "In second castle",
    "locks": [
      "Soul of Bat + Soul of Wolf",
      "Soul of Bat + Soul of Wolf + Gravity Boots + Leap Stone",
      "Soul of Bat + Soul of Wolf + Gravity Boots + Soul of Wolf",
      "Soul of Bat + Soul of Wolf + Gravity Boots + Form of Mist",
      "Soul of Bat + Soul of Wolf + Gravity Boots + Thrust sword",
      "Soul of Bat + Soul of Wolf + Form of Mist + Power of Mist"
    ]
  }, {
    "location": "Rib of Vlad",
    "comment": "In second castle + transformation",
    "locks": [
      "Soul of Bat + Soul of Wolf",
      "Soul of Bat + Soul of Wolf + Gravity Boots + Soul of Wolf",
      "Soul of Bat + Soul of Wolf + Gravity Boots + Form of Mist",
      "Soul of Bat + Soul of Wolf + Form of Mist + Power of Mist"
    ]
  }, {
    "location": "Ring of Vlad",
    "comment": "In second castle",
    "locks": [
      "Soul of Bat + Soul of Wolf",
      "Soul of Bat + Soul of Wolf + Gravity Boots + Leap Stone",
      "Soul of Bat + Soul of Wolf + Gravity Boots + Soul of Wolf",
      "Soul of Bat + Soul of Wolf + Gravity Boots + Form of Mist",
      "Soul of Bat + Soul of Wolf + Gravity Boots + Thrust sword",
      "Soul of Bat + Soul of Wolf + Form of Mist + Power of Mist"
    ]
  }, {
    "location": "Eye of Vlad",
    "comment": "In second castle",
    "locks": [
      "Soul of Bat + Soul of Wolf",
      "Soul of Bat + Soul of Wolf + Gravity Boots + Leap Stone",
      "Soul of Bat + Soul of Wolf + Gravity Boots + Soul of Wolf",
      "Soul of Bat + Soul of Wolf + Gravity Boots + Form of Mist",
      "Soul of Bat + Soul of Wolf + Gravity Boots + Thrust sword",
      "Soul of Bat + Soul of Wolf + Form of Mist + Power of Mist"
    ]
  }, {
    "location": "Spike Breaker",
    "comment": "Requires Jewel of Open and some skill",
    "locks": [
      "Jewel of Open + Soul of Bat",
      "Jewel of Open + Leap Stone + Spike Breaker",
      "Jewel of Open + Form of Mist + Power of Mist",
      "Jewel of Open + Gravity Boots + Form of Mist + Spike Breaker",
      "Jewel of Open + Gravity Boots + Soul of Wolf + Spike Breaker",
      "Jewel of Open + Gravity Boots + Thrust sword + Spike Breaker"
    ],
    "comment": "Access must also give at least Leap Stone",
    "escapeRequires": [
      "Soul of Bat",
      "Form of Mist + Power of Mist",
      "Leap Stone",
      "Gravity Boots"
    ]
  }, {
    "location": "Gold ring",
    "comment": "Requires Jewel of Open + flight, Jewel of Open + Soul of Wolf + Skill of Wolf, or Jewel of Open + Soul of Wolf + Leap Stone",
    "locks": [
      "Jewel of Open + Soul of Bat",
      "Jewel of Open + Gravity Boots + Leap Stone",
      "Jewel of Open + Gravity Boots + Soul of Wolf",
      "Jewel of Open + Gravity Boots + Form of Mist",
      "Jewel of Open + Gravity Boots + Thrust sword",
      "Jewel of Open + Form of Mist + Power of Mist",
      "Jewel of Open + Soul of Wolf + Skill of Wolf",
      "Jewel of Open + Soul of Wolf + Leap Stone"
    ]
  }, {
    "location": "Silver ring",
    "comment": "Requires Jewel of Open + Form of Mist + Soul of Bat",
    "locks": [
      "Jewel of Open + Form of Mist + Soul of Bat",
      "Jewel of Open + Form of Mist + Power of Mist"
    ]
  }, {
    "location": "Holy glasses",
    "comment": "Requires rings",
    "locks": [
      "Silver ring + Gold ring"
    ],
    "comment": "Access to Soul of Bat + Soul of Wolf must also give flight",
    "escapeRequires": [
      "Soul of Bat",
      "Gravity Boots + Leap Stone",
      "Gravity Boots + Soul of Wolf",
      "Gravity Boots + Form of Mist",
      "Gravity Boots + Thrust sword",
      "Form of Mist + Power of Mist"
    ]
  }, {
    "location": "Crystal cloak",
    "comment": "Requires Jewel of Open",
    "locks": [
      "Jewel of Open"
    ]
  }, {
    "location": "Mormegil",
    "comment": "Requires Jewel of Open + at least Leap Stone",
    "locks": [
      "Jewel of Open + Leap Stone",
      "Jewel of Open + Soul of Bat",
      "Jewel of Open + Soul of Wolf",
      "Jewel of Open + Gravity Boots + Soul of Wolf",
      "Jewel of Open + Gravity Boots + Form of Mist",
      "Jewel of Open + Gravity Boots + Thrust sword",
      "Jewel of Open + Form of Mist + Power of Mist"
    ],
    "comment": "Access to Mormegil must also give at least Leap Stone",
    "escapeRequires": [
      "Soul of Bat",
      "Form of Mist",
      "Leap Stone",
      "Gravity Boots"
    ]
  }, {
    "location": "Dark Blade",
    "comment": "In second castle",
    "locks": [
      "Soul of Bat + Soul of Wolf",
      "Soul of Bat + Soul of Wolf + Gravity Boots + Leap Stone",
      "Soul of Bat + Soul of Wolf + Gravity Boots + Soul of Wolf",
      "Soul of Bat + Soul of Wolf + Gravity Boots + Form of Mist",
      "Soul of Bat + Soul of Wolf + Gravity Boots + Thrust sword",
      "Soul of Bat + Soul of Wolf + Form of Mist + Power of Mist"
    ]
  }, {
    "location": "Ring of Arcana",
    "comment": "In second castle",
    "locks": [
      "Soul of Bat + Soul of Wolf",
      "Soul of Bat + Soul of Wolf + Gravity Boots + Leap Stone",
      "Soul of Bat + Soul of Wolf + Gravity Boots + Soul of Wolf",
      "Soul of Bat + Soul of Wolf + Gravity Boots + Form of Mist",
      "Soul of Bat + Soul of Wolf + Gravity Boots + Thrust sword",
      "Soul of Bat + Soul of Wolf + Form of Mist + Power of Mist"
    ]
  }, {
    "location": "Trio",
    "comment": "In second castle",
    "locks": [
      "Soul of Bat + Soul of Wolf",
      "Soul of Bat + Soul of Wolf + Gravity Boots + Leap Stone",
      "Soul of Bat + Soul of Wolf + Gravity Boots + Soul of Wolf",
      "Soul of Bat + Soul of Wolf + Gravity Boots + Form of Mist",
      "Soul of Bat + Soul of Wolf + Gravity Boots + Thrust sword",
      "Soul of Bat + Soul of Wolf + Form of Mist + Power of Mist"
    ]
  }, {
    "location": "Walk armor",
    "comment": "Requires Jewel of Open + at least Leap Stone",
    "locks": [
      "Jewel of Open + Leap Stone",
      "Jewel of Open + Soul of Bat",
      "Jewel of Open + Soul of Wolf + Power of Wolf",
      "Jewel of Open + Gravity Boots + Soul of Wolf",
      "Jewel of Open + Gravity Boots + Form of Mist",
      "Jewel of Open + Gravity Boots + Thrust sword",
      "Jewel of Open + Form of Mist + Power of Mist"
    ],
    "comment": "Access must also give at least Leap Stone",
    "escapeRequires": [
      "Soul of Bat",
      "Leap Stone",
      "Gravity Boots",
      "Form of Mist + Power of Mist"
    ]
  }, {
    "location": "Icebrand",
    "comment": "Requires Jewel of Open + at least Leap Stone",
    "locks": [
      "Jewel of Open + Leap Stone",
      "Jewel of Open + Soul of Bat",
      "Jewel of Open + Soul of Wolf + Power of Wolf",
      "Jewel of Open + Gravity Boots + Soul of Wolf",
      "Jewel of Open + Gravity Boots + Form of Mist",
      "Jewel of Open + Gravity Boots + Thrust sword",
      "Jewel of Open + Form of Mist + Power of Mist"
    ],
    "comment": "Access must also give at least Leap Stone",
    "escapeRequires": [
      "Soul of Bat",
      "Leap Stone",
      "Gravity Boots",
      "Form of Mist + Power of Mist"
    ]
  }, {
    "location": "Bloodstone",
    "comment": "Requires Jewel of Open + at least Leap Stone",
    "locks": [
      "Jewel of Open + Leap Stone",
      "Jewel of Open + Soul of Bat",
      "Jewel of Open + Soul of Wolf + Power of Wolf",
      "Jewel of Open + Gravity Boots + Soul of Wolf",
      "Jewel of Open + Gravity Boots + Form of Mist",
      "Jewel of Open + Gravity Boots + Thrust sword",
      "Jewel of Open + Form of Mist + Power of Mist"
    ],
    "comment": "Access must also give at least Leap Stone",
    "escapeRequires": [
      "Soul of Bat",
      "Leap Stone",
      "Gravity Boots",
      "Form of Mist + Power of Mist"
    ]
  }, {
    "location": "Combat knife",
    "comment": "Requires Jewel of Open + at least Leap Stone",
    "locks": [
      "Jewel of Open + Leap Stone",
      "Jewel of Open + Soul of Bat",
      "Jewel of Open + Soul of Wolf + Power of Wolf",
      "Jewel of Open + Gravity Boots + Soul of Wolf",
      "Jewel of Open + Gravity Boots + Form of Mist",
      "Jewel of Open + Gravity Boots + Thrust sword",
      "Jewel of Open + Form of Mist + Power of Mist"
    ],
    "comments": "Access must also give at least Leap Stone",
    "escapeRequires": [
      "Soul of Bat",
      "Leap Stone",
      "Gravity Boots",
      "Form of Mist + Power of Mist"
    ]
  }, {
    "location": "Ring of Ares",
    "comment": "Requires Jewel of Open + Demon Card + at least Leap Stone",
    "locks": [

      "Jewel of Open + Demon Card + Leap Stone",
      "Jewel of Open + Demon Card + Soul of Bat",
      "Jewel of Open + Demon Card + Soul of Wolf + Power of Wolf",
      "Jewel of Open + Demon Card + Gravity Boots + Soul of Wolf",
      "Jewel of Open + Demon Card + Gravity Boots + Form of Mist",
      "Jewel of Open + Demon Card + Gravity Boots + Thrust sword",
      "Jewel of Open + Demon Card + Form of Mist + Power of Mist",
      "Jewel of Open + Nosedevil Card + Leap Stone",
      "Jewel of Open + Nosedevil Card + Soul of Bat",
      "Jewel of Open + Nosedevil Card + Soul of Wolf",
      "Jewel of Open + Nosedevil Card + Gravity Boots + Soul of Wolf",
      "Jewel of Open + Nosedevil Card + Gravity Boots + Form of Mist",
      "Jewel of Open + Nosedevil Card + Gravity Boots + Thrust sword",
      "Jewel of Open + Nosedevil Card + Form of Mist + Power of Mist"
    ],
    "comment": "Access must also give at least Leap Stone",
    "escapeRequires": [
      "Soul of Bat",
      "Leap Stone",
      "Gravity Boots",
      "Form of Mist + Power of Mist"
    ]
  }, {
    "location": "Caverns Onyx",
    "comment": "Requires Jewel of Open + at least Leap Stone",
    "locks": [
      "Jewel of Open + Leap Stone",
      "Jewel of Open + Soul of Bat",
      "Jewel of Open + Soul of Wolf",
      "Jewel of Open + Merman Statue",
      "Jewel of Open + Gravity Boots + Soul of Wolf",
      "Jewel of Open + Gravity Boots + Form of Mist",
      "Jewel of Open + Gravity Boots + Thrust sword",
      "Jewel of Open + Form of Mist + Power of Mist"
    ]
  }, {
    "location": "Knuckle duster",
    "comment": "Requires Jewel of Open",
    "locks": [
      "Jewel of Open"
    ]
  }, {
    "location": "Bandanna",
    "comment": "Requires Jewel of Open",
    "locks": [
      "Jewel of Open"
    ]
  }, {
    "location": "Nunchaku",
    "comment": "Requires Jewel of Open + Holy Symbol",
    "locks": [
      "Jewel of Open"
    ]
  }, {
    "location": "Secret boots",
    "comment": "Requires Jewel of Open + flight",
    "locks": [
      "Jewel of Open + Soul of Bat",
      "Jewel of Open + Gravity Boots + Leap Stone",
      "Jewel of Open + Form of Mist + Power of Mist",
      "Jewel of Open + Gravity Boots + Soul of Wolf",
      "Jewel of Open + Gravity Boots + Form of Mist",
      "Jewel of Open + Gravity Boots + Thrust sword"
    ]
  }, {
    "location": "Holy mail",
    "comment": "Requires flight",
    "locks": [
      "Leap Stone",
      "Soul of Bat",
      "Form of Mist + Power of Mist",
      "Jewel of Open + Gravity Boots + Soul of Wolf",
      "Jewel of Open + Gravity Boots + Form of Mist",
      "Jewel of Open + Gravity Boots + Thrust sword"
    ]
  }, {
    "location": "Jewel sword",
    "comment": "Requires Wolf + Bat",
    "locks": [
      "Soul of Wolf + Soul of Bat"
    ]
  }, {
    "location": "Mystic pendant",
    "comment": "Requires at least Leap Stone",
    "locks": [
      "Soul of Bat",
      "Leap Stone",
      "Gravity Boots",
      "Form of Mist + Power of Mist"
    ]
  }, {
    "location": "Ankh of Life",
    "comment": "Requires at least Leap Stone",
    "locks": [
      "Soul of Bat",
      "Leap Stone",
      "Gravity Boots",
      "Form of Mist + Power of Mist"
    ]
  }, {
    "location": "Morningstar",
    "comment": "Requires at least Leap Stone",
    "locks": [
      "Soul of Bat",
      "Leap Stone",
      "Gravity Boots",
      "Form of Mist + Power of Mist"
    ]
  }, {
    "location": "Goggles",
    "comment": "Requires Jewel of Open or at least Leap Stone",
    "locks": [
    ]
  }, {
    "location": "Silver plate",
    "comment": "Requires Jewel of Open or at least Leap Stone",
    "locks": [
    ]
  }, {
    "location": "Cutlass",
    "comment": "Requires Jewel of Open or at least Leap Stone",
    "locks": [
    ]
  }, {
    "location": "Platinum mail",
    "comment": "Requires at least Gravity Boots",
    "locks": [
      "Soul of Bat",
      "Gravity Boots",
      "Form of Mist + Power of Mist"
    ]
  }, {
    "location": "Falchion",
    "comment": "Requires at least Leap Stone",
    "locks": [
      "Soul of Bat",
      "Leap Stone",
      "Gravity Boots",
      "Form of Mist"
    ]
  }, {
    "location": "Gold plate",
    "comment": "Requires at least Leap Stone",
    "locks": [
    ]
  }, {
    "location": "Bekatowa",
    "comment": "Requires at least Gravity Boots",
    "locks": [
      "Soul of Bat",
      "Gravity Boots",
      "Form of Mist + Power of Mist"
    ]
  }, {
    "location": "Holy rod",
    "comment": "Requires at least Gravity Boots",
    "locks": [
      "Leap Stone",
      "Soul of Bat",
      "Gravity Boots",
      "Form of Mist + Thrust sword"
    ]
  }, {
    "location": "Library Onyx",
    "comment": "Requires at least Soul of Wolf",
    "locks": [
      "Soul of Bat",
      "Soul of Wolf",
      "Form of Mist",
      "Leap Stone",
      "Thrust sword",
      "Gravity Boots"
    ]
  }, {
    "location": "Alucart sword",
    "comment": "Requires at least Cube of Zoe + at least Leap Stone",
    "locks": [
      "Cube of Zoe + Soul of Bat",
      "Cube of Zoe + Soul of Wolf",
      "Cube of Zoe + Thrust sword",
      "Cube of Zoe + Leap Stone",
      "Cube of Zoe + Gravity Boots",
      "Cube of Zoe + Form of Mist"
    ]
  }, {
    "location": "Broadsword",
    "comment": "Requires at least Leap Stone",
    "locks": [
      "Soul of Bat",
      "Soul of Wolf",
      "Form of Mist",
      "Leap Stone",
      "Thrust sword",
      "Gravity Boots"
    ]
  }, {
    "location": "Estoc",
    "comment": "Requires flight",
    "locks": [
      "Soul of Bat",
      "Gravity Boots + Leap Stone",
      "Form of Mist + Power of Mist",
      "Gravity Boots + Soul of Wolf",
      "Gravity Boots + Form of Mist",
      "Gravity Boots + Thrust sword"
    ]
  }, {
    "location": "Olrox Garnet",
    "comment": "Requires flight",
    "locks": [
      "Soul of Bat",
      "Gravity Boots + Leap Stone",
      "Form of Mist + Power of Mist",
      "Gravity Boots + Soul of Wolf",
      "Gravity Boots + Form of Mist",
      "Gravity Boots + Thrust sword"
    ]
  }, {
    "location": "Blood cloak",
    "comment": "Requires at least Leap Stone",
    "locks": [
      "Soul of Bat",
      "Soul of Wolf",
      "Form of Mist",
      "Leap Stone",
      "Thrust sword",
      "Gravity Boots"
    ]
  }, {
    "location": "Shield rod",
    "comment": "Requires at least Leap Stone",
    "locks": [
      "Soul of Bat",
      "Soul of Wolf",
      "Form of Mist",
      "Leap Stone",
      "Thrust sword",
      "Gravity Boots"
    ]
  }, {
    "location": "Knight shield",
    "comment": "Requires at least Leap Stone",
    "locks": [
      "Soul of Bat",
      "Soul of Wolf",
      "Form of Mist",
      "Leap Stone",
      "Thrust sword",
      "Gravity Boots"
    ]
  }, {
    "location": "Holy sword",
    "comment": "Requires at least Gravity Boots",
    "locks": [
      "Soul of Bat",
      "Gravity Boots",
      "Form of Mist + Power of Mist"
    ]
  }, {
    "location": "Bastard sword",
    "comment": "Requires Soul of Bat + Soul of Wolf + flight",
    "locks": [
      "Soul of Bat + Soul of Wolf",
      "Soul of Bat + Soul of Wolf + Gravity Boots + Leap Stone",
      "Soul of Bat + Soul of Wolf + Form of Mist + Power of Mist",
      "Soul of Bat + Soul of Wolf + Gravity Boots + Soul of Wolf",
      "Soul of Bat + Soul of Wolf + Gravity Boots + Form of Mist",
      "Soul of Bat + Soul of Wolf + Gravity Boots + Thrust sword"
    ]
  }, {
    "location": "Royal cloak",
    "comment": "Requires Soul of Bat + Soul of Wolf + flight",
    "locks": [
      "Soul of Bat + Soul of Wolf",
      "Soul of Bat + Soul of Wolf + Gravity Boots + Leap Stone",
      "Soul of Bat + Soul of Wolf + Form of Mist + Power of Mist",
      "Soul of Bat + Soul of Wolf + Gravity Boots + Soul of Wolf",
      "Soul of Bat + Soul of Wolf + Gravity Boots + Form of Mist",
      "Soul of Bat + Soul of Wolf + Gravity Boots + Thrust sword"
    ]
  }, {
    "location": "Lightning mail",
    "comment": "Requires Soul of Bat + Soul of Wolf + flight",
    "locks": [
      "Soul of Bat + Soul of Wolf",
      "Soul of Bat + Soul of Wolf + Gravity Boots + Leap Stone",
      "Soul of Bat + Soul of Wolf + Form of Mist + Power of Mist",
      "Soul of Bat + Soul of Wolf + Gravity Boots + Soul of Wolf",
      "Soul of Bat + Soul of Wolf + Gravity Boots + Form of Mist",
      "Soul of Bat + Soul of Wolf + Gravity Boots + Thrust sword"
    ]
  }, {
    "location": "Sword of Dawn",
    "comment": "Requires Soul of Bat + Soul of Wolf + flight",
    "locks": [
      "Soul of Bat + Soul of Wolf",
      "Soul of Bat + Soul of Wolf + Gravity Boots + Leap Stone",
      "Soul of Bat + Soul of Wolf + Form of Mist + Power of Mist",
      "Soul of Bat + Soul of Wolf + Gravity Boots + Soul of Wolf",
      "Soul of Bat + Soul of Wolf + Gravity Boots + Form of Mist",
      "Soul of Bat + Soul of Wolf + Gravity Boots + Thrust sword"
    ]
  }, {
    "location": "Moon rod",
    "comment": "Requires Soul of Bat + Soul of Wolf + flight",
    "locks": [
      "Soul of Bat + Soul of Wolf",
      "Soul of Bat + Soul of Wolf + Gravity Boots + Leap Stone",
      "Soul of Bat + Soul of Wolf + Form of Mist + Power of Mist",
      "Soul of Bat + Soul of Wolf + Gravity Boots + Soul of Wolf",
      "Soul of Bat + Soul of Wolf + Gravity Boots + Form of Mist",
      "Soul of Bat + Soul of Wolf + Gravity Boots + Thrust sword"
    ]
  }, {
    "location": "Sunstone",
    "comment": "Requires Soul of Bat + Soul of Wolf + flight",
    "locks": [
      "Soul of Bat + Soul of Wolf",
      "Soul of Bat + Soul of Wolf + Gravity Boots + Leap Stone",
      "Soul of Bat + Soul of Wolf + Form of Mist + Power of Mist",
      "Soul of Bat + Soul of Wolf + Gravity Boots + Soul of Wolf",
      "Soul of Bat + Soul of Wolf + Gravity Boots + Form of Mist",
      "Soul of Bat + Soul of Wolf + Gravity Boots + Thrust sword"
    ]
  }, {
    "location": "Luminus",
    "comment": "Requires Soul of Bat + Soul of Wolf + flight",
    "locks": [
      "Soul of Bat + Soul of Wolf",
      "Soul of Bat + Soul of Wolf + Gravity Boots + Leap Stone",
      "Soul of Bat + Soul of Wolf + Form of Mist + Power of Mist",
      "Soul of Bat + Soul of Wolf + Gravity Boots + Soul of Wolf",
      "Soul of Bat + Soul of Wolf + Gravity Boots + Form of Mist",
      "Soul of Bat + Soul of Wolf + Gravity Boots + Thrust sword"
    ]
  }, {
    "location": "Dragon helm",
    "comment": "Requires Soul of Bat + Soul of Wolf + flight",
    "locks": [
      "Soul of Bat + Soul of Wolf",
      "Soul of Bat + Soul of Wolf + Gravity Boots + Leap Stone",
      "Soul of Bat + Soul of Wolf + Form of Mist + Power of Mist",
      "Soul of Bat + Soul of Wolf + Gravity Boots + Soul of Wolf",
      "Soul of Bat + Soul of Wolf + Gravity Boots + Form of Mist",
      "Soul of Bat + Soul of Wolf + Gravity Boots + Thrust sword"
    ]
  }, {
    "location": "Shotel",
    "comment": "Requires Soul of Bat + Soul of Wolf + Mist + flight",
    "locks": [
      "Soul of Bat + Soul of Wolf + Form of Mist",
      "Soul of Bat + Soul of Wolf + Form of Mist + Gravity Boots + Leap Stone",
      "Soul of Bat + Soul of Wolf + Form of Mist + Power of Mist",
      "Soul of Bat + Soul of Wolf + Form of Mist + Gravity Boots + Soul of Wolf",
      "Soul of Bat + Soul of Wolf + Gravity Boots + Form of Mist",
      "Soul of Bat + Soul of Wolf + Form of Mist + Gravity Boots + Thrust sword"
    ]
  }, {
    "location": "Staurolite",
    "comment": "Requires Soul of Bat + Soul of Wolf + Mist + flight",
    "locks": [
      "Soul of Bat + Soul of Wolf + Form of Mist",
      "Soul of Bat + Soul of Wolf + Form of Mist + Gravity Boots + Leap Stone",
      "Soul of Bat + Soul of Wolf + Form of Mist + Power of Mist",
      "Soul of Bat + Soul of Wolf + Form of Mist + Gravity Boots + Soul of Wolf",
      "Soul of Bat + Soul of Wolf + Gravity Boots + Form of Mist",
      "Soul of Bat + Soul of Wolf + Form of Mist + Gravity Boots + Thrust sword"
    ]
  }, {
    "location": "Badelaire",
    "comment": "Requires Soul of Bat + Soul of Wolf + flight",
    "locks": [
      "Soul of Bat + Soul of Wolf",
      "Soul of Bat + Soul of Wolf + Gravity Boots + Leap Stone",
      "Soul of Bat + Soul of Wolf + Form of Mist + Power of Mist",
      "Soul of Bat + Soul of Wolf + Gravity Boots + Soul of Wolf",
      "Soul of Bat + Soul of Wolf + Gravity Boots + Form of Mist",
      "Soul of Bat + Soul of Wolf + Gravity Boots + Thrust sword"
    ]
  }, {
    "location": "Forbidden Library Opal",
    "comment": "Requires Soul of Bat + Soul of Wolf + flight",
    "locks": [
      "Soul of Bat + Soul of Wolf",
      "Soul of Bat + Soul of Wolf + Gravity Boots + Leap Stone",
      "Soul of Bat + Soul of Wolf + Form of Mist + Power of Mist",
      "Soul of Bat + Soul of Wolf + Gravity Boots + Soul of Wolf",
      "Soul of Bat + Soul of Wolf + Gravity Boots + Form of Mist",
      "Soul of Bat + Soul of Wolf + Gravity Boots + Thrust sword"
    ]
  }, {
    "location": "Reverse Caverns Diamond",
    "comment": "Requires Soul of Bat + Soul of Wolf + flight",
    "locks": [
      "Soul of Bat + Soul of Wolf",
      "Soul of Bat + Soul of Wolf + Gravity Boots + Leap Stone",
      "Soul of Bat + Soul of Wolf + Form of Mist + Power of Mist",
      "Soul of Bat + Soul of Wolf + Gravity Boots + Soul of Wolf",
      "Soul of Bat + Soul of Wolf + Gravity Boots + Form of Mist",
      "Soul of Bat + Soul of Wolf + Gravity Boots + Thrust sword"
    ]
  }, {
    "location": "Reverse Caverns Opal",
    "comment": "Requires Soul of Bat + Soul of Wolf + flight",
    "locks": [
      "Soul of Bat + Soul of Wolf",
      "Soul of Bat + Soul of Wolf + Gravity Boots + Leap Stone",
      "Soul of Bat + Soul of Wolf + Form of Mist + Power of Mist",
      "Soul of Bat + Soul of Wolf + Gravity Boots + Soul of Wolf",
      "Soul of Bat + Soul of Wolf + Gravity Boots + Form of Mist",
      "Soul of Bat + Soul of Wolf + Gravity Boots + Thrust sword"
    ]
  }, {
    "location": "Reverse Caverns Garnet",
    "comment": "Requires Soul of Bat + Soul of Wolf + flight",
    "locks": [
      "Soul of Bat + Soul of Wolf",
      "Soul of Bat + Soul of Wolf + Gravity Boots + Leap Stone",
      "Soul of Bat + Soul of Wolf + Form of Mist + Power of Mist",
      "Soul of Bat + Soul of Wolf + Gravity Boots + Soul of Wolf",
      "Soul of Bat + Soul of Wolf + Gravity Boots + Form of Mist",
      "Soul of Bat + Soul of Wolf + Gravity Boots + Thrust sword"
    ]
  }, {
    "location": "Osafune katana",
    "comment": "Requires Soul of Bat + Soul of Wolf + flight",
    "locks": [
      "Soul of Bat + Soul of Wolf",
      "Soul of Bat + Soul of Wolf + Gravity Boots + Leap Stone",
      "Soul of Bat + Soul of Wolf + Form of Mist + Power of Mist",
      "Soul of Bat + Soul of Wolf + Gravity Boots + Soul of Wolf",
      "Soul of Bat + Soul of Wolf + Gravity Boots + Form of Mist",
      "Soul of Bat + Soul of Wolf + Gravity Boots + Thrust sword"
    ]
  }, {
    "location": "Alucard shield",
    "comment": "Requires Soul of Bat + Soul of Wolf + flight",
    "locks": [
      "Soul of Bat + Soul of Wolf",
      "Soul of Bat + Soul of Wolf + Gravity Boots + Leap Stone",
      "Soul of Bat + Soul of Wolf + Form of Mist + Power of Mist",
      "Soul of Bat + Soul of Wolf + Gravity Boots + Soul of Wolf",
      "Soul of Bat + Soul of Wolf + Gravity Boots + Form of Mist",
      "Soul of Bat + Soul of Wolf + Gravity Boots + Thrust sword"
    ]
  }, {
    "location": "Alucard sword",
    "comment": "Requires Soul of Bat + Soul of Wolf + flight",
    "locks": [
      "Soul of Bat + Soul of Wolf",
      "Soul of Bat + Soul of Wolf + Gravity Boots + Leap Stone",
      "Soul of Bat + Soul of Wolf + Form of Mist + Power of Mist",
      "Soul of Bat + Soul of Wolf + Gravity Boots + Soul of Wolf",
      "Soul of Bat + Soul of Wolf + Gravity Boots + Form of Mist",
      "Soul of Bat + Soul of Wolf + Gravity Boots + Thrust sword"
    ]
  }, {
    "location": "Necklace of J",
    "comment": "Requires Soul of Bat + Soul of Wolf + flight",
    "locks": [
      "Soul of Bat + Soul of Wolf",
      "Soul of Bat + Soul of Wolf + Gravity Boots + Leap Stone",
      "Soul of Bat + Soul of Wolf + Form of Mist + Power of Mist",
      "Soul of Bat + Soul of Wolf + Gravity Boots + Soul of Wolf",
      "Soul of Bat + Soul of Wolf + Gravity Boots + Form of Mist",
      "Soul of Bat + Soul of Wolf + Gravity Boots + Thrust sword"
    ]
  }, {
    "location": "Floating Catacombs Diamond",
    "comment": "Requires Soul of Bat + Soul of Wolf + flight",
    "locks": [
      "Soul of Bat + Soul of Wolf",
      "Soul of Bat + Soul of Wolf + Gravity Boots + Leap Stone",
      "Soul of Bat + Soul of Wolf + Form of Mist + Power of Mist",
      "Soul of Bat + Soul of Wolf + Gravity Boots + Soul of Wolf",
      "Soul of Bat + Soul of Wolf + Gravity Boots + Form of Mist",
      "Soul of Bat + Soul of Wolf + Gravity Boots + Thrust sword"
    ]
  }, {
    "location": "Sword of Hador",
    "comment": "Requires Soul of Bat + Soul of Wolf + flight",
    "locks": [
      "Soul of Bat + Soul of Wolf",
      "Soul of Bat + Soul of Wolf + Gravity Boots + Leap Stone",
      "Soul of Bat + Soul of Wolf + Form of Mist + Power of Mist",
      "Soul of Bat + Soul of Wolf + Gravity Boots + Soul of Wolf",
      "Soul of Bat + Soul of Wolf + Gravity Boots + Form of Mist",
      "Soul of Bat + Soul of Wolf + Gravity Boots + Thrust sword"
    ]
  }, {
    "location": "Alucard mail",
    "comment": "Requires Soul of Bat + Soul of Wolf + flight",
    "locks": [
      "Soul of Bat + Soul of Wolf",
      "Soul of Bat + Soul of Wolf + Gravity Boots + Leap Stone",
      "Soul of Bat + Soul of Wolf + Form of Mist + Power of Mist",
      "Soul of Bat + Soul of Wolf + Gravity Boots + Soul of Wolf",
      "Soul of Bat + Soul of Wolf + Gravity Boots + Form of Mist",
      "Soul of Bat + Soul of Wolf + Gravity Boots + Thrust sword"
    ]
  }, {
    "location": "Gram",
    "comment": "Requires Soul of Bat + Soul of Wolf + flight",
    "locks": [
      "Soul of Bat + Soul of Wolf",
      "Soul of Bat + Soul of Wolf + Gravity Boots + Leap Stone",
      "Soul of Bat + Soul of Wolf + Form of Mist + Power of Mist",
      "Soul of Bat + Soul of Wolf + Gravity Boots + Soul of Wolf",
      "Soul of Bat + Soul of Wolf + Gravity Boots + Form of Mist",
      "Soul of Bat + Soul of Wolf + Gravity Boots + Thrust sword"
    ]
  }, {
    "location": "Fury plate",
    "comment": "Requires Soul of Bat + Soul of Wolf + flight",
    "locks": [
      "Soul of Bat + Soul of Wolf",
      "Soul of Bat + Soul of Wolf + Gravity Boots + Leap Stone",
      "Soul of Bat + Soul of Wolf + Form of Mist + Power of Mist",
      "Soul of Bat + Soul of Wolf + Gravity Boots + Soul of Wolf",
      "Soul of Bat + Soul of Wolf + Gravity Boots + Form of Mist",
      "Soul of Bat + Soul of Wolf + Gravity Boots + Thrust sword"
    ]
  }, {
    "location": "Talwar",
    "comment": "Requires Soul of Bat + Soul of Wolf + flight",
    "locks": [
      "Soul of Bat + Soul of Wolf",
      "Soul of Bat + Soul of Wolf + Gravity Boots + Leap Stone",
      "Soul of Bat + Soul of Wolf + Form of Mist + Power of Mist",
      "Soul of Bat + Soul of Wolf + Gravity Boots + Soul of Wolf",
      "Soul of Bat + Soul of Wolf + Gravity Boots + Form of Mist",
      "Soul of Bat + Soul of Wolf + Gravity Boots + Thrust sword"
    ]
  }, {
    "location": "Twilight cloak",
    "comment": "Requires Soul of Bat + Soul of Wolf + Mist + flight",
    "locks": [
      "Soul of Bat + Soul of Wolf + Form of Mist",
      "Soul of Bat + Soul of Wolf + Form of Mist + Gravity Boots + Leap Stone",
      "Soul of Bat + Soul of Wolf + Form of Mist + Power of Mist",
      "Soul of Bat + Soul of Wolf + Form of Mist + Gravity Boots + Soul of Wolf",
      "Soul of Bat + Soul of Wolf + Gravity Boots + Form of Mist",
      "Soul of Bat + Soul of Wolf + Form of Mist + Gravity Boots + Thrust sword"
    ]
  }, {
    "location": "Goddess shield",
    "comment": "Requires Soul of Bat + Soul of Wolf + flight",
    "locks": [
      "Soul of Bat + Soul of Wolf",
      "Soul of Bat + Soul of Wolf + Gravity Boots + Leap Stone",
      "Soul of Bat + Soul of Wolf + Form of Mist + Power of Mist",
      "Soul of Bat + Soul of Wolf + Gravity Boots + Soul of Wolf",
      "Soul of Bat + Soul of Wolf + Gravity Boots + Form of Mist",
      "Soul of Bat + Soul of Wolf + Gravity Boots + Thrust sword"
    ]
  }, {
    "location": "Beryl circlet",
    "comment": "Requires Soul of Bat + Soul of Wolf + Bat + Wolf",
    "locks": [
      "Soul of Bat + Soul of Wolf + Soul of Bat + Soul of Wolf"
    ]
  }, {
    "location": "Talisman",
    "comment": "Requires Soul of Bat + Soul of Wolf + flight",
    "locks": [
      "Soul of Bat + Soul of Wolf",
      "Soul of Bat + Soul of Wolf + Gravity Boots + Leap Stone",
      "Soul of Bat + Soul of Wolf + Form of Mist + Power of Mist",
      "Soul of Bat + Soul of Wolf + Gravity Boots + Soul of Wolf",
      "Soul of Bat + Soul of Wolf + Gravity Boots + Form of Mist",
      "Soul of Bat + Soul of Wolf + Gravity Boots + Thrust sword"
    ]
  }, {
    "location": "Katana",
    "comment": "Requires Soul of Bat + Soul of Wolf + flight",
    "locks": [
      "Soul of Bat + Soul of Wolf",
      "Soul of Bat + Soul of Wolf + Gravity Boots + Leap Stone",
      "Soul of Bat + Soul of Wolf + Form of Mist + Power of Mist",
      "Soul of Bat + Soul of Wolf + Gravity Boots + Soul of Wolf",
      "Soul of Bat + Soul of Wolf + Gravity Boots + Form of Mist",
      "Soul of Bat + Soul of Wolf + Gravity Boots + Thrust sword"
    ]
  }, {
    "location": "Confessional",
    "comment": "Requires Jewel of Open or at least Leap Stone",
    "locks": [
    ]
  }, {
    "location": "Colosseum Green tea",
    "comment": "Requires at least Leap Stone",
    "locks": [
      "Leap Stone",
      "Gravity Boots",
      "Soul of Bat",
      "Form of Mist",
      "Soul of Wolf",
      "Thrust sword"
    ]
  }, {
    "location": "Clock Tower Cloaked knight",
    "comment": "Requires at least Leap Stone",
    "locks": [
    ]
  }, {
    "location": "Waterfall Cave",
    "comment": "Requires Jewel of Open",
    "locks": [
      "Jewel of Open"
    ]
  }, {
    "location": "Floating Catacombs Elixir",
    "comment": "Requires Holy glasses + flight + Possibly Spike Breaker",
    "locks": [
      "Holy glasses + Soul of Bat",
      "Holy glasses + Spike Breaker + Gravity Boots + Leap Stone",
      "Holy glasses + Form of Mist + Power of Mist",
      "Holy glasses + Spike Breaker + Gravity Boots + Soul of Wolf",
      "Holy glasses + Spike Breaker + Gravity Boots + Form of Mist",
      "Holy glasses + Spike Breaker + Gravity Boots + Thrust sword"
    ]
  }, {
    "location": "Reverse Entrance Antivenom",
    "comment": "Requires Holy glasses + flight",
    "locks": [
      "Holy glasses + Soul of Bat",
      "Holy glasses + Gravity Boots + Leap Stone",
      "Holy glasses + Form of Mist + Power of Mist",
      "Holy glasses + Gravity Boots + Soul of Wolf",
      "Holy glasses + Gravity Boots + Form of Mist",
      "Holy glasses + Gravity Boots + Thrust sword"
    ]
  }, {
    "location": "Reverse Forbidden Route",
    "comment": "Requires Holy glasses + flight",
    "locks": [
      "Holy glasses + Soul of Bat",
      "Holy glasses + Gravity Boots + Leap Stone",
      "Holy glasses + Form of Mist + Power of Mist",
      "Holy glasses + Gravity Boots + Soul of Wolf",
      "Holy glasses + Gravity Boots + Form of Mist",
      "Holy glasses + Gravity Boots + Thrust sword"
    ]
  }, {
    "location": "Cave Life apple",
    "comment": "Requires Holy glasses + flight + Demon Card",
    "locks": [
      "Holy glasses + Demon Card + Soul of Bat",
      "Holy glasses + Demon Card + Gravity Boots + Leap Stone",
      "Holy glasses + Demon Card + Form of Mist + Power of Mist",
      "Holy glasses + Demon Card + Gravity Boots + Soul of Wolf",
      "Holy glasses + Demon Card + Gravity Boots + Form of Mist",
      "Holy glasses + Demon Card + Gravity Boots + Thrust sword",
      "Holy glasses + Nosedevil Card + Soul of Bat",
      "Holy glasses + Nosedevil Card + Gravity Boots + Leap Stone",
      "Holy glasses + Nosedevil Card + Form of Mist + Power of Mist",
      "Holy glasses + Nosedevil Card + Gravity Boots + Soul of Wolf",
      "Holy glasses + Nosedevil Card + Gravity Boots + Form of Mist",
      "Holy glasses + Nosedevil Card + Gravity Boots + Thrust sword"
    ]
  }, {
    "location": "Reverse Colosseum Zircon",
    "comment": "Requires Holy glasses + flight",
    "locks": [
      "Holy glasses + Soul of Bat",
      "Holy glasses + Gravity Boots + Leap Stone",
      "Holy glasses + Form of Mist + Power of Mist",
      "Holy glasses + Gravity Boots + Soul of Wolf",
      "Holy glasses + Gravity Boots + Form of Mist",
      "Holy glasses + Gravity Boots + Thrust sword"
    ]
  }, {
    "location": "Black Marble Gallery Vat",
    "comment": "Requires Holy glasses + flight",
    "locks": [
      "Holy glasses + Soul of Bat",
      "Holy glasses + Gravity Boots + Leap Stone",
      "Holy glasses + Form of Mist + Power of Mist",
      "Holy glasses + Gravity Boots + Soul of Wolf",
      "Holy glasses + Gravity Boots + Form of Mist",
      "Holy glasses + Gravity Boots + Thrust sword"
    ]
  }, {
    "location": "Black Marble Meal Ticket",
    "comment": "Requires Holy glasses + flight + Jewel of Open",
    "locks": [
      "Holy glasses + Jewel of Open + Soul of Bat",
      "Holy glasses + Jewel of Open + Gravity Boots + Leap Stone",
      "Holy glasses + Jewel of Open + Form of Mist + Power of Mist",
      "Holy glasses + Jewel of Open + Gravity Boots + Soul of Wolf",
      "Holy glasses + Jewel of Open + Gravity Boots + Form of Mist",
      "Holy glasses + Jewel of Open + Gravity Boots + Thrust sword"
    ]
  }, {
    "location": "Reverse Keep High Potion",
    "comment": "Requires Holy glasses + flight",
    "locks": [
      "Holy glasses + Soul of Bat",
      "Holy glasses + Gravity Boots + Leap Stone",
      "Holy glasses + Form of Mist + Power of Mist",
      "Holy glasses + Gravity Boots + Soul of Wolf",
      "Holy glasses + Gravity Boots + Form of Mist",
      "Holy glasses + Gravity Boots + Thrust sword"
    ]
  }],
  
  "stats": false,
  "thrustSwordAbility": true,

  "blockItems": [{
    "zone": "*",
    "item": "*",
    "replacement": [
      "Estoc",
      "Claymore",
      "Flamberge",
      "Zwei hander",
      "Obsidian sword",
      "Heart Refresh",
      "Duplicator",
      "Zircon",
      "Aquamarine",
      "Turquoise",
      "Onyx",
      "Garnet",
      "Opal",
      "Diamond",
      "Jewel sword"
    ]
  }],

  "blockDrops": [{
    "enemy": "*",
    "items": [
      "Estoc",
      "Claymore",
      "Flamberge",
      "Zwei hander",
      "Obsidian sword",
      "Heart Refresh",
      "Duplicator",
      "Zircon",
      "Aquamarine",
      "Turquoise",
      "Onyx",
      "Garnet",
      "Opal",
      "Diamond",
      "Jewel sword"
    ]
  }],

  "blockEquipment": [{
    "slot": "Other",
    "item": [
        "Duplicator",
        "Zircon",
        "Aquamarine",
        "Turquoise",
        "Onyx",
        "Garnet",
        "Opal",
        "Diamond"
    ]
  }],
  
  "itemLocations": [{
    "comment": "Place a Manna Prism in the Pot roast wall of Entrance",
    "zone": "NO3",
    "item": "Turkey",
    "replacement": "Manna prism"
  }],

  "prologueRewards": [{
    "item": "Neutron bomb",
    "replacement": "Neutron bomb",
    "comment": "Force the Neutron Bomb to always appear for the 41+ hearts"
  }],

  "lockLocationAllowed": [{
    "location": "Cube of Zoe",
    "locks": [
    ],
    "block": [
      "Jewel of Open",
      "Soul of Bat"
    ]
  },{
    "location": "Spirit Orb",
    "locks": [
    ],
    "block": [
      "Jewel of Open",
      "Soul of Bat"
    ]
  }, {
    "location": "Soul of Wolf",
    "locks": [
    ],
    "block": [
      "Jewel of Open",
      "Soul of Bat"
    ]
  }, {
    "location": "Faerie Scroll",
    "locks": [
    ],
    "block": [
      "Jewel of Open",
      "Soul of Bat"
    ]
  }, {
    "location": "Jewel of Open",
    "locks": [
      "Sword Card + InfDiam"
    ],
    "block": [
      "Jewel of Open"
    ]
  }, {
    "location": "Leap Stone",
    "locks": [
    ],
    "block": [
      "Jewel of Open",
      "Soul of Bat"
    ]
  }, {
    "location": "Soul of Bat",
    "comment": "Requires Mist",
    "locks": [
      "Form of Mist"
    ],
    "comment": "Access must also give at least Leap Stone",
    "escapeRequires": [
      "Soul of Bat",
      "Form of Mist + Thrust sword",
      "Soul of Wolf + Thrust sword",
      "Soul of Wolf + Form of Mist",
      "Leap Stone",
      "Gravity Boots"
    ]
  }, {
    "location": "Fire of Bat",
    "comment": "Requires flight",
    "locks": [
      "Soul of Bat",
      "Gravity Boots + Leap Stone",
      "Gravity Boots + Soul of Wolf",
      "Gravity Boots + Form of Mist",
      "Gravity Boots + Thrust sword",
      "Form of Mist + Power of Mist"
    ]
  }, {
    "location": "Echo of Bat",
    "comment": "Requires flight + a transformation",
    "locks": [
      "Soul of Bat",
      "Gravity Boots + Form of Mist",
      "Gravity Boots + Soul of Wolf",
      "Form of Mist + Power of Mist"
    ]
  }, {
    "location": "Force of Echo",
    "comment": "In second castle",
    "locks": [
      "Soul of Bat + Soul of Wolf",
      "Soul of Bat + Soul of Wolf + Gravity Boots + Leap Stone",
      "Soul of Bat + Soul of Wolf + Gravity Boots + Soul of Wolf",
      "Soul of Bat + Soul of Wolf + Gravity Boots + Form of Mist",
      "Soul of Bat + Soul of Wolf + Gravity Boots + Thrust sword",
      "Soul of Bat + Soul of Wolf + Form of Mist + Power of Mist"
    ]
  }, {
    "location": "Power of Wolf",
    "comment": "Requires flight",
    "locks": [
      "Soul of Bat",
      "Gravity Boots + Leap Stone",
      "Gravity Boots + Soul of Wolf",
      "Gravity Boots + Form of Mist",
      "Gravity Boots + Thrust sword",
      "Form of Mist + Power of Mist"
    ]
  }, {
    "location": "Skill of Wolf",
    "comment": "Requires at least Gravity Boots",
    "locks": [
      "Gravity Boots",
      "Soul of Bat",
      "Form of Mist + Power of Mist"
    ]
  }, {
    "location": "Form of Mist",
    "comment": "Requires at least Leap Stone or a transformation",
    "locks": [
      "Leap Stone",
      "Gravity Boots",
      "Soul of Bat",
      "Soul of Wolf",
      "Form of Mist",
      "Thrust sword"
    ],
    "block": [
      "Soul of Bat"
    ]
  }, {
    "location": "Power of Mist",
    "comment": "Requires flight",
    "locks": [
      "Soul of Bat",
      "Gravity Boots + Leap Stone",
      "Gravity Boots + Soul of Wolf",
      "Gravity Boots + Form of Mist",
      "Gravity Boots + Thrust sword",
      "Form of Mist + Power of Mist"
    ]
  }, {
    "location": "Gas Cloud",
    "comment": "In second castle",
    "locks": [
      "Soul of Bat + Soul of Wolf",
      "Soul of Bat + Soul of Wolf + Gravity Boots + Leap Stone",
      "Soul of Bat + Soul of Wolf + Gravity Boots + Soul of Wolf",
      "Soul of Bat + Soul of Wolf + Gravity Boots + Form of Mist",
      "Soul of Bat + Soul of Wolf + Gravity Boots + Thrust sword",
      "Soul of Bat + Soul of Wolf + Form of Mist + Power of Mist"
    ]
  }, {
    "location": "Gravity Boots",
    "comment": "Requires flight",
    "locks": [
      "Soul of Bat",
      "Gravity Boots + Leap Stone",
      "Gravity Boots + Soul of Wolf",
      "Gravity Boots + Form of Mist",
      "Gravity Boots + Thrust sword",
      "Form of Mist + Power of Mist"
    ]
  }, {
    "location": "Holy Symbol",
    "comment": "Requires Jewel of Open and Merman Statue",
    "locks": [
      "Jewel of Open + Merman Statue"
    ]
  }, {
    "location": "Merman Statue",
    "comment": "Requires Jewel of Open",
    "locks": [
      "Jewel of Open"
    ]
  }, {
    "location": "Bat Card",
    "comment": "Requires at least Gravity Boots",
    "locks": [
      "Gravity Boots",
      "Soul of Bat",
      "Form of Mist + Power of Mist"
    ]
  }, {
    "location": "Ghost Card",
    "comment": "Requires flight",
    "locks": [
      "Soul of Bat",
      "Gravity Boots + Leap Stone",
      "Gravity Boots + Soul of Wolf",
      "Gravity Boots + Form of Mist",
      "Gravity Boots + Thrust sword",
      "Form of Mist + Power of Mist"
    ]
  }, {
    "location": "Faerie Card",
    "comment": "Requires at least Gravity Boots",
    "locks": [
      "Gravity Boots",
      "Soul of Bat",
      "Soul of Wolf",
      "Form of Mist",
      "Leap Stone",
      "Thrust sword"
    ]
  }, {
    "location": "Demon Card",
    "comment": "Requires Jewel of Open + at least Leap Stone",
    "locks": [
      "Jewel of Open + Leap Stone",
      "Jewel of Open + Soul of Bat",
      "Jewel of Open + Soul of Wolf",
      "Jewel of Open + Gravity Boots + Form of Mist",
      "Jewel of Open + Gravity Boots + Thrust sword",
      "Jewel of Open + Form of Mist + Power of Mist"
    ],
    "comment": "Access must also give at least Leap Stone",
    "escapeRequires": [
      "Soul of Bat",
      "Form of Mist",
      "Leap Stone",
      "Gravity Boots"
    ]
  }, {
    "location": "Sword Card",
    "comment": "Requires flight",
    "locks": [
      "Soul of Bat",
      "Gravity Boots + Leap Stone",
      "Gravity Boots + Soul of Wolf",
      "Gravity Boots + Form of Mist",
      "Gravity Boots + Thrust sword",
      "Form of Mist + Power of Mist"
    ]
  }, {
    "location": "Heart of Vlad",
    "comment": "In second castle",
    "locks": [
      "Soul of Bat + Soul of Wolf",
      "Soul of Bat + Soul of Wolf + Gravity Boots + Leap Stone",
      "Soul of Bat + Soul of Wolf + Gravity Boots + Soul of Wolf",
      "Soul of Bat + Soul of Wolf + Gravity Boots + Form of Mist",
      "Soul of Bat + Soul of Wolf + Gravity Boots + Thrust sword",
      "Soul of Bat + Soul of Wolf + Form of Mist + Power of Mist"
    ]
  }, {
    "location": "Tooth of Vlad",
    "comment": "In second castle",
    "locks": [
      "Soul of Bat + Soul of Wolf",
      "Soul of Bat + Soul of Wolf + Gravity Boots + Leap Stone",
      "Soul of Bat + Soul of Wolf + Gravity Boots + Soul of Wolf",
      "Soul of Bat + Soul of Wolf + Gravity Boots + Form of Mist",
      "Soul of Bat + Soul of Wolf + Gravity Boots + Thrust sword",
      "Soul of Bat + Soul of Wolf + Form of Mist + Power of Mist"
    ]
  }, {
    "location": "Rib of Vlad",
    "comment": "In second castle + transformation",
    "locks": [
      "Soul of Bat + Soul of Wolf",
      "Soul of Bat + Soul of Wolf + Gravity Boots + Soul of Wolf",
      "Soul of Bat + Soul of Wolf + Gravity Boots + Form of Mist",
      "Soul of Bat + Soul of Wolf + Form of Mist + Power of Mist"
    ]
  }, {
    "location": "Ring of Vlad",
    "comment": "In second castle",
    "locks": [
      "Soul of Bat + Soul of Wolf",
      "Soul of Bat + Soul of Wolf + Gravity Boots + Leap Stone",
      "Soul of Bat + Soul of Wolf + Gravity Boots + Soul of Wolf",
      "Soul of Bat + Soul of Wolf + Gravity Boots + Form of Mist",
      "Soul of Bat + Soul of Wolf + Gravity Boots + Thrust sword",
      "Soul of Bat + Soul of Wolf + Form of Mist + Power of Mist"
    ]
  }, {
    "location": "Eye of Vlad",
    "comment": "In second castle",
    "locks": [
      "Soul of Bat + Soul of Wolf",
      "Soul of Bat + Soul of Wolf + Gravity Boots + Leap Stone",
      "Soul of Bat + Soul of Wolf + Gravity Boots + Soul of Wolf",
      "Soul of Bat + Soul of Wolf + Gravity Boots + Form of Mist",
      "Soul of Bat + Soul of Wolf + Gravity Boots + Thrust sword",
      "Soul of Bat + Soul of Wolf + Form of Mist + Power of Mist"
    ]
  }, {
    "location": "Spike Breaker",
    "comment": "Requires Jewel of Open and some skill",
    "locks": [
      "Jewel of Open + Soul of Bat",
      "Jewel of Open + Leap Stone + Spike Breaker",
      "Jewel of Open + Form of Mist + Power of Mist",
      "Jewel of Open + Gravity Boots + Form of Mist + Spike Breaker",
      "Jewel of Open + Gravity Boots + Soul of Wolf + Spike Breaker",
      "Jewel of Open + Gravity Boots + Thrust sword + Spike Breaker"
    ],
    "comment": "Access must also give at least Leap Stone",
    "escapeRequires": [
      "Soul of Bat",
      "Form of Mist + Power of Mist",
      "Leap Stone",
      "Gravity Boots"
    ]
  }, {
    "location": "Gold ring",
    "comment": "Requires Jewel of Open + flight, Jewel of Open + Soul of Wolf + Skill of Wolf, or Jewel of Open + Soul of Wolf + Leap Stone",
    "locks": [
      "Jewel of Open + Soul of Bat",
      "Jewel of Open + Gravity Boots + Leap Stone",
      "Jewel of Open + Gravity Boots + Soul of Wolf",
      "Jewel of Open + Gravity Boots + Form of Mist",
      "Jewel of Open + Gravity Boots + Thrust sword",
      "Jewel of Open + Form of Mist + Power of Mist",
      "Jewel of Open + Soul of Wolf + Skill of Wolf",
      "Jewel of Open + Soul of Wolf + Leap Stone"
    ]
  }, {
    "location": "Silver ring",
    "comment": "Requires Jewel of Open + Form of Mist + Soul of Bat",
    "locks": [
      "Jewel of Open + Form of Mist + Soul of Bat",
      "Jewel of Open + Form of Mist + Power of Mist"
    ]
  }, {
    "location": "Holy glasses",
    "comment": "Requires rings",
    "locks": [
      "Silver ring + Gold ring"
    ],
    "comment": "Access to Soul of Bat + Soul of Wolf must also give flight",
    "escapeRequires": [
      "Soul of Bat",
      "Gravity Boots + Leap Stone",
      "Gravity Boots + Soul of Wolf",
      "Gravity Boots + Form of Mist",
      "Gravity Boots + Thrust sword",
      "Form of Mist + Power of Mist"
    ]
  }, {
    "location": "Crystal cloak",
    "comment": "Requires Jewel of Open",
    "locks": [
      "Jewel of Open"
    ]
  }, {
    "location": "Mormegil",
    "comment": "Requires Jewel of Open + at least Leap Stone",
    "locks": [
      "Jewel of Open + Leap Stone",
      "Jewel of Open + Soul of Bat",
      "Jewel of Open + Soul of Wolf",
      "Jewel of Open + Gravity Boots + Soul of Wolf",
      "Jewel of Open + Gravity Boots + Form of Mist",
      "Jewel of Open + Gravity Boots + Thrust sword",
      "Jewel of Open + Form of Mist + Power of Mist"
    ],
    "comment": "Access to Mormegil must also give at least Leap Stone",
    "escapeRequires": [
      "Soul of Bat",
      "Form of Mist",
      "Leap Stone",
      "Gravity Boots"
    ]
  }, {
    "location": "Dark Blade",
    "comment": "In second castle",
    "locks": [
      "Soul of Bat + Soul of Wolf",
      "Soul of Bat + Soul of Wolf + Gravity Boots + Leap Stone",
      "Soul of Bat + Soul of Wolf + Gravity Boots + Soul of Wolf",
      "Soul of Bat + Soul of Wolf + Gravity Boots + Form of Mist",
      "Soul of Bat + Soul of Wolf + Gravity Boots + Thrust sword",
      "Soul of Bat + Soul of Wolf + Form of Mist + Power of Mist"
    ]
  }, {
    "location": "Ring of Arcana",
    "comment": "In second castle",
    "locks": [
      "Soul of Bat + Soul of Wolf",
      "Soul of Bat + Soul of Wolf + Gravity Boots + Leap Stone",
      "Soul of Bat + Soul of Wolf + Gravity Boots + Soul of Wolf",
      "Soul of Bat + Soul of Wolf + Gravity Boots + Form of Mist",
      "Soul of Bat + Soul of Wolf + Gravity Boots + Thrust sword",
      "Soul of Bat + Soul of Wolf + Form of Mist + Power of Mist"
    ]
  }, {
    "location": "Trio",
    "comment": "In second castle",
    "locks": [
      "Soul of Bat + Soul of Wolf",
      "Soul of Bat + Soul of Wolf + Gravity Boots + Leap Stone",
      "Soul of Bat + Soul of Wolf + Gravity Boots + Soul of Wolf",
      "Soul of Bat + Soul of Wolf + Gravity Boots + Form of Mist",
      "Soul of Bat + Soul of Wolf + Gravity Boots + Thrust sword",
      "Soul of Bat + Soul of Wolf + Form of Mist + Power of Mist"
    ]
  }, {
    "location": "Walk armor",
    "comment": "Requires Jewel of Open + at least Leap Stone",
    "locks": [
      "Jewel of Open + Leap Stone",
      "Jewel of Open + Soul of Bat",
      "Jewel of Open + Soul of Wolf + Power of Wolf",
      "Jewel of Open + Gravity Boots + Soul of Wolf",
      "Jewel of Open + Gravity Boots + Form of Mist",
      "Jewel of Open + Gravity Boots + Thrust sword",
      "Jewel of Open + Form of Mist + Power of Mist"
    ],
    "comment": "Access must also give at least Leap Stone",
    "escapeRequires": [
      "Soul of Bat",
      "Leap Stone",
      "Gravity Boots",
      "Form of Mist + Power of Mist"
    ]
  }, {
    "location": "Icebrand",
    "comment": "Requires Jewel of Open + at least Leap Stone",
    "locks": [
      "Jewel of Open + Leap Stone",
      "Jewel of Open + Soul of Bat",
      "Jewel of Open + Soul of Wolf + Power of Wolf",
      "Jewel of Open + Gravity Boots + Soul of Wolf",
      "Jewel of Open + Gravity Boots + Form of Mist",
      "Jewel of Open + Gravity Boots + Thrust sword",
      "Jewel of Open + Form of Mist + Power of Mist"
    ],
    "comment": "Access must also give at least Leap Stone",
    "escapeRequires": [
      "Soul of Bat",
      "Leap Stone",
      "Gravity Boots",
      "Form of Mist + Power of Mist"
    ]
  }, {
    "location": "Bloodstone",
    "comment": "Requires Jewel of Open + at least Leap Stone",
    "locks": [
      "Jewel of Open + Leap Stone",
      "Jewel of Open + Soul of Bat",
      "Jewel of Open + Soul of Wolf + Power of Wolf",
      "Jewel of Open + Gravity Boots + Soul of Wolf",
      "Jewel of Open + Gravity Boots + Form of Mist",
      "Jewel of Open + Gravity Boots + Thrust sword",
      "Jewel of Open + Form of Mist + Power of Mist"
    ],
    "comment": "Access must also give at least Leap Stone",
    "escapeRequires": [
      "Soul of Bat",
      "Leap Stone",
      "Gravity Boots",
      "Form of Mist + Power of Mist"
    ]
  }, {
    "location": "Combat knife",
    "comment": "Requires Jewel of Open + at least Leap Stone",
    "locks": [
      "Jewel of Open + Leap Stone",
      "Jewel of Open + Soul of Bat",
      "Jewel of Open + Soul of Wolf + Power of Wolf",
      "Jewel of Open + Gravity Boots + Soul of Wolf",
      "Jewel of Open + Gravity Boots + Form of Mist",
      "Jewel of Open + Gravity Boots + Thrust sword",
      "Jewel of Open + Form of Mist + Power of Mist"
    ],
    "comments": "Access must also give at least Leap Stone",
    "escapeRequires": [
      "Soul of Bat",
      "Leap Stone",
      "Gravity Boots",
      "Form of Mist + Power of Mist"
    ]
  }, {
    "location": "Ring of Ares",
    "comment": "Requires Jewel of Open + Demon Card + at least Leap Stone",
    "locks": [

      "Jewel of Open + Demon Card + Leap Stone",
      "Jewel of Open + Demon Card + Soul of Bat",
      "Jewel of Open + Demon Card + Soul of Wolf + Power of Wolf",
      "Jewel of Open + Demon Card + Gravity Boots + Soul of Wolf",
      "Jewel of Open + Demon Card + Gravity Boots + Form of Mist",
      "Jewel of Open + Demon Card + Gravity Boots + Thrust sword",
      "Jewel of Open + Demon Card + Form of Mist + Power of Mist",
      "Jewel of Open + Nosedevil Card + Leap Stone",
      "Jewel of Open + Nosedevil Card + Soul of Bat",
      "Jewel of Open + Nosedevil Card + Soul of Wolf",
      "Jewel of Open + Nosedevil Card + Gravity Boots + Soul of Wolf",
      "Jewel of Open + Nosedevil Card + Gravity Boots + Form of Mist",
      "Jewel of Open + Nosedevil Card + Gravity Boots + Thrust sword",
      "Jewel of Open + Nosedevil Card + Form of Mist + Power of Mist"
    ],
    "comment": "Access must also give at least Leap Stone",
    "escapeRequires": [
      "Soul of Bat",
      "Leap Stone",
      "Gravity Boots",
      "Form of Mist + Power of Mist"
    ]
  }, {
    "location": "Caverns Onyx",
    "comment": "Requires Jewel of Open + at least Leap Stone",
    "locks": [
      "Jewel of Open + Leap Stone",
      "Jewel of Open + Soul of Bat",
      "Jewel of Open + Soul of Wolf",
      "Jewel of Open + Merman Statue",
      "Jewel of Open + Gravity Boots + Soul of Wolf",
      "Jewel of Open + Gravity Boots + Form of Mist",
      "Jewel of Open + Gravity Boots + Thrust sword",
      "Jewel of Open + Form of Mist + Power of Mist"
    ]
  }, {
    "location": "Knuckle duster",
    "comment": "Requires Jewel of Open",
    "locks": [
      "Jewel of Open"
    ]
  }, {
    "location": "Bandanna",
    "comment": "Requires Jewel of Open",
    "locks": [
      "Jewel of Open"
    ]
  }, {
    "location": "Nunchaku",
    "comment": "Requires Jewel of Open + Holy Symbol",
    "locks": [
      "Jewel of Open"
    ]
  }, {
    "location": "Secret boots",
    "comment": "Requires Jewel of Open + flight",
    "locks": [
      "Jewel of Open + Soul of Bat",
      "Jewel of Open + Gravity Boots + Leap Stone",
      "Jewel of Open + Form of Mist + Power of Mist",
      "Jewel of Open + Gravity Boots + Soul of Wolf",
      "Jewel of Open + Gravity Boots + Form of Mist",
      "Jewel of Open + Gravity Boots + Thrust sword"
    ]
  }, {
    "location": "Holy mail",
    "comment": "Requires flight",
    "locks": [
      "Leap Stone",
      "Soul of Bat",
      "Form of Mist + Power of Mist",
      "Jewel of Open + Gravity Boots + Soul of Wolf",
      "Jewel of Open + Gravity Boots + Form of Mist",
      "Jewel of Open + Gravity Boots + Thrust sword"
    ]
  }, {
    "location": "Jewel sword",
    "comment": "Requires Wolf + Bat",
    "locks": [
      "Soul of Wolf + Soul of Bat"
    ]
  }, {
    "location": "Mystic pendant",
    "comment": "Requires at least Leap Stone",
    "locks": [
      "Soul of Bat",
      "Leap Stone",
      "Gravity Boots",
      "Form of Mist + Power of Mist"
    ]
  }, {
    "location": "Ankh of Life",
    "comment": "Requires at least Leap Stone",
    "locks": [
      "Soul of Bat",
      "Leap Stone",
      "Gravity Boots",
      "Form of Mist + Power of Mist"
    ]
  }, {
    "location": "Morningstar",
    "comment": "Requires at least Leap Stone",
    "locks": [
      "Soul of Bat",
      "Leap Stone",
      "Gravity Boots",
      "Form of Mist + Power of Mist"
    ]
  }, {
    "location": "Goggles",
    "comment": "Requires Jewel of Open or at least Leap Stone",
    "locks": [
    ]
  }, {
    "location": "Silver plate",
    "comment": "Requires Jewel of Open or at least Leap Stone",
    "locks": [
    ]
  }, {
    "location": "Cutlass",
    "comment": "Requires Jewel of Open or at least Leap Stone",
    "locks": [
    ]
  }, {
    "location": "Platinum mail",
    "comment": "Requires at least Gravity Boots",
    "locks": [
      "Soul of Bat",
      "Gravity Boots",
      "Form of Mist + Power of Mist"
    ]
  }, {
    "location": "Falchion",
    "comment": "Requires at least Leap Stone",
    "locks": [
      "Soul of Bat",
      "Leap Stone",
      "Gravity Boots",
      "Form of Mist"
    ]
  }, {
    "location": "Gold plate",
    "comment": "Requires at least Leap Stone",
    "locks": [
    ]
  }, {
    "location": "Bekatowa",
    "comment": "Requires at least Gravity Boots",
    "locks": [
      "Soul of Bat",
      "Gravity Boots",
      "Form of Mist + Power of Mist"
    ]
  }, {
    "location": "Holy rod",
    "comment": "Requires at least Gravity Boots",
    "locks": [
      "Leap Stone",
      "Soul of Bat",
      "Gravity Boots",
      "Form of Mist + Thrust sword"
    ]
  }, {
    "location": "Library Onyx",
    "comment": "Requires at least Soul of Wolf",
    "locks": [
      "Soul of Bat",
      "Soul of Wolf",
      "Form of Mist",
      "Leap Stone",
      "Thrust sword",
      "Gravity Boots"
    ]
  }, {
    "location": "Alucart sword",
    "comment": "Requires at least Cube of Zoe + at least Leap Stone",
    "locks": [
      "Cube of Zoe + Soul of Bat",
      "Cube of Zoe + Soul of Wolf",
      "Cube of Zoe + Thrust sword",
      "Cube of Zoe + Leap Stone",
      "Cube of Zoe + Gravity Boots",
      "Cube of Zoe + Form of Mist"
    ]
  }, {
    "location": "Broadsword",
    "comment": "Requires at least Leap Stone",
    "locks": [
      "Soul of Bat",
      "Soul of Wolf",
      "Form of Mist",
      "Leap Stone",
      "Thrust sword",
      "Gravity Boots"
    ]
  }, {
    "location": "Estoc",
    "comment": "Requires flight",
    "locks": [
      "Soul of Bat",
      "Gravity Boots + Leap Stone",
      "Form of Mist + Power of Mist",
      "Gravity Boots + Soul of Wolf",
      "Gravity Boots + Form of Mist",
      "Gravity Boots + Thrust sword"
    ]
  }, {
    "location": "Olrox Garnet",
    "comment": "Requires flight",
    "locks": [
      "Soul of Bat",
      "Gravity Boots + Leap Stone",
      "Form of Mist + Power of Mist",
      "Gravity Boots + Soul of Wolf",
      "Gravity Boots + Form of Mist",
      "Gravity Boots + Thrust sword"
    ]
  }, {
    "location": "Blood cloak",
    "comment": "Requires at least Leap Stone",
    "locks": [
      "Soul of Bat",
      "Soul of Wolf",
      "Form of Mist",
      "Leap Stone",
      "Thrust sword",
      "Gravity Boots"
    ]
  }, {
    "location": "Shield rod",
    "comment": "Requires at least Leap Stone",
    "locks": [
      "Soul of Bat",
      "Soul of Wolf",
      "Form of Mist",
      "Leap Stone",
      "Thrust sword",
      "Gravity Boots"
    ]
  }, {
    "location": "Knight shield",
    "comment": "Requires at least Leap Stone",
    "locks": [
      "Soul of Bat",
      "Soul of Wolf",
      "Form of Mist",
      "Leap Stone",
      "Thrust sword",
      "Gravity Boots"
    ]
  }, {
    "location": "Holy sword",
    "comment": "Requires at least Gravity Boots",
    "locks": [
      "Soul of Bat",
      "Gravity Boots",
      "Form of Mist + Power of Mist"
    ]
  }, {
    "location": "Bastard sword",
    "comment": "Requires Soul of Bat + Soul of Wolf + flight",
    "locks": [
      "Soul of Bat + Soul of Wolf",
      "Soul of Bat + Soul of Wolf + Gravity Boots + Leap Stone",
      "Soul of Bat + Soul of Wolf + Form of Mist + Power of Mist",
      "Soul of Bat + Soul of Wolf + Gravity Boots + Soul of Wolf",
      "Soul of Bat + Soul of Wolf + Gravity Boots + Form of Mist",
      "Soul of Bat + Soul of Wolf + Gravity Boots + Thrust sword"
    ]
  }, {
    "location": "Royal cloak",
    "comment": "Requires Soul of Bat + Soul of Wolf + flight",
    "locks": [
      "Soul of Bat + Soul of Wolf",
      "Soul of Bat + Soul of Wolf + Gravity Boots + Leap Stone",
      "Soul of Bat + Soul of Wolf + Form of Mist + Power of Mist",
      "Soul of Bat + Soul of Wolf + Gravity Boots + Soul of Wolf",
      "Soul of Bat + Soul of Wolf + Gravity Boots + Form of Mist",
      "Soul of Bat + Soul of Wolf + Gravity Boots + Thrust sword"
    ]
  }, {
    "location": "Lightning mail",
    "comment": "Requires Soul of Bat + Soul of Wolf + flight",
    "locks": [
      "Soul of Bat + Soul of Wolf",
      "Soul of Bat + Soul of Wolf + Gravity Boots + Leap Stone",
      "Soul of Bat + Soul of Wolf + Form of Mist + Power of Mist",
      "Soul of Bat + Soul of Wolf + Gravity Boots + Soul of Wolf",
      "Soul of Bat + Soul of Wolf + Gravity Boots + Form of Mist",
      "Soul of Bat + Soul of Wolf + Gravity Boots + Thrust sword"
    ]
  }, {
    "location": "Sword of Dawn",
    "comment": "Requires Soul of Bat + Soul of Wolf + flight",
    "locks": [
      "Soul of Bat + Soul of Wolf",
      "Soul of Bat + Soul of Wolf + Gravity Boots + Leap Stone",
      "Soul of Bat + Soul of Wolf + Form of Mist + Power of Mist",
      "Soul of Bat + Soul of Wolf + Gravity Boots + Soul of Wolf",
      "Soul of Bat + Soul of Wolf + Gravity Boots + Form of Mist",
      "Soul of Bat + Soul of Wolf + Gravity Boots + Thrust sword"
    ]
  }, {
    "location": "Moon rod",
    "comment": "Requires Soul of Bat + Soul of Wolf + flight",
    "locks": [
      "Soul of Bat + Soul of Wolf",
      "Soul of Bat + Soul of Wolf + Gravity Boots + Leap Stone",
      "Soul of Bat + Soul of Wolf + Form of Mist + Power of Mist",
      "Soul of Bat + Soul of Wolf + Gravity Boots + Soul of Wolf",
      "Soul of Bat + Soul of Wolf + Gravity Boots + Form of Mist",
      "Soul of Bat + Soul of Wolf + Gravity Boots + Thrust sword"
    ]
  }, {
    "location": "Sunstone",
    "comment": "Requires Soul of Bat + Soul of Wolf + flight",
    "locks": [
      "Soul of Bat + Soul of Wolf",
      "Soul of Bat + Soul of Wolf + Gravity Boots + Leap Stone",
      "Soul of Bat + Soul of Wolf + Form of Mist + Power of Mist",
      "Soul of Bat + Soul of Wolf + Gravity Boots + Soul of Wolf",
      "Soul of Bat + Soul of Wolf + Gravity Boots + Form of Mist",
      "Soul of Bat + Soul of Wolf + Gravity Boots + Thrust sword"
    ]
  }, {
    "location": "Luminus",
    "comment": "Requires Soul of Bat + Soul of Wolf + flight",
    "locks": [
      "Soul of Bat + Soul of Wolf",
      "Soul of Bat + Soul of Wolf + Gravity Boots + Leap Stone",
      "Soul of Bat + Soul of Wolf + Form of Mist + Power of Mist",
      "Soul of Bat + Soul of Wolf + Gravity Boots + Soul of Wolf",
      "Soul of Bat + Soul of Wolf + Gravity Boots + Form of Mist",
      "Soul of Bat + Soul of Wolf + Gravity Boots + Thrust sword"
    ]
  }, {
    "location": "Dragon helm",
    "comment": "Requires Soul of Bat + Soul of Wolf + flight",
    "locks": [
      "Soul of Bat + Soul of Wolf",
      "Soul of Bat + Soul of Wolf + Gravity Boots + Leap Stone",
      "Soul of Bat + Soul of Wolf + Form of Mist + Power of Mist",
      "Soul of Bat + Soul of Wolf + Gravity Boots + Soul of Wolf",
      "Soul of Bat + Soul of Wolf + Gravity Boots + Form of Mist",
      "Soul of Bat + Soul of Wolf + Gravity Boots + Thrust sword"
    ]
  }, {
    "location": "Shotel",
    "comment": "Requires Soul of Bat + Soul of Wolf + Mist + flight",
    "locks": [
      "Soul of Bat + Soul of Wolf + Form of Mist",
      "Soul of Bat + Soul of Wolf + Form of Mist + Gravity Boots + Leap Stone",
      "Soul of Bat + Soul of Wolf + Form of Mist + Power of Mist",
      "Soul of Bat + Soul of Wolf + Form of Mist + Gravity Boots + Soul of Wolf",
      "Soul of Bat + Soul of Wolf + Gravity Boots + Form of Mist",
      "Soul of Bat + Soul of Wolf + Form of Mist + Gravity Boots + Thrust sword"
    ]
  }, {
    "location": "Staurolite",
    "comment": "Requires Soul of Bat + Soul of Wolf + Mist + flight",
    "locks": [
      "Soul of Bat + Soul of Wolf + Form of Mist",
      "Soul of Bat + Soul of Wolf + Form of Mist + Gravity Boots + Leap Stone",
      "Soul of Bat + Soul of Wolf + Form of Mist + Power of Mist",
      "Soul of Bat + Soul of Wolf + Form of Mist + Gravity Boots + Soul of Wolf",
      "Soul of Bat + Soul of Wolf + Gravity Boots + Form of Mist",
      "Soul of Bat + Soul of Wolf + Form of Mist + Gravity Boots + Thrust sword"
    ]
  }, {
    "location": "Badelaire",
    "comment": "Requires Soul of Bat + Soul of Wolf + flight",
    "locks": [
      "Soul of Bat + Soul of Wolf",
      "Soul of Bat + Soul of Wolf + Gravity Boots + Leap Stone",
      "Soul of Bat + Soul of Wolf + Form of Mist + Power of Mist",
      "Soul of Bat + Soul of Wolf + Gravity Boots + Soul of Wolf",
      "Soul of Bat + Soul of Wolf + Gravity Boots + Form of Mist",
      "Soul of Bat + Soul of Wolf + Gravity Boots + Thrust sword"
    ]
  }, {
    "location": "Forbidden Library Opal",
    "comment": "Requires Soul of Bat + Soul of Wolf + flight",
    "locks": [
      "Soul of Bat + Soul of Wolf",
      "Soul of Bat + Soul of Wolf + Gravity Boots + Leap Stone",
      "Soul of Bat + Soul of Wolf + Form of Mist + Power of Mist",
      "Soul of Bat + Soul of Wolf + Gravity Boots + Soul of Wolf",
      "Soul of Bat + Soul of Wolf + Gravity Boots + Form of Mist",
      "Soul of Bat + Soul of Wolf + Gravity Boots + Thrust sword"
    ]
  }, {
    "location": "Reverse Caverns Diamond",
    "comment": "Requires Soul of Bat + Soul of Wolf + flight",
    "locks": [
      "Soul of Bat + Soul of Wolf",
      "Soul of Bat + Soul of Wolf + Gravity Boots + Leap Stone",
      "Soul of Bat + Soul of Wolf + Form of Mist + Power of Mist",
      "Soul of Bat + Soul of Wolf + Gravity Boots + Soul of Wolf",
      "Soul of Bat + Soul of Wolf + Gravity Boots + Form of Mist",
      "Soul of Bat + Soul of Wolf + Gravity Boots + Thrust sword"
    ]
  }, {
    "location": "Reverse Caverns Opal",
    "comment": "Requires Soul of Bat + Soul of Wolf + flight",
    "locks": [
      "Soul of Bat + Soul of Wolf",
      "Soul of Bat + Soul of Wolf + Gravity Boots + Leap Stone",
      "Soul of Bat + Soul of Wolf + Form of Mist + Power of Mist",
      "Soul of Bat + Soul of Wolf + Gravity Boots + Soul of Wolf",
      "Soul of Bat + Soul of Wolf + Gravity Boots + Form of Mist",
      "Soul of Bat + Soul of Wolf + Gravity Boots + Thrust sword"
    ]
  }, {
    "location": "Reverse Caverns Garnet",
    "comment": "Requires Soul of Bat + Soul of Wolf + flight",
    "locks": [
      "Soul of Bat + Soul of Wolf",
      "Soul of Bat + Soul of Wolf + Gravity Boots + Leap Stone",
      "Soul of Bat + Soul of Wolf + Form of Mist + Power of Mist",
      "Soul of Bat + Soul of Wolf + Gravity Boots + Soul of Wolf",
      "Soul of Bat + Soul of Wolf + Gravity Boots + Form of Mist",
      "Soul of Bat + Soul of Wolf + Gravity Boots + Thrust sword"
    ]
  }, {
    "location": "Osafune katana",
    "comment": "Requires Soul of Bat + Soul of Wolf + flight",
    "locks": [
      "Soul of Bat + Soul of Wolf",
      "Soul of Bat + Soul of Wolf + Gravity Boots + Leap Stone",
      "Soul of Bat + Soul of Wolf + Form of Mist + Power of Mist",
      "Soul of Bat + Soul of Wolf + Gravity Boots + Soul of Wolf",
      "Soul of Bat + Soul of Wolf + Gravity Boots + Form of Mist",
      "Soul of Bat + Soul of Wolf + Gravity Boots + Thrust sword"
    ]
  }, {
    "location": "Alucard shield",
    "comment": "Requires Soul of Bat + Soul of Wolf + flight",
    "locks": [
      "Soul of Bat + Soul of Wolf",
      "Soul of Bat + Soul of Wolf + Gravity Boots + Leap Stone",
      "Soul of Bat + Soul of Wolf + Form of Mist + Power of Mist",
      "Soul of Bat + Soul of Wolf + Gravity Boots + Soul of Wolf",
      "Soul of Bat + Soul of Wolf + Gravity Boots + Form of Mist",
      "Soul of Bat + Soul of Wolf + Gravity Boots + Thrust sword"
    ]
  }, {
    "location": "Alucard sword",
    "comment": "Requires Soul of Bat + Soul of Wolf + flight",
    "locks": [
      "Soul of Bat + Soul of Wolf",
      "Soul of Bat + Soul of Wolf + Gravity Boots + Leap Stone",
      "Soul of Bat + Soul of Wolf + Form of Mist + Power of Mist",
      "Soul of Bat + Soul of Wolf + Gravity Boots + Soul of Wolf",
      "Soul of Bat + Soul of Wolf + Gravity Boots + Form of Mist",
      "Soul of Bat + Soul of Wolf + Gravity Boots + Thrust sword"
    ]
  }, {
    "location": "Necklace of J",
    "comment": "Requires Soul of Bat + Soul of Wolf + flight",
    "locks": [
      "Soul of Bat + Soul of Wolf",
      "Soul of Bat + Soul of Wolf + Gravity Boots + Leap Stone",
      "Soul of Bat + Soul of Wolf + Form of Mist + Power of Mist",
      "Soul of Bat + Soul of Wolf + Gravity Boots + Soul of Wolf",
      "Soul of Bat + Soul of Wolf + Gravity Boots + Form of Mist",
      "Soul of Bat + Soul of Wolf + Gravity Boots + Thrust sword"
    ]
  }, {
    "location": "Floating Catacombs Diamond",
    "comment": "Requires Soul of Bat + Soul of Wolf + flight",
    "locks": [
      "Soul of Bat + Soul of Wolf",
      "Soul of Bat + Soul of Wolf + Gravity Boots + Leap Stone",
      "Soul of Bat + Soul of Wolf + Form of Mist + Power of Mist",
      "Soul of Bat + Soul of Wolf + Gravity Boots + Soul of Wolf",
      "Soul of Bat + Soul of Wolf + Gravity Boots + Form of Mist",
      "Soul of Bat + Soul of Wolf + Gravity Boots + Thrust sword"
    ]
  }, {
    "location": "Sword of Hador",
    "comment": "Requires Soul of Bat + Soul of Wolf + flight",
    "locks": [
      "Soul of Bat + Soul of Wolf",
      "Soul of Bat + Soul of Wolf + Gravity Boots + Leap Stone",
      "Soul of Bat + Soul of Wolf + Form of Mist + Power of Mist",
      "Soul of Bat + Soul of Wolf + Gravity Boots + Soul of Wolf",
      "Soul of Bat + Soul of Wolf + Gravity Boots + Form of Mist",
      "Soul of Bat + Soul of Wolf + Gravity Boots + Thrust sword"
    ]
  }, {
    "location": "Alucard mail",
    "comment": "Requires Soul of Bat + Soul of Wolf + flight",
    "locks": [
      "Soul of Bat + Soul of Wolf",
      "Soul of Bat + Soul of Wolf + Gravity Boots + Leap Stone",
      "Soul of Bat + Soul of Wolf + Form of Mist + Power of Mist",
      "Soul of Bat + Soul of Wolf + Gravity Boots + Soul of Wolf",
      "Soul of Bat + Soul of Wolf + Gravity Boots + Form of Mist",
      "Soul of Bat + Soul of Wolf + Gravity Boots + Thrust sword"
    ]
  }, {
    "location": "Gram",
    "comment": "Requires Soul of Bat + Soul of Wolf + flight",
    "locks": [
      "Soul of Bat + Soul of Wolf",
      "Soul of Bat + Soul of Wolf + Gravity Boots + Leap Stone",
      "Soul of Bat + Soul of Wolf + Form of Mist + Power of Mist",
      "Soul of Bat + Soul of Wolf + Gravity Boots + Soul of Wolf",
      "Soul of Bat + Soul of Wolf + Gravity Boots + Form of Mist",
      "Soul of Bat + Soul of Wolf + Gravity Boots + Thrust sword"
    ]
  }, {
    "location": "Fury plate",
    "comment": "Requires Soul of Bat + Soul of Wolf + flight",
    "locks": [
      "Soul of Bat + Soul of Wolf",
      "Soul of Bat + Soul of Wolf + Gravity Boots + Leap Stone",
      "Soul of Bat + Soul of Wolf + Form of Mist + Power of Mist",
      "Soul of Bat + Soul of Wolf + Gravity Boots + Soul of Wolf",
      "Soul of Bat + Soul of Wolf + Gravity Boots + Form of Mist",
      "Soul of Bat + Soul of Wolf + Gravity Boots + Thrust sword"
    ]
  }, {
    "location": "Talwar",
    "comment": "Requires Soul of Bat + Soul of Wolf + flight",
    "locks": [
      "Soul of Bat + Soul of Wolf",
      "Soul of Bat + Soul of Wolf + Gravity Boots + Leap Stone",
      "Soul of Bat + Soul of Wolf + Form of Mist + Power of Mist",
      "Soul of Bat + Soul of Wolf + Gravity Boots + Soul of Wolf",
      "Soul of Bat + Soul of Wolf + Gravity Boots + Form of Mist",
      "Soul of Bat + Soul of Wolf + Gravity Boots + Thrust sword"
    ]
  }, {
    "location": "Twilight cloak",
    "comment": "Requires Soul of Bat + Soul of Wolf + Mist + flight",
    "locks": [
      "Soul of Bat + Soul of Wolf + Form of Mist",
      "Soul of Bat + Soul of Wolf + Form of Mist + Gravity Boots + Leap Stone",
      "Soul of Bat + Soul of Wolf + Form of Mist + Power of Mist",
      "Soul of Bat + Soul of Wolf + Form of Mist + Gravity Boots + Soul of Wolf",
      "Soul of Bat + Soul of Wolf + Gravity Boots + Form of Mist",
      "Soul of Bat + Soul of Wolf + Form of Mist + Gravity Boots + Thrust sword"
    ]
  }, {
    "location": "Goddess shield",
    "comment": "Requires Soul of Bat + Soul of Wolf + flight",
    "locks": [
      "Soul of Bat + Soul of Wolf",
      "Soul of Bat + Soul of Wolf + Gravity Boots + Leap Stone",
      "Soul of Bat + Soul of Wolf + Form of Mist + Power of Mist",
      "Soul of Bat + Soul of Wolf + Gravity Boots + Soul of Wolf",
      "Soul of Bat + Soul of Wolf + Gravity Boots + Form of Mist",
      "Soul of Bat + Soul of Wolf + Gravity Boots + Thrust sword"
    ]
  }, {
    "location": "Beryl circlet",
    "comment": "Requires Soul of Bat + Soul of Wolf + Bat + Wolf",
    "locks": [
      "Soul of Bat + Soul of Wolf + Soul of Bat + Soul of Wolf"
    ]
  }, {
    "location": "Talisman",
    "comment": "Requires Soul of Bat + Soul of Wolf + flight",
    "locks": [
      "Soul of Bat + Soul of Wolf",
      "Soul of Bat + Soul of Wolf + Gravity Boots + Leap Stone",
      "Soul of Bat + Soul of Wolf + Form of Mist + Power of Mist",
      "Soul of Bat + Soul of Wolf + Gravity Boots + Soul of Wolf",
      "Soul of Bat + Soul of Wolf + Gravity Boots + Form of Mist",
      "Soul of Bat + Soul of Wolf + Gravity Boots + Thrust sword"
    ]
  }, {
    "location": "Katana",
    "comment": "Requires Soul of Bat + Soul of Wolf + flight",
    "locks": [
      "Soul of Bat + Soul of Wolf",
      "Soul of Bat + Soul of Wolf + Gravity Boots + Leap Stone",
      "Soul of Bat + Soul of Wolf + Form of Mist + Power of Mist",
      "Soul of Bat + Soul of Wolf + Gravity Boots + Soul of Wolf",
      "Soul of Bat + Soul of Wolf + Gravity Boots + Form of Mist",
      "Soul of Bat + Soul of Wolf + Gravity Boots + Thrust sword"
    ]
  }, {
    "location": "Confessional",
    "comment": "Requires Jewel of Open or at least Leap Stone",
    "locks": [
    ]
  }, {
    "location": "Colosseum Green tea",
    "comment": "Requires at least Leap Stone",
    "locks": [
      "Leap Stone",
      "Gravity Boots",
      "Soul of Bat",
      "Form of Mist",
      "Soul of Wolf",
      "Thrust sword"
    ]
  }, {
    "location": "Clock Tower Cloaked knight",
    "comment": "Requires at least Leap Stone",
    "locks": [
    ]
  }, {
    "location": "Waterfall Cave",
    "comment": "Requires Jewel of Open",
    "locks": [
      "Jewel of Open"
    ]
  }, {
    "location": "Floating Catacombs Elixir",
    "comment": "Requires Holy glasses + flight + Possibly Spike Breaker",
    "locks": [
      "Holy glasses + Soul of Bat",
      "Holy glasses + Spike Breaker + Gravity Boots + Leap Stone",
      "Holy glasses + Form of Mist + Power of Mist",
      "Holy glasses + Spike Breaker + Gravity Boots + Soul of Wolf",
      "Holy glasses + Spike Breaker + Gravity Boots + Form of Mist",
      "Holy glasses + Spike Breaker + Gravity Boots + Thrust sword"
    ]
  }, {
    "location": "Reverse Entrance Antivenom",
    "comment": "Requires Holy glasses + flight",
    "locks": [
      "Holy glasses + Soul of Bat",
      "Holy glasses + Gravity Boots + Leap Stone",
      "Holy glasses + Form of Mist + Power of Mist",
      "Holy glasses + Gravity Boots + Soul of Wolf",
      "Holy glasses + Gravity Boots + Form of Mist",
      "Holy glasses + Gravity Boots + Thrust sword"
    ]
  }, {
    "location": "Reverse Forbidden Route",
    "comment": "Requires Holy glasses + flight",
    "locks": [
      "Holy glasses + Soul of Bat",
      "Holy glasses + Gravity Boots + Leap Stone",
      "Holy glasses + Form of Mist + Power of Mist",
      "Holy glasses + Gravity Boots + Soul of Wolf",
      "Holy glasses + Gravity Boots + Form of Mist",
      "Holy glasses + Gravity Boots + Thrust sword"
    ]
  }, {
    "location": "Cave Life apple",
    "comment": "Requires Holy glasses + flight + Demon Card",
    "locks": [
      "Holy glasses + Demon Card + Soul of Bat",
      "Holy glasses + Demon Card + Gravity Boots + Leap Stone",
      "Holy glasses + Demon Card + Form of Mist + Power of Mist",
      "Holy glasses + Demon Card + Gravity Boots + Soul of Wolf",
      "Holy glasses + Demon Card + Gravity Boots + Form of Mist",
      "Holy glasses + Demon Card + Gravity Boots + Thrust sword",
      "Holy glasses + Nosedevil Card + Soul of Bat",
      "Holy glasses + Nosedevil Card + Gravity Boots + Leap Stone",
      "Holy glasses + Nosedevil Card + Form of Mist + Power of Mist",
      "Holy glasses + Nosedevil Card + Gravity Boots + Soul of Wolf",
      "Holy glasses + Nosedevil Card + Gravity Boots + Form of Mist",
      "Holy glasses + Nosedevil Card + Gravity Boots + Thrust sword"
    ]
  }, {
    "location": "Reverse Colosseum Zircon",
    "comment": "Requires Holy glasses + flight",
    "locks": [
      "Holy glasses + Soul of Bat",
      "Holy glasses + Gravity Boots + Leap Stone",
      "Holy glasses + Form of Mist + Power of Mist",
      "Holy glasses + Gravity Boots + Soul of Wolf",
      "Holy glasses + Gravity Boots + Form of Mist",
      "Holy glasses + Gravity Boots + Thrust sword"
    ]
  }, {
    "location": "Black Marble Gallery Vat",
    "comment": "Requires Holy glasses + flight",
    "locks": [
      "Holy glasses + Soul of Bat",
      "Holy glasses + Gravity Boots + Leap Stone",
      "Holy glasses + Form of Mist + Power of Mist",
      "Holy glasses + Gravity Boots + Soul of Wolf",
      "Holy glasses + Gravity Boots + Form of Mist",
      "Holy glasses + Gravity Boots + Thrust sword"
    ]
  }, {
    "location": "Black Marble Meal Ticket",
    "comment": "Requires Holy glasses + flight + Jewel of Open",
    "locks": [
      "Holy glasses + Jewel of Open + Soul of Bat",
      "Holy glasses + Jewel of Open + Gravity Boots + Leap Stone",
      "Holy glasses + Jewel of Open + Form of Mist + Power of Mist",
      "Holy glasses + Jewel of Open + Gravity Boots + Soul of Wolf",
      "Holy glasses + Jewel of Open + Gravity Boots + Form of Mist",
      "Holy glasses + Jewel of Open + Gravity Boots + Thrust sword"
    ]
  }, {
    "location": "Reverse Keep High Potion",
    "comment": "Requires Holy glasses + flight",
    "locks": [
      "Holy glasses + Soul of Bat",
      "Holy glasses + Gravity Boots + Leap Stone",
      "Holy glasses + Form of Mist + Power of Mist",
      "Holy glasses + Gravity Boots + Soul of Wolf",
      "Holy glasses + Gravity Boots + Form of Mist",
      "Holy glasses + Gravity Boots + Thrust sword"
    ]
  }],
  
  "writes": [{
    "comment": "Never get Clock Blocked",
    "type": "word",
    "address": "0x4951D4C",
    "value": "0x3C020002"
  }, {
    "type": "word",
    "address": "0x4FCF264",
    "value": "0x3C020002"
  }, {
    "comment": "Force Egregious Price on Relic",
    "type": "word",
    "address": "0x47A3098",
    "value": "0x0007a120"
  }],

  "complexityGoal": {
    "min": 6,
    "goals": [
      "Soul of Wolf + Soul of Bat + HeartRef + Dupe"
    ]
  }
}
