{
  "metadata": {
    "id": "glitch-two",
    "name": "Glitch Remastered",
    "description": "Adventure logic is the base. Requires extensive glitch knowledge, but avoids memory corruption and lengthy wolf rising.",
    "author": "romscout, DerDrach, eldri7ch, Mottzilla",
    "weight": 0
  },
  
  "relicLocationsExtension": "tourist",
  "stats": false,
  "thrustSwordAbility": true,

  "prologueRewards": [{
    "item": "Heart Refresh",
    "replacement": "Fire boomerang"
  }, {
    "item": "Neutron bomb",
    "replacement": "Karma Coin"
  }, {
    "item": "Potion",
    "replacement": "Orange"
  }],

  "replaceRelic": [{
    "relic": "Tooth of Vlad",
    "item": "Heart Refresh"
  }, {
    "relic": "Ring of Vlad",
    "item": "Heart Refresh"
  }, {
    "relic": "Rib of Vlad",
    "item": "Shield rod"
  }, {
    "relic": "Heart of Vlad",
    "item": "Fire boomerang"
  }, {
    "relic": "Eye of Vlad",
    "item": "High potion"
  }, {
    "relic": "Nosedevil Card",
    "item": "Manna prism"
  }, {
    "relic": "Sprite Card",
    "item": "Toadstool"
  }],

  "alias": [{
    "comment": "Alias Tooth of Vlad as Heart Refresh 1",
    "relic": "Tooth of Vlad",
    "alias": "Hrefresh1"
  }, {
    "comment": "Alias Ring of Vlad as Heart Refresh 2",
    "relic": "Ring of Vlad",
    "alias": "Hrefresh2"
  }, {
    "comment": "Alias Rib of Vlad as Srod",
    "relic": "Rib of Vlad",
    "alias": "Srod"
  }, {
    "comment": "Alias Heart of Vlad as Fire Boomerang",
    "relic": "Heart of Vlad",
    "alias": "Frang"
  }, {
    "comment": "Alias Eye of Vlad as Potion",
    "relic": "Eye of Vlad",
    "alias": "Pot"
  }, {
    "comment": "Alias Faerie Card as Library Card 1",
    "relic": "Nosedevil Card",
    "alias": "Prism"
  }, {
    "comment": "Alias Faerie Scroll as Toadstool",
    "relic": "Sprite Card",
    "alias": "Tstool"
  }, {
    "comment": "Alias Thrust sword as Clay",
    "relic": "Thrust sword",
    "alias": "Clay"
  }],

  "blockItems": [{
    "zone": "*",
    "item": "*",
    "replacement": [
      "Heart Refresh",
      "Library card",
      "Fire boomerang",
      "Toadstool",
      "Meal ticket",
      "Shield rod",
      "Mablung Sword",
      "Duplicator",
      "Estoc",
      "Claymore",
      "Flamberge",
      "Zwei hander",
      "Obsidian sword"
    ]
  }],

  "blockDrops": [{
    "enemy": "*",
    "items": [
      "Heart Refresh",
      "Library card",
      "Fire boomerang",
      "Toadstool",
      "Meal ticket",
      "Shield rod",
      "Mablung Sword",
      "Duplicator",
      "Estoc",
      "Claymore",
      "Flamberge",
      "Zwei hander",
      "Obsidian sword"
    ]
  }],

  "blockEquipment": [{
    "slot": "Right hand",
    "item": [
      "Shield rod",
      "Mablung Sword"
    ]
  }],
  
  "itemLocations": [{
    "comment": "Place Stopwatch in the Clock Room",
    "zone": "NO0",
    "item": "Big heart",
    "index": 16,
    "replacement": "Stopwatch"
  }, {
    "comment": "Place Stopwatch in the Clock Room",
    "zone": "NO0",
    "item": "Big heart",
    "index": 17,
    "replacement": "Stopwatch"
  }],
  
  "lockLocation": [{
    "location": "Soul of Bat",
    "locks": [
      "Hrefresh1 + Hrefresh2",
      "Form of Mist"
    ]
  }, {
    "location": "Fire of Bat",
    "locks": [
      "Soul of Wolf + Gravity Boots",
      "Form of Mist + Gravity Boots",
      "Form of Mist + Power of Mist",
      "Leap Stone + Gravity Boots",
      "Soul of Bat",
      "Gravity Boots + Clay",
      "Leap Stone + Soul of Wolf + Frang + Form of Mist",
      "Leap Stone + Soul of Wolf + Frang + Clay"
    ]
  }, {
    "location": "Echo of Bat",
    "locks": [
      "Soul of Wolf + Gravity Boots",
      "Form of Mist + Gravity Boots",
      "Form of Mist + Power of Mist",
      "Soul of Bat",
      "Soul of Wolf + Hrefresh1 + Frang + Form of Mist",
      "Soul of Wolf + Hrefresh2 + Frang + Form of Mist",
      "Soul of Wolf + Srod + Frang + Form of Mist",
      "Soul of Wolf + Hrefresh1 + Frang + Clay",
      "Soul of Wolf + Hrefresh2 + Frang + Clay",
      "Soul of Wolf + Srod + Frang + Clay"
    ]
  }, {
    "location": "Force of Echo",
    "locks": [
      "Soul of Bat",
      "Soul of Wolf + Form of Mist + Power of Mist",
      "Soul of Wolf + Gravity Boots",
      "Soul of Wolf + Leap Stone + Form of Mist + Frang",
      "Soul of Wolf + Leap Stone + Clay + Frang",
      "Holy glasses + Gravity Boots + Leap Stone",
      "Holy glasses + Gravity Boots + Form of Mist",
      "Holy glasses + Form of Mist + Power of Mist",
      "Srod + Gravity Boots + Form of Mist",
      "Srod + Form of Mist + Power of Mist",
      "Hrefresh1 + Hrefresh2 + Gravity Boots + Leap Stone",
      "Hrefresh1 + Hrefresh2 + Gravity Boots + Form of Mist",
      "Hrefresh1 + Gravity Boots + Form of Mist",
      "Hrefresh2 + Gravity Boots + Form of Mist"
    ]
  }, {
    "location": "Power of Wolf",
    "comment": "Requires flight",
    "locks": [
      "Soul of Wolf + Gravity Boots",
      "Form of Mist + Gravity Boots",
      "Form of Mist + Power of Mist",
      "Leap Stone + Gravity Boots",
      "Soul of Bat",
      "Gravity Boots + Clay"
    ]
  }, {
    "location": "Skill of Wolf",
    "locks": [
      "Gravity Boots",
      "Soul of Wolf + Clay",
      "Form of Mist",
      "Soul of Bat"
    ]
  }, {
    "location": "Form of Mist",
    "locks": [
      "Tstool",
      "Soul of Wolf",
      "Form of Mist",
      "Gravity Boots",
      "Soul of Bat",
      "Leap Stone",
      "Clay"
    ]
  }, {
    "location": "Power of Mist",
    "locks": [
      "Soul of Wolf + Gravity Boots",
      "Form of Mist + Gravity Boots",
      "Form of Mist + Power of Mist",
      "Leap Stone",
      "Soul of Bat",
      "Gravity Boots + Clay"
    ]
  }, {
    "location": "Gas Cloud",
    "comment": "In second castle",
    "locks": [
      "Soul of Bat",
      "Soul of Wolf + Form of Mist + Power of Mist",
      "Soul of Wolf + Gravity Boots",
      "Holy glasses + Gravity Boots + Leap Stone",
      "Holy glasses + Gravity Boots + Form of Mist",
      "Srod + Gravity Boots + Form of Mist",
      "Hrefresh1 + Hrefresh2 + Gravity Boots + Leap Stone",
      "Hrefresh1 + Hrefresh2 + Gravity Boots + Form of Mist",
      "Hrefresh1 + Gravity Boots + Form of Mist",
      "Hrefresh2 + Gravity Boots + Form of Mist"
    ]
  }, {
    "location": "Gravity Boots",
    "comment": "Requires flight",
    "locks": [
      "Soul of Wolf + Gravity Boots",
      "Form of Mist + Gravity Boots",
      "Form of Mist + Power of Mist",
      "Leap Stone + Gravity Boots",
      "Soul of Wolf + Leap Stone + Form of Mist + Frang",
      "Soul of Wolf + Leap Stone + Clay + Frang",
      "Soul of Bat",
      "Gravity Boots + Clay"
    ]
  }, {
    "location": "Leap Stone",
    "comment": "Requires Jewel of Open or at least Leap Stone",
    "locks": []
  }, {
    "location": "Holy Symbol",
    "locks": [
      "Merman Statue + Jewel of Open",
      "Merman Statue + Soul of Wolf + Power of Wolf + Soul of Bat",
      "Merman Statue + Hrefresh1",
      "Merman Statue + Hrefresh2",
      "Merman Statue + Leap Stone + Srod",
      "Merman Statue + Clay + Srod",
      "Merman Statue + Hrefresh1 + Soul of Wolf + Skill of Wolf + Holy Symbol",
      "Merman Statue + Hrefresh2 + Soul of Wolf + Skill of Wolf + Holy Symbol",
      "Merman Statue + Leap Stone + Clay + Soul of Wolf + Frang + Hrefresh1",
      "Merman Statue + Leap Stone + Clay + Soul of Wolf + Frang + Hrefresh2",
      "Merman Statue + Leap Stone + Form of Mist + Soul of Wolf + Frang + Hrefresh1",
      "Merman Statue + Leap Stone + Form of Mist + Soul of Wolf + Frang + Hrefresh2",
      "Merman Statue + Hrefresh1 + Gravity Boots + Leap Stone",
      "Merman Statue + Hrefresh2 + Gravity Boots + Leap Stone",
      "Merman Statue + Hrefresh1 + Gravity Boots + Soul of Wolf",
      "Merman Statue + Hrefresh2 + Gravity Boots + Soul of Wolf",
      "Merman Statue + Hrefresh1 + Gravity Boots + Clay",
      "Merman Statue + Hrefresh2 + Gravity Boots + Clay",
      "Merman Statue + Leap Stone + Gravity Boots + Srod",
      "Merman Statue + Clay + Gravity Boots + Srod"
    ]
  }, {
    "location": "Merman Statue",
    "locks": [
      "Jewel of Open",
      "Soul of Wolf + Power of Wolf + Soul of Bat",
      "Hrefresh1",
      "Hrefresh2",
      "Leap Stone + Srod",
      "Clay + Srod"
    ]
  }, {
    "location": "Bat Card",
    "locks": [
      "Hrefresh1",
      "Hrefresh2",
      "Srod + Leap Stone",
      "Soul of Wolf + Leap Stone",
      "Gravity Boots",
      "Soul of Wolf + Clay",
      "Soul of Wolf + Form of Mist",
      "Soul of Bat",
      "Form of Mist + Power of Mist"
    ]
  }, {
    "location": "Ghost Card",
    "locks": [
      "Soul of Wolf + Gravity Boots",
      "Form of Mist + Gravity Boots",
      "Form of Mist + Power of Mist",
      "Leap Stone + Gravity Boots",
      "Soul of Bat",
      "Gravity Boots + Clay"
    ]
  }, {
    "location": "Faerie Card",
    "locks": []
  }, {
    "location": "Demon Card",
    "locks": [
      "Jewel of Open",
      "Soul of Wolf + Power of Wolf + Soul of Bat",
      "Hrefresh1",
      "Hrefresh2",
      "Leap Stone + Srod",
      "Clay + Srod",
      "Hrefresh1 + Soul of Wolf + Skill of Wolf + Holy Symbol",
      "Hrefresh2 + Soul of Wolf + Skill of Wolf + Holy Symbol",
      "Leap Stone + Clay + Soul of Wolf + Frang + Hrefresh1",
      "Leap Stone + Clay + Soul of Wolf + Frang + Hrefresh2",
      "Leap Stone + Form of Mist + Soul of Wolf + Frang + Hrefresh1",
      "Leap Stone + Form of Mist + Soul of Wolf + Frang + Hrefresh2",
      "Hrefresh1 + Gravity Boots + Leap Stone",
      "Hrefresh2 + Gravity Boots + Leap Stone",
      "Hrefresh1 + Gravity Boots + Soul of Wolf",
      "Hrefresh2 + Gravity Boots + Soul of Wolf",
      "Hrefresh1 + Gravity Boots + Clay",
      "Hrefresh2 + Gravity Boots + Clay",
      "Leap Stone + Gravity Boots + Srod",
      "Clay + Gravity Boots + Srod"
    ]
  }, {
    "location": "Sword Card",
    "locks": [
      "Soul of Wolf + Clay + Srod",
      "Soul of Wolf + Clay + Hrefresh1",
      "Soul of Wolf + Clay + Hrefresh2",
      "Form of Mist + Srod",
      "Form of Mist + Hrefresh1",
      "Form of Mist + Hrefresh2",
      "Form of Mist + Power of Mist",
      "Soul of Bat",
      "Gravity Boots + Srod",
      "Gravity Boots + Hrefresh1",
      "Gravity Boots + Hrefresh2",
      "Gravity Boots + Clay",
      "Gravity Boots + Soul of Wolf",
      "Gravity Boots + Form of Mist"
    ]
  }, {
    "location": "Heart of Vlad",
    "comment": "In second castle",
    "locks": [
      "Soul of Bat",
      "Soul of Wolf + Form of Mist + Power of Mist",
      "Soul of Wolf + Gravity Boots",
      "Soul of Wolf + Leap Stone + Form of Mist + Frang",
      "Soul of Wolf + Leap Stone + Clay + Frang",
      "Holy glasses + Gravity Boots + Leap Stone",
      "Holy glasses + Gravity Boots + Form of Mist",
      "Holy glasses + Form of Mist + Power of Mist",
      "Srod + Gravity Boots + Form of Mist",
      "Srod + Form of Mist + Power of Mist",
      "Hrefresh1 + Hrefresh2 + Gravity Boots + Leap Stone",
      "Hrefresh1 + Gravity Boots + Form of Mist",
      "Hrefresh2 + Gravity Boots + Form of Mist"
    ]
  }, {
    "location": "Tooth of Vlad",
    "comment": "In second castle",
    "locks": [
      "Soul of Bat",
      "Soul of Wolf + Form of Mist + Power of Mist",
      "Soul of Wolf + Gravity Boots",
      "Soul of Wolf + Leap Stone + Form of Mist + Frang",
      "Soul of Wolf + Leap Stone + Clay + Frang",
      "Holy glasses + Gravity Boots + Leap Stone",
      "Holy glasses + Gravity Boots + Form of Mist",
      "Holy glasses + Form of Mist + Power of Mist",
      "Srod + Gravity Boots + Form of Mist",
      "Srod + Form of Mist + Power of Mist",
      "Hrefresh1 + Hrefresh2 + Gravity Boots + Leap Stone",
      "Hrefresh1 + Gravity Boots + Form of Mist",
      "Hrefresh2 + Gravity Boots + Form of Mist"
    ]
  }, {
    "location": "Rib of Vlad",
    "comment": "In second castle",
    "locks": [
      "Soul of Bat",
      "Soul of Wolf + Form of Mist + Power of Mist",
      "Soul of Wolf + Gravity Boots",
      "Soul of Wolf + Leap Stone + Form of Mist + Frang",
      "Soul of Wolf + Leap Stone + Clay + Frang",
      "Holy glasses + Gravity Boots + Form of Mist",
      "Holy glasses + Form of Mist + Power of Mist",
      "Srod + Gravity Boots + Form of Mist",
      "Srod + Form of Mist + Power of Mist",
      "Hrefresh1 + Gravity Boots + Form of Mist",
      "Hrefresh2 + Gravity Boots + Form of Mist"
    ]
  }, {
    "location": "Ring of Vlad",
    "comment": "In second castle",
    "locks": [
      "Soul of Bat",
      "Soul of Wolf + Form of Mist + Power of Mist",
      "Soul of Wolf + Gravity Boots",
      "Soul of Wolf + Leap Stone + Form of Mist + Frang",
      "Soul of Wolf + Leap Stone + Clay + Frang",
      "Holy glasses + Gravity Boots + Leap Stone",
      "Holy glasses + Gravity Boots + Form of Mist",
      "Holy glasses + Form of Mist + Power of Mist",
      "Srod + Gravity Boots + Form of Mist",
      "Srod + Form of Mist + Power of Mist",
      "Hrefresh1 + Hrefresh2 + Gravity Boots + Leap Stone",
      "Hrefresh1 + Gravity Boots + Form of Mist",
      "Hrefresh2 + Gravity Boots + Form of Mist"
    ]
  }, {
    "location": "Eye of Vlad",
    "comment": "In second castle",
    "locks": [
      "Soul of Bat",
      "Soul of Wolf + Form of Mist + Power of Mist",
      "Soul of Wolf + Gravity Boots",
      "Soul of Wolf + Leap Stone + Form of Mist + Frang",
      "Soul of Wolf + Leap Stone + Clay + Frang",
      "Holy glasses + Gravity Boots + Leap Stone",
      "Holy glasses + Gravity Boots + Form of Mist",
      "Holy glasses + Form of Mist + Power of Mist",
      "Srod + Gravity Boots + Form of Mist",
      "Srod + Form of Mist + Power of Mist",
      "Hrefresh1 + Hrefresh2 + Gravity Boots + Leap Stone",
      "Hrefresh1 + Gravity Boots + Form of Mist",
      "Hrefresh2 + Gravity Boots + Form of Mist"
    ]
  }, {
    "location": "Spike Breaker",
    "locks": [
      "Jewel of Open + Soul of Bat",
      "Jewel of Open + Leap Stone + Spike Breaker",
      "Jewel of Open + Gravity Boots + Spike Breaker",
      "Jewel of Open + Frang + Soul of Wolf + Spike Breaker",
      "Jewel of Open + Soul of Wolf + Clay + Spike Breaker",
      "Jewel of Open + Pot + Leap Stone",
      "Jewel of Open + Pot + Gravity Boots",
      "Jewel of Open + Srod + Leap Stone",
      "Jewel of Open + Srod + Gravity Boots",
      "Jewel of Open + Form of Mist + Power of Mist",
      "Jewel of Open + Form of Mist + Spike Breaker",
      "Soul of Wolf + Power of Wolf + Soul of Bat",
      "Hrefresh1 + Leap Stone",
      "Hrefresh2 + Leap Stone",
      "Hrefresh1 + Gravity Boots",
      "Hrefresh2 + Gravity Boots",
      "Hrefresh1 + Frang",
      "Hrefresh2 + Frang",
      "Hrefresh1 + Form of Mist",
      "Hrefresh2 + Form of Mist",
      "Hrefresh1 + Soul of Wolf + Clay",
      "Hrefresh2 + Soul of Wolf + Clay",
      "Leap Stone + Srod",
      "Clay + Gravity Boots + Srod",
      "Clay + Soul of Wolf + Srod",
      "Clay + Form of Mist + Srod",
      "Hrefresh1 + Soul of Wolf + Skill of Wolf + Power of Wolf + Holy Symbol",
      "Hrefresh2 + Soul of Wolf + Skill of Wolf + Power of Wolf + Holy Symbol",
      "Hrefresh1 + Soul of Wolf + Skill of Wolf + Leap Stone + Holy Symbol",
      "Hrefresh2 + Soul of Wolf + Skill of Wolf + Leap Stone + Holy Symbol",
      "Hrefresh1 + Soul of Wolf + Skill of Wolf + Frang + Holy Symbol",
      "Hrefresh2 + Soul of Wolf + Skill of Wolf + Frang + Holy Symbol",
      "Hrefresh1 + Soul of Wolf + Skill of Wolf + Gravity Boots + Holy Symbol",
      "Hrefresh2 + Soul of Wolf + Skill of Wolf + Gravity Boots + Holy Symbol",
      "Hrefresh1 + Soul of Wolf + Skill of Wolf + Form of Mist + Holy Symbol",
      "Hrefresh2 + Soul of Wolf + Skill of Wolf + Form of Mist + Holy Symbol",
      "Hrefresh1 + Soul of Wolf + Skill of Wolf + Clay + Holy Symbol",
      "Hrefresh2 + Soul of Wolf + Skill of Wolf + Clay + Holy Symbol",
      "Leap Stone + Clay + Soul of Wolf + Frang + Hrefresh1",
      "Leap Stone + Clay + Soul of Wolf + Frang + Hrefresh2",
      "Leap Stone + Form of Mist + Soul of Wolf + Frang + Hrefresh1",
      "Leap Stone + Form of Mist + Soul of Wolf + Frang + Hrefresh2",
      "Hrefresh1 + Gravity Boots + Leap Stone",
      "Hrefresh2 + Gravity Boots + Leap Stone",
      "Hrefresh1 + Gravity Boots + Soul of Wolf",
      "Hrefresh2 + Gravity Boots + Soul of Wolf",
      "Hrefresh1 + Gravity Boots + Clay",
      "Hrefresh2 + Gravity Boots + Clay",
      "Leap Stone + Gravity Boots + Srod",
      "Clay + Gravity Boots + Srod"
    ]
  }, {
    "location": "Gold ring",
    "locks": [
      "Jewel of Open + Soul of Bat",
      "Jewel of Open + Soul of Wolf + Skill of Wolf",
      "Jewel of Open + Soul of Wolf + Gravity Boots",
      "Jewel of Open + Form of Mist + Gravity Boots",
      "Jewel of Open + Leap Stone + Gravity Boots",
      "Jewel of Open + Clay + Gravity Boots",
      "Jewel of Open + Soul of Wolf + Clay",
      "Jewel of Open + Soul of Wolf + Form of Mist",
      "Jewel of Open + Soul of Wolf + Leap Stone",
      "Jewel of Open + Soul of Wolf + Frang",
      "Soul of Wolf + Power of Wolf + Soul of Bat",
      "Soul of Wolf + Skill of Wolf + Hrefresh1",
      "Soul of Wolf + Skill of Wolf + Hrefresh2",
      "Soul of Wolf + Hrefresh1 + Gravity Boots",
      "Soul of Wolf + Hrefresh2 + Gravity Boots",
      "Form of Mist + Hrefresh1 + Gravity Boots",
      "Form of Mist + Hrefresh2 + Gravity Boots",
      "Leap Stone + Hrefresh1 + Gravity Boots",
      "Leap Stone + Hrefresh2 + Gravity Boots",
      "Leap Stone + Srod + Gravity Boots",
      "Leap Stone + Srod + Soul of Wolf + Skill of Wolf",
      "Clay + Srod + Gravity Boots",
      "Clay + Srod + Soul of Wolf + Skill of Wolf",
      "Hrefresh1 + Soul of Wolf + Clay",
      "Hrefresh2 + Soul of Wolf + Clay",
      "Hrefresh1 + Soul of Wolf + Form of Mist",
      "Hrefresh2 + Soul of Wolf + Form of Mist",
      "Hrefresh1 + Soul of Wolf + Leap Stone",
      "Hrefresh2 + Soul of Wolf + Leap Stone",
      "Soul of Wolf + Frang + Hrefresh1",
      "Soul of Wolf + Frang + Hrefresh2"
    ]
  }, {
    "location": "Silver ring",
    "locks": [
      "Jewel of Open + Soul of Bat + Sword Card",
      "Jewel of Open + Form of Mist",
      "Jewel of Open + Gravity Boots + Leap Stone + Sword Card",
      "Jewel of Open + Gravity Boots + Soul of Wolf + Sword Card",
      "Jewel of Open + Gravity Boots + Clay + Sword Card",
      "Hrefresh1 + Leap Stone + Gravity Boots",
      "Hrefresh2 + Leap Stone + Gravity Boots",
      "Hrefresh1 + Soul of Wolf + Gravity Boots",
      "Hrefresh2 + Soul of Wolf + Gravity Boots",
      "Hrefresh1 + Form of Mist + Gravity Boots",
      "Hrefresh2 + Form of Mist + Gravity Boots",
      "Hrefresh1 + Form of Mist + Power of Mist",
      "Hrefresh2 + Form of Mist + Power of Mist",
      "Hrefresh1 + Clay + Gravity Boots",
      "Hrefresh2 + Clay + Gravity Boots",
      "Srod + Leap Stone + Gravity Boots",
      "Soul of Bat + Leap Stone + Srod",
      "Hrefresh1 + Soul of Wolf + Clay + Frang",
      "Hrefresh2 + Soul of Wolf + Clay + Frang",
      "Hrefresh1 + Soul of Wolf + Form of Mist + Frang",
      "Hrefresh2 + Soul of Wolf + Form of Mist + Frang",
      "Srod + Soul of Wolf + Leap Stone + Frang"
    ]
  }, {
    "location": "Holy glasses",
    "locks": [
      "Soul of Wolf + Power of Wolf + Soul of Bat",
      "Hrefresh1 + Hrefresh2 + Soul of Wolf",
      "Hrefresh1 + Hrefresh2 + Form of Mist",
      "Gold ring + Silver ring"
    ]
  }, {
    "location": "Crystal cloak",
    "locks": [
      "Jewel of Open",
      "Soul of Wolf + Power of Wolf + Soul of Bat",
      "Hrefresh1",
      "Hrefresh2",
      "Leap Stone + Srod",
      "Clay + Srod"
    ]
  }, {
    "location": "Mormegil",
    "comment": "Requires Jewel of Open + at least Leap Stone",
    "locks": [
      "Jewel of Open",
      "Soul of Wolf + Power of Wolf + Soul of Bat",
      "Hrefresh1",
      "Hrefresh2",
      "Leap Stone + Srod",
      "Clay + Srod"
    ]
  }, {
    "location": "Dark Blade",
    "comment": "In second castle",
    "locks": [
      "Soul of Bat",
      "Soul of Wolf + Form of Mist + Power of Mist",
      "Soul of Wolf + Gravity Boots",
      "Soul of Wolf + Leap Stone + Form of Mist + Frang",
      "Soul of Wolf + Leap Stone + Clay + Frang",
      "Holy glasses + Gravity Boots + Leap Stone",
      "Holy glasses + Gravity Boots + Form of Mist",
      "Holy glasses + Form of Mist + Power of Mist",
      "Srod + Gravity Boots + Form of Mist",
      "Srod + Form of Mist + Power of Mist",
      "Hrefresh1 + Hrefresh2 + Gravity Boots + Leap Stone",
      "Hrefresh1 + Gravity Boots + Form of Mist",
      "Hrefresh2 + Gravity Boots + Form of Mist"
    ]
  }, {
    "location": "Ring of Arcana",
    "comment": "In second castle",
    "locks": [
      "Soul of Bat",
      "Soul of Wolf + Form of Mist + Power of Mist",
      "Soul of Wolf + Gravity Boots",
      "Soul of Wolf + Leap Stone + Form of Mist + Frang",
      "Soul of Wolf + Leap Stone + Clay + Frang",
      "Holy glasses + Gravity Boots + Leap Stone",
      "Holy glasses + Gravity Boots + Form of Mist",
      "Holy glasses + Form of Mist + Power of Mist",
      "Srod + Gravity Boots + Form of Mist",
      "Srod + Form of Mist + Power of Mist",
      "Hrefresh1 + Hrefresh2 + Gravity Boots + Leap Stone",
      "Hrefresh1 + Gravity Boots + Form of Mist",
      "Hrefresh2 + Gravity Boots + Form of Mist"
    ]
  }, {
    "location": "Trio",
    "comment": "In second castle",
    "locks": [
      "Soul of Bat",
      "Soul of Wolf + Form of Mist + Power of Mist",
      "Soul of Wolf + Gravity Boots",
      "Soul of Wolf + Leap Stone + Form of Mist + Frang",
      "Soul of Wolf + Leap Stone + Clay + Frang",
      "Holy glasses + Gravity Boots + Leap Stone",
      "Holy glasses + Gravity Boots + Form of Mist",
      "Holy glasses + Form of Mist + Power of Mist",
      "Srod + Gravity Boots + Form of Mist",
      "Srod + Form of Mist + Power of Mist",
      "Hrefresh1 + Hrefresh2 + Gravity Boots + Leap Stone",
      "Hrefresh1 + Gravity Boots + Form of Mist",
      "Hrefresh2 + Gravity Boots + Form of Mist"
    ]
  }, {
    "location": "Holy mail",
    "comment": "Requires flight",
    "locks": [
      "Soul of Wolf",
      "Leap Stone",
      "Gravity Boots"
    ]
  }, {
    "location": "Jewel sword",
    "comment": "Requires Wolf + Bat",
    "locks": [
      "Clay + Hrefresh1 + Hrefresh2 + Form of Mist",
      "Leap Stone + Hrefresh1 + Hrefresh2 + Form of Mist",
      "Soul of Wolf + Soul of Bat"
    ]
  }, {
    "location": "Mystic pendant",
    "comment": "Requires at least Leap Stone",
    "locks": [
      "Soul of Wolf + Clay",
      "Soul of Wolf + Form of Mist",
      "Form of Mist + Power of Mist",
      "Leap Stone",
      "Soul of Bat",
      "Gravity Boots"
    ]
  }, {
    "location": "Ankh of Life",
    "comment": "Requires at least Leap Stone",
    "locks": [
      "Soul of Wolf + Clay",
      "Soul of Wolf + Form of Mist",
      "Form of Mist + Power of Mist",
      "Leap Stone",
      "Soul of Bat",
      "Gravity Boots"
    ]
  }, {
    "location": "Morningstar",
    "comment": "Requires at least Leap Stone",
    "locks": [
      "Soul of Wolf + Frang",
      "Soul of Wolf + Clay",
      "Soul of Wolf + Power of Wolf",
      "Gravity Boots",
      "Leap Stone",
      "Soul of Bat",
      "Form of Mist"
    ]
  }, {
    "location": "Goggles",
    "comment": "Requires Jewel of Open or at least Leap Stone",
    "locks": []
  }, {
    "location": "Silver plate",
    "comment": "Requires Jewel of Open or at least Leap Stone",
    "locks": []
  }, {
    "location": "Cutlass",
    "comment": "Requires Jewel of Open or at least Leap Stone",
    "locks": []
  }, {
    "location": "Platinum mail",
    "comment": "Requires at least Gravity Boots",
    "locks": [
      "Gravity Boots",
      "Soul of Wolf + Power of Wolf",
      "Form of Mist + Power of Mist",
      "Soul of Bat",
      "Soul of Wolf + Form of Mist",
      "Soul of Wolf + Clay",
      "Soul of Wolf + Leap Stone + Frang"
    ]
  }, {
    "location": "Falchion",
    "comment": "Requires at least Leap Stone",
    "locks": [
      "Gravity Boots",
      "Soul of Wolf + Clay",
      "Form of Mist",
      "Leap Stone",
      "Soul of Wolf + Frang"
    ]
  }, {
    "location": "Gold plate",
    "comment": "Requires at least Leap Stone",
    "locks": []
  }, {
    "location": "Bekatowa",
    "comment": "Requires at least Gravity Boots",
    "locks": [
      "Clay",
      "Soul of Wolf",
      "Form of Mist + Cube of Zoe",
      "Leap Stone",
      "Soul of Bat",
      "Gravity Boots"
    ]
  }, {
    "location": "Holy rod",
    "comment": "Requires at least Leap Stone",
    "locks": [
      "Soul of Wolf + Clay",
      "Form of Mist",
      "Gravity Boots",
      "Leap Stone",
      "Soul of Bat"
    ]
  }, {
    "location": "Library Onyx",
    "comment": "Requires at least Leap Stone",
    "locks": [
      "Soul of Bat",
      "Leap Stone",
      "Gravity Boots",
      "Form of Mist",
      "Soul of Wolf",
      "Clay"
    ]
  }, {
    "location": "Alucart sword",
    "comment": "Requires at least Cube of Zoe + at least Leap Stone",
    "locks": [
      "Cube of Zoe + Tstool",
      "Cube of Zoe + Soul of Wolf",
      "Cube of Zoe + Form of Mist",
      "Cube of Zoe + Gravity Boots",
      "Cube of Zoe + Soul of Bat",
      "Cube of Zoe + Leap Stone",
      "Cube of Zoe + Clay"
    ]
  }, {
    "location": "Broadsword",
    "comment": "Requires at least Leap Stone",
    "locks": [
      "Tstool",
      "Soul of Wolf",
      "Form of Mist",
      "Gravity Boots",
      "Soul of Bat",
      "Leap Stone",
      "Clay"
    ]
  }, {
    "location": "Estoc",
    "comment": "Requires flight",
    "locks": [
      "Form of Mist + Power of Mist",
      "Soul of Bat",
      "Gravity Boots + Clay",
      "Gravity Boots + Soul of Wolf",
      "Gravity Boots + Form of Mist",
      "Soul of Wolf + Hrefresh1 + Frang + Form of Mist",
      "Soul of Wolf + Hrefresh2 + Frang + Form of Mist",
      "Soul of Wolf + Srod + Frang + Form of Mist",
      "Soul of Wolf + Hrefresh1 + Frang + Clay",
      "Soul of Wolf + Hrefresh2 + Frang + Clay",
      "Soul of Wolf + Srod + Frang + Clay"
    ]
  }, {
    "location": "Olrox Garnet",
    "comment": "Requires flight",
    "locks": [
      "Soul of Wolf + Clay + Srod",
      "Soul of Wolf + Clay + Hrefresh1",
      "Soul of Wolf + Clay + Hrefresh2",
      "Form of Mist + Power of Mist",
      "Soul of Bat",
      "Gravity Boots + Srod",
      "Gravity Boots + Hrefresh1",
      "Gravity Boots + Hrefresh2",
      "Gravity Boots + Clay",
      "Gravity Boots + Soul of Wolf",
      "Gravity Boots + Form of Mist",
      "Soul of Wolf + Power of Wolf + Srod",
      "Soul of Wolf + Power of Wolf + Hrefresh1",
      "Soul of Wolf + Power of Wolf + Hrefresh2",
      "Soul of Wolf + Hrefresh1 + Frang + Form of Mist",
      "Soul of Wolf + Hrefresh2 + Frang + Form of Mist",
      "Soul of Wolf + Srod + Frang + Form of Mist"
    ]
  }, {
    "location": "Blood cloak",
    "comment": "Requires at least Leap Stone",
    "locks": [
      "Tstool",
      "Soul of Wolf",
      "Form of Mist",
      "Gravity Boots",
      "Soul of Bat",
      "Leap Stone",
      "Clay"
    ]
  }, {
    "location": "Shield rod",
    "comment": "Requires at least Leap Stone",
    "locks": [
      "Tstool",
      "Soul of Wolf",
      "Form of Mist",
      "Gravity Boots",
      "Soul of Bat",
      "Leap Stone",
      "Clay"
    ]
  }, {
    "location": "Knight shield",
    "comment": "Requires at least Leap Stone",
    "locks": [
      "Tstool",
      "Soul of Wolf",
      "Form of Mist",
      "Gravity Boots",
      "Soul of Bat",
      "Leap Stone",
      "Clay"
    ]
  }, {
    "location": "Holy sword",
    "comment": "Requires at least Gravity Boots",
    "locks": [
      "Soul of Wolf + Clay",
      "Gravity Boots",
      "Leap Stone + Cube of Zoe",
      "Form of Mist + Clay",
      "Soul of Bat",
      "Form of Mist + Power of Mist"
    ]
  }, {
    "location": "Bandanna",
    "locks": [
      "Jewel of Open",
      "Soul of Wolf + Power of Wolf + Soul of Bat",
      "Hrefresh1",
      "Hrefresh2",
      "Leap Stone + Srod",
      "Clay + Srod"
    ]
  }, {
    "location": "Secret boots",
    "comment": "Requires Jewel of Open + flight",
    "locks": [
      "Jewel of Open",
      "Soul of Wolf + Power of Wolf + Soul of Bat",
      "Hrefresh1",
      "Hrefresh2",
      "Leap Stone + Srod",
      "Clay + Srod"
    ]
  }, {
    "location": "Nunchaku",
    "comment": "Requires Jewel of Open + Holy Symbol",
    "locks": [
      "Jewel of Open",
      "Soul of Wolf + Power of Wolf + Soul of Bat",
      "Hrefresh1",
      "Hrefresh2",
      "Leap Stone + Srod",
      "Clay + Srod"
    ]
  }, {
    "location": "Knuckle duster",
    "comment": "Requires Jewel of Open",
    "locks": [
      "Jewel of Open",
      "Soul of Wolf + Power of Wolf + Soul of Bat",
      "Hrefresh1",
      "Hrefresh2",
      "Leap Stone + Srod",
      "Clay + Srod"
    ]
  }, {
    "location": "Caverns Onyx",
    "comment": "Requires Jewel of Open + at least Leap Stone",
    "locks": [
      "Jewel of Open",
      "Soul of Wolf + Power of Wolf + Soul of Bat",
      "Hrefresh1",
      "Hrefresh2",
      "Leap Stone + Srod",
      "Clay + Srod"
    ]
  }, {
    "location": "Combat knife",
    "comment": "Requires Jewel of Open + at least Leap Stone",
    "locks": [
      "Jewel of Open",
      "Soul of Wolf + Power of Wolf + Soul of Bat",
      "Hrefresh1",
      "Hrefresh2",
      "Leap Stone + Srod",
      "Clay + Srod"
    ]
  }, {
    "location": "Ring of Ares",
    "comment": "Requires Jewel of Open + Demon Card + at least Leap Stone",
    "locks": [
      "Jewel of Open + Demon Card",
      "Soul of Wolf + Power of Wolf + Soul of Bat + Demon Card",
      "Hrefresh1",
      "Hrefresh2",
      "Leap Stone + Srod",
      "Clay + Srod"
    ]
  }, {
    "location": "Bloodstone",
    "comment": "Requires Jewel of Open + at least Leap Stone",
    "locks": [
      "Jewel of Open",
      "Soul of Wolf + Power of Wolf + Soul of Bat",
      "Hrefresh1",
      "Hrefresh2",
      "Leap Stone + Srod",
      "Clay + Srod"
    ]
  }, {
    "location": "Icebrand",
    "comment": "Requires Jewel of Open + at least Leap Stone",
    "locks": [
      "Jewel of Open + Leap Stone",
      "Jewel of Open + Gravity Boots",
      "Jewel of Open + Soul of Bat",
      "Jewel of Open + Form of Mist",
      "Jewel of Open + Frang + Soul of Wolf",
      "Jewel of Open + Clay + Soul of Wolf",
      "Soul of Wolf + Power of Wolf + Soul of Bat",
      "Hrefresh1 + Leap Stone",
      "Hrefresh2 + Leap Stone",
      "Hrefresh1 + Gravity Boots",
      "Hrefresh2 + Gravity Boots",
      "Hrefresh1 + Frang + Soul of Wolf",
      "Hrefresh2 + Frang + Soul of Wolf",
      "Leap Stone + Srod"
    ]
  }, {
    "location": "Walk armor",
    "comment": "Requires Jewel of Open + at least Leap Stone",
    "locks": [
      "Jewel of Open",
      "Soul of Wolf + Power of Wolf + Soul of Bat",
      "Hrefresh1",
      "Hrefresh2",
      "Leap Stone + Srod",
      "Clay + Srod"
    ]
  }, {
    "location": "Beryl circlet",
    "comment": "Requires Holy glasses + Bat + Wolf",
    "locks": [
      "Soul of Wolf + Soul of Bat"
    ]
  }, {
    "location": "Talisman",
    "comment": "Requires Holy glasses + flight",
    "locks": [
      "Soul of Bat",
      "Soul of Wolf + Form of Mist + Power of Mist",
      "Soul of Wolf + Gravity Boots",
      "Soul of Wolf + Leap Stone + Form of Mist + Frang",
      "Soul of Wolf + Leap Stone + Clay + Frang",
      "Holy glasses + Gravity Boots + Leap Stone",
      "Holy glasses + Gravity Boots + Form of Mist",
      "Holy glasses + Form of Mist + Power of Mist",
      "Srod + Gravity Boots + Form of Mist",
      "Srod + Form of Mist + Power of Mist",
      "Hrefresh1 + Hrefresh2 + Gravity Boots + Leap Stone",
      "Hrefresh1 + Gravity Boots + Form of Mist",
      "Hrefresh2 + Gravity Boots + Form of Mist"
    ]
  }, {
    "location": "Katana",
    "comment": "Requires Holy glasses + flight",
    "locks": [
      "Soul of Bat",
      "Soul of Wolf + Form of Mist + Power of Mist",
      "Soul of Wolf + Gravity Boots",
      "Soul of Wolf + Leap Stone + Form of Mist + Frang",
      "Soul of Wolf + Leap Stone + Clay + Frang",
      "Holy glasses + Gravity Boots + Leap Stone",
      "Holy glasses + Gravity Boots + Form of Mist",
      "Holy glasses + Form of Mist + Power of Mist",
      "Srod + Gravity Boots + Form of Mist",
      "Srod + Form of Mist + Power of Mist",
      "Hrefresh1 + Hrefresh2 + Gravity Boots + Leap Stone",
      "Hrefresh1 + Gravity Boots + Form of Mist",
      "Hrefresh2 + Gravity Boots + Form of Mist"
    ]
  }, {
    "location": "Goddess shield",
    "comment": "Requires Holy glasses + flight",
    "locks": [
      "Soul of Bat",
      "Soul of Wolf + Form of Mist + Power of Mist",
      "Soul of Wolf + Gravity Boots",
      "Soul of Wolf + Leap Stone + Form of Mist + Frang",
      "Soul of Wolf + Leap Stone + Clay + Frang",
      "Holy glasses + Gravity Boots + Leap Stone",
      "Holy glasses + Gravity Boots + Form of Mist",
      "Holy glasses + Form of Mist + Power of Mist",
      "Srod + Gravity Boots + Form of Mist",
      "Srod + Form of Mist + Power of Mist",
      "Hrefresh1 + Hrefresh2 + Gravity Boots + Leap Stone",
      "Hrefresh1 + Gravity Boots + Form of Mist",
      "Hrefresh2 + Gravity Boots + Form of Mist"
    ]
  }, {
    "location": "Twilight cloak",
    "comment": "Requires Holy glasses + Mist + flight",
    "locks": [
      "Soul of Wolf + Form of Mist + Power of Mist",
      "Soul of Wolf + Leap Stone + Form of Mist + Frang",
      "Holy glasses + Gravity Boots + Form of Mist",
      "Holy glasses + Form of Mist + Power of Mist",
      "Srod + Leap Stone + Gravity Boots + Form of Mist",
      "Srod + Leap Stone + Form of Mist + Power of Mist",
      "Hrefresh1 + Gravity Boots + Leap Stone",
      "Hrefresh2 + Gravity Boots + Leap Stone",
      "Hrefresh1 + Gravity Boots + Form of Mist",
      "Hrefresh2 + Gravity Boots + Form of Mist",
      "Sword Card + Soul of Bat",
      "Sword Card + Soul of Wolf + Gravity Boots",
      "Sword Card + Soul of Wolf + Leap Stone + Clay + Frang",
      "Sword Card + Holy glasses + Gravity Boots + Leap Stone"
    ]
  }, {
    "location": "Talwar",
    "comment": "Requires Holy glasses + flight",
    "locks": [
      "Soul of Bat",
      "Soul of Wolf + Form of Mist + Power of Mist",
      "Soul of Wolf + Gravity Boots",
      "Soul of Wolf + Leap Stone + Form of Mist + Frang",
      "Soul of Wolf + Leap Stone + Clay + Frang",
      "Holy glasses + Gravity Boots + Leap Stone",
      "Holy glasses + Gravity Boots + Form of Mist",
      "Holy glasses + Form of Mist + Power of Mist",
      "Srod + Gravity Boots + Form of Mist",
      "Srod + Form of Mist + Power of Mist",
      "Hrefresh1 + Hrefresh2 + Gravity Boots + Leap Stone",
      "Hrefresh1 + Gravity Boots + Form of Mist",
      "Hrefresh2 + Gravity Boots + Form of Mist"
    ]
  }, {
    "location": "Sword of Dawn",
    "comment": "Requires Holy glasses + flight",
    "locks": [
      "Soul of Bat",
      "Soul of Wolf + Form of Mist + Power of Mist",
      "Soul of Wolf + Gravity Boots",
      "Soul of Wolf + Leap Stone + Form of Mist + Frang",
      "Soul of Wolf + Leap Stone + Clay + Frang",
      "Holy glasses + Gravity Boots + Leap Stone",
      "Holy glasses + Gravity Boots + Form of Mist",
      "Holy glasses + Form of Mist + Power of Mist",
      "Srod + Gravity Boots + Form of Mist",
      "Srod + Form of Mist + Power of Mist",
      "Hrefresh1 + Hrefresh2 + Gravity Boots + Leap Stone",
      "Hrefresh1 + Gravity Boots + Form of Mist",
      "Hrefresh2 + Gravity Boots + Form of Mist"
    ]
  }, {
    "location": "Bastard sword",
    "comment": "Requires Holy glasses + flight",
    "locks": [
      "Soul of Bat",
      "Soul of Wolf + Form of Mist",
      "Soul of Wolf + Clay",
      "Soul of Wolf + Power of Wolf",
      "Soul of Wolf + Gravity Boots",
      "Soul of Wolf + Leap Stone + Frang",
      "Holy glasses + Gravity Boots",
      "Holy glasses + Form of Mist + Power of Mist",
      "Srod + Gravity Boots + Form of Mist",
      "Srod + Form of Mist + Power of Mist",
      "Hrefresh1 + Hrefresh2 + Gravity Boots",
      "Hrefresh1 + Gravity Boots + Form of Mist",
      "Hrefresh2 + Gravity Boots + Form of Mist"
    ]
  }, {
    "location": "Royal cloak",
    "comment": "Requires Holy glasses + flight",
    "locks": [
      "Soul of Bat",
      "Soul of Wolf + Form of Mist",
      "Soul of Wolf + Clay",
      "Soul of Wolf + Power of Wolf",
      "Soul of Wolf + Gravity Boots",
      "Soul of Wolf + Leap Stone + Frang",
      "Holy glasses + Gravity Boots",
      "Holy glasses + Form of Mist + Power of Mist",
      "Srod + Gravity Boots + Form of Mist",
      "Srod + Form of Mist + Power of Mist",
      "Hrefresh1 + Hrefresh2 + Gravity Boots",
      "Hrefresh1 + Gravity Boots + Form of Mist",
      "Hrefresh2 + Gravity Boots + Form of Mist"
    ]
  }, {
    "location": "Lightning mail",
    "comment": "Requires Holy glasses + flight",
    "locks": [
      "Soul of Bat",
      "Soul of Wolf + Form of Mist + Power of Mist",
      "Soul of Wolf + Gravity Boots",
      "Soul of Wolf + Leap Stone + Form of Mist + Frang",
      "Soul of Wolf + Leap Stone + Clay + Frang",
      "Holy glasses + Gravity Boots + Leap Stone",
      "Holy glasses + Gravity Boots + Form of Mist",
      "Holy glasses + Form of Mist + Power of Mist",
      "Srod + Gravity Boots + Form of Mist",
      "Srod + Form of Mist + Power of Mist",
      "Hrefresh1 + Hrefresh2 + Gravity Boots + Leap Stone",
      "Hrefresh1 + Gravity Boots + Form of Mist",
      "Hrefresh2 + Gravity Boots + Form of Mist"
    ]
  }, {
    "location": "Moon rod",
    "comment": "Requires Holy glasses + flight",
    "locks": [
      "Soul of Bat",
      "Soul of Wolf + Form of Mist + Power of Mist",
      "Soul of Wolf + Gravity Boots",
      "Soul of Wolf + Leap Stone + Form of Mist + Frang",
      "Soul of Wolf + Leap Stone + Clay + Frang",
      "Holy glasses + Gravity Boots + Leap Stone",
      "Holy glasses + Gravity Boots + Form of Mist",
      "Holy glasses + Form of Mist + Power of Mist",
      "Srod + Gravity Boots + Form of Mist",
      "Srod + Form of Mist + Power of Mist",
      "Hrefresh1 + Hrefresh2 + Gravity Boots + Leap Stone",
      "Hrefresh1 + Gravity Boots + Form of Mist",
      "Hrefresh2 + Gravity Boots + Form of Mist"
    ]
  }, {
    "location": "Sunstone",
    "comment": "Requires Holy glasses + flight",
    "locks": [
      "Soul of Bat",
      "Soul of Wolf + Form of Mist + Power of Mist",
      "Soul of Wolf + Gravity Boots",
      "Soul of Wolf + Leap Stone + Form of Mist + Frang",
      "Soul of Wolf + Leap Stone + Clay + Frang",
      "Holy glasses + Gravity Boots + Leap Stone",
      "Holy glasses + Gravity Boots + Form of Mist",
      "Holy glasses + Form of Mist + Power of Mist",
      "Srod + Gravity Boots + Form of Mist",
      "Srod + Form of Mist + Power of Mist",
      "Hrefresh1 + Hrefresh2 + Gravity Boots + Leap Stone",
      "Hrefresh1 + Gravity Boots + Form of Mist",
      "Hrefresh2 + Gravity Boots + Form of Mist"
    ]
  }, {
    "location": "Luminus",
    "comment": "Requires Holy glasses + flight",
    "locks": [
      "Soul of Bat",
      "Soul of Wolf + Form of Mist + Power of Mist",
      "Soul of Wolf + Gravity Boots",
      "Soul of Wolf + Leap Stone + Form of Mist + Frang",
      "Soul of Wolf + Leap Stone + Clay + Frang",
      "Holy glasses + Gravity Boots + Leap Stone",
      "Holy glasses + Gravity Boots + Form of Mist",
      "Holy glasses + Form of Mist + Power of Mist",
      "Srod + Gravity Boots + Form of Mist",
      "Srod + Form of Mist + Power of Mist",
      "Hrefresh1 + Hrefresh2 + Gravity Boots + Leap Stone",
      "Hrefresh1 + Gravity Boots + Form of Mist",
      "Hrefresh2 + Gravity Boots + Form of Mist"
    ]
  }, {
    "location": "Dragon helm",
    "comment": "Requires Holy glasses + flight",
    "locks": [
      "Soul of Bat",
      "Soul of Wolf + Form of Mist + Power of Mist",
      "Soul of Wolf + Gravity Boots",
      "Soul of Wolf + Leap Stone + Form of Mist + Frang",
      "Soul of Wolf + Leap Stone + Clay + Frang",
      "Holy glasses + Gravity Boots + Leap Stone",
      "Holy glasses + Gravity Boots + Form of Mist",
      "Holy glasses + Form of Mist + Power of Mist",
      "Srod + Gravity Boots + Form of Mist",
      "Srod + Form of Mist + Power of Mist",
      "Hrefresh1 + Hrefresh2 + Gravity Boots + Leap Stone",
      "Hrefresh1 + Gravity Boots + Form of Mist",
      "Hrefresh2 + Gravity Boots + Form of Mist"
    ]
  }, {
    "location": "Shotel",
    "comment": "Requires Holy glasses + Mist + flight",
    "locks": [
      "Soul of Bat + Form of Mist",
      "Soul of Wolf + Form of Mist + Power of Mist",
      "Soul of Wolf + Gravity Boots + Form of Mist",
      "Soul of Wolf + Leap Stone + Form of Mist + Frang",
      "Holy glasses + Gravity Boots + Form of Mist",
      "Holy glasses + Form of Mist + Power of Mist",
      "Srod + Gravity Boots + Form of Mist",
      "Srod + Form of Mist + Power of Mist",
      "Hrefresh1 + Gravity Boots + Form of Mist",
      "Hrefresh2 + Gravity Boots + Form of Mist"
    ]
  }, {
    "location": "Staurolite",
    "comment": "Requires Holy glasses + Mist + flight",
    "locks": [
      "Soul of Bat + Form of Mist",
      "Soul of Wolf + Form of Mist + Power of Mist",
      "Soul of Wolf + Gravity Boots + Form of Mist",
      "Soul of Wolf + Leap Stone + Form of Mist + Frang",
      "Holy glasses + Gravity Boots + Form of Mist",
      "Holy glasses + Form of Mist + Power of Mist",
      "Srod + Gravity Boots + Form of Mist",
      "Srod + Form of Mist + Power of Mist",
      "Hrefresh1 + Gravity Boots + Form of Mist",
      "Hrefresh2 + Gravity Boots + Form of Mist"
    ]
  }, {
    "location": "Badelaire",
    "comment": "Requires Holy glasses + flight",
    "locks": [
      "Soul of Bat",
      "Soul of Wolf + Form of Mist + Power of Mist",
      "Soul of Wolf + Gravity Boots",
      "Soul of Wolf + Leap Stone + Form of Mist + Frang",
      "Soul of Wolf + Leap Stone + Clay + Frang",
      "Holy glasses + Gravity Boots + Leap Stone",
      "Holy glasses + Gravity Boots + Form of Mist",
      "Holy glasses + Form of Mist + Power of Mist",
      "Srod + Gravity Boots + Form of Mist",
      "Srod + Form of Mist + Power of Mist",
      "Hrefresh1 + Hrefresh2 + Gravity Boots + Leap Stone",
      "Hrefresh1 + Gravity Boots + Form of Mist",
      "Hrefresh2 + Gravity Boots + Form of Mist"
    ]
  }, {
    "location": "Forbidden Library Opal",
    "comment": "Requires Holy glasses + flight",
    "locks": [
      "Soul of Bat",
      "Soul of Wolf + Form of Mist + Power of Mist",
      "Soul of Wolf + Gravity Boots",
      "Soul of Wolf + Leap Stone + Form of Mist + Frang",
      "Soul of Wolf + Leap Stone + Clay + Frang",
      "Holy glasses + Gravity Boots + Leap Stone",
      "Holy glasses + Gravity Boots + Form of Mist",
      "Holy glasses + Form of Mist + Power of Mist",
      "Srod + Gravity Boots + Form of Mist",
      "Srod + Form of Mist + Power of Mist",
      "Hrefresh1 + Hrefresh2 + Gravity Boots + Leap Stone",
      "Hrefresh1 + Gravity Boots + Form of Mist",
      "Hrefresh2 + Gravity Boots + Form of Mist"
    ]
  }, {
    "location": "Reverse Caverns Diamond",
    "comment": "Requires Holy glasses + flight",
    "locks": [
      "Soul of Bat",
      "Soul of Wolf + Form of Mist + Power of Mist",
      "Soul of Wolf + Gravity Boots",
      "Soul of Wolf + Leap Stone + Form of Mist + Frang",
      "Soul of Wolf + Leap Stone + Clay + Frang",
      "Holy glasses + Gravity Boots + Leap Stone",
      "Holy glasses + Gravity Boots + Form of Mist",
      "Holy glasses + Form of Mist + Power of Mist",
      "Srod + Gravity Boots + Form of Mist",
      "Srod + Form of Mist + Power of Mist",
      "Hrefresh1 + Hrefresh2 + Gravity Boots + Leap Stone",
      "Hrefresh1 + Gravity Boots + Form of Mist",
      "Hrefresh2 + Gravity Boots + Form of Mist"
    ]
  }, {
    "location": "Reverse Caverns Opal",
    "comment": "Requires Holy glasses + flight",
    "locks": [
      "Soul of Bat",
      "Soul of Wolf + Form of Mist + Power of Mist",
      "Soul of Wolf + Gravity Boots",
      "Soul of Wolf + Leap Stone + Form of Mist + Frang",
      "Soul of Wolf + Leap Stone + Clay + Frang",
      "Holy glasses + Gravity Boots + Leap Stone",
      "Holy glasses + Gravity Boots + Form of Mist",
      "Holy glasses + Form of Mist + Power of Mist",
      "Srod + Gravity Boots + Form of Mist",
      "Srod + Form of Mist + Power of Mist",
      "Hrefresh1 + Hrefresh2 + Gravity Boots + Leap Stone",
      "Hrefresh1 + Gravity Boots + Form of Mist",
      "Hrefresh2 + Gravity Boots + Form of Mist"
    ]
  }, {
    "location": "Reverse Caverns Garnet",
    "comment": "Requires Holy glasses + flight",
    "locks": [
      "Soul of Bat",
      "Soul of Wolf + Form of Mist + Power of Mist",
      "Soul of Wolf + Gravity Boots",
      "Soul of Wolf + Leap Stone + Form of Mist + Frang",
      "Soul of Wolf + Leap Stone + Clay + Frang",
      "Holy glasses + Gravity Boots + Leap Stone",
      "Holy glasses + Gravity Boots + Form of Mist",
      "Holy glasses + Form of Mist + Power of Mist",
      "Srod + Gravity Boots + Form of Mist",
      "Srod + Form of Mist + Power of Mist",
      "Hrefresh1 + Hrefresh2 + Gravity Boots + Leap Stone",
      "Hrefresh1 + Gravity Boots + Form of Mist",
      "Hrefresh2 + Gravity Boots + Form of Mist"
    ]
  }, {
    "location": "Osafune katana",
    "comment": "Requires Holy glasses + flight",
    "locks": [
      "Soul of Bat",
      "Soul of Wolf + Form of Mist + Power of Mist",
      "Soul of Wolf + Gravity Boots",
      "Soul of Wolf + Leap Stone + Form of Mist + Frang",
      "Soul of Wolf + Leap Stone + Clay + Frang",
      "Holy glasses + Gravity Boots + Leap Stone",
      "Holy glasses + Gravity Boots + Form of Mist",
      "Holy glasses + Form of Mist + Power of Mist",
      "Srod + Gravity Boots + Form of Mist",
      "Srod + Form of Mist + Power of Mist",
      "Hrefresh1 + Hrefresh2 + Gravity Boots + Leap Stone",
      "Hrefresh1 + Gravity Boots + Form of Mist",
      "Hrefresh2 + Gravity Boots + Form of Mist"
    ]
  }, {
    "location": "Alucard shield",
    "comment": "Requires Holy glasses + flight",
    "locks": [
      "Soul of Bat",
      "Soul of Wolf + Form of Mist + Power of Mist",
      "Soul of Wolf + Gravity Boots",
      "Soul of Wolf + Leap Stone + Form of Mist + Frang",
      "Soul of Wolf + Leap Stone + Clay + Frang",
      "Holy glasses + Gravity Boots + Leap Stone",
      "Holy glasses + Gravity Boots + Form of Mist",
      "Holy glasses + Form of Mist + Power of Mist",
      "Srod + Gravity Boots + Form of Mist",
      "Srod + Form of Mist + Power of Mist",
      "Hrefresh1 + Hrefresh2 + Gravity Boots + Leap Stone",
      "Hrefresh1 + Gravity Boots + Form of Mist",
      "Hrefresh2 + Gravity Boots + Form of Mist"
    ]
  }, {
    "location": "Alucard sword",
    "comment": "Requires Holy glasses + flight",
    "locks": [
      "Soul of Bat",
      "Soul of Wolf + Form of Mist + Power of Mist",
      "Soul of Wolf + Gravity Boots",
      "Soul of Wolf + Leap Stone + Form of Mist + Frang",
      "Soul of Wolf + Leap Stone + Clay + Frang",
      "Holy glasses + Gravity Boots + Leap Stone",
      "Holy glasses + Gravity Boots + Form of Mist",
      "Holy glasses + Form of Mist + Power of Mist",
      "Srod + Gravity Boots + Form of Mist",
      "Srod + Form of Mist + Power of Mist",
      "Hrefresh1 + Hrefresh2 + Gravity Boots + Leap Stone",
      "Hrefresh1 + Gravity Boots + Form of Mist",
      "Hrefresh2 + Gravity Boots + Form of Mist"
    ]
  }, {
    "location": "Necklace of J",
    "comment": "Requires Holy glasses + flight",
    "locks": [
      "Soul of Bat",
      "Soul of Wolf + Form of Mist + Power of Mist",
      "Soul of Wolf + Gravity Boots",
      "Soul of Wolf + Leap Stone + Form of Mist + Frang",
      "Soul of Wolf + Leap Stone + Clay + Frang",
      "Holy glasses + Gravity Boots + Leap Stone",
      "Holy glasses + Gravity Boots + Form of Mist",
      "Holy glasses + Form of Mist + Power of Mist",
      "Srod + Gravity Boots + Form of Mist",
      "Srod + Form of Mist + Power of Mist",
      "Hrefresh1 + Hrefresh2 + Gravity Boots + Leap Stone",
      "Hrefresh1 + Gravity Boots + Form of Mist",
      "Hrefresh2 + Gravity Boots + Form of Mist"
    ]
  }, {
    "location": "Floating Catacombs Diamond",
    "comment": "Requires Holy glasses + flight",
    "locks": [
      "Soul of Bat",
      "Soul of Wolf + Form of Mist + Power of Mist",
      "Soul of Wolf + Gravity Boots",
      "Soul of Wolf + Leap Stone + Form of Mist + Frang",
      "Soul of Wolf + Leap Stone + Clay + Frang",
      "Holy glasses + Gravity Boots + Leap Stone",
      "Holy glasses + Gravity Boots + Form of Mist",
      "Holy glasses + Form of Mist + Power of Mist",
      "Srod + Gravity Boots + Form of Mist",
      "Srod + Form of Mist + Power of Mist",
      "Hrefresh1 + Hrefresh2 + Gravity Boots + Leap Stone",
      "Hrefresh1 + Gravity Boots + Form of Mist",
      "Hrefresh2 + Gravity Boots + Form of Mist"
    ]
  }, {
    "location": "Sword of Hador",
    "comment": "Requires Holy glasses + flight",
    "locks": [
      "Soul of Bat",
      "Soul of Wolf + Form of Mist + Power of Mist",
      "Soul of Wolf + Gravity Boots",
      "Soul of Wolf + Leap Stone + Form of Mist + Frang",
      "Soul of Wolf + Leap Stone + Clay + Frang",
      "Holy glasses + Gravity Boots + Leap Stone",
      "Holy glasses + Gravity Boots + Form of Mist",
      "Holy glasses + Form of Mist + Power of Mist",
      "Srod + Gravity Boots + Form of Mist",
      "Srod + Form of Mist + Power of Mist",
      "Hrefresh1 + Hrefresh2 + Gravity Boots + Leap Stone",
      "Hrefresh1 + Gravity Boots + Form of Mist",
      "Hrefresh2 + Gravity Boots + Form of Mist"
    ]
  }, {
    "location": "Alucard mail",
    "comment": "Requires Holy glasses + flight",
    "locks": [
      "Soul of Bat",
      "Soul of Wolf + Form of Mist + Power of Mist",
      "Soul of Wolf + Gravity Boots",
      "Soul of Wolf + Leap Stone + Form of Mist + Frang",
      "Soul of Wolf + Leap Stone + Clay + Frang",
      "Holy glasses + Gravity Boots + Leap Stone",
      "Holy glasses + Gravity Boots + Form of Mist",
      "Holy glasses + Form of Mist + Power of Mist",
      "Srod + Gravity Boots + Form of Mist",
      "Srod + Form of Mist + Power of Mist",
      "Hrefresh1 + Hrefresh2 + Gravity Boots + Leap Stone",
      "Hrefresh1 + Gravity Boots + Form of Mist",
      "Hrefresh2 + Gravity Boots + Form of Mist"
    ]
  }, {
    "location": "Gram",
    "comment": "Requires Holy glasses + flight",
    "locks": [
      "Soul of Bat",
      "Soul of Wolf + Form of Mist + Power of Mist",
      "Soul of Wolf + Gravity Boots",
      "Soul of Wolf + Leap Stone + Form of Mist + Frang",
      "Soul of Wolf + Leap Stone + Clay + Frang",
      "Holy glasses + Gravity Boots + Leap Stone",
      "Holy glasses + Gravity Boots + Form of Mist",
      "Holy glasses + Form of Mist + Power of Mist",
      "Srod + Gravity Boots + Form of Mist",
      "Srod + Form of Mist + Power of Mist",
      "Hrefresh1 + Hrefresh2 + Gravity Boots + Leap Stone",
      "Hrefresh1 + Gravity Boots + Form of Mist",
      "Hrefresh2 + Gravity Boots + Form of Mist"
    ]
  }, {
    "location": "Fury plate",
    "comment": "Requires Holy glasses + flight",
    "locks": [
      "Soul of Bat",
      "Soul of Wolf + Form of Mist + Power of Mist",
      "Soul of Wolf + Gravity Boots",
      "Soul of Wolf + Leap Stone + Form of Mist + Frang",
      "Soul of Wolf + Leap Stone + Clay + Frang",
      "Holy glasses + Gravity Boots + Leap Stone",
      "Holy glasses + Gravity Boots + Form of Mist",
      "Holy glasses + Form of Mist + Power of Mist",
      "Srod + Gravity Boots + Form of Mist",
      "Srod + Form of Mist + Power of Mist",
      "Hrefresh1 + Hrefresh2 + Gravity Boots + Leap Stone",
      "Hrefresh1 + Gravity Boots + Form of Mist",
      "Hrefresh2 + Gravity Boots + Form of Mist"
    ]
  }, {
    "location": "Confessional",
    "comment": "Requires Jewel of Open or at least Leap Stone",
    "locks": []
  }, {
    "location": "Colosseum Green tea",
    "comment": "Requires at least Leap Stone",
    "locks": [
      "Tstool",
      "Soul of Wolf",
      "Form of Mist",
      "Gravity Boots",
      "Soul of Bat",
      "Leap Stone",
      "Clay"
    ]
  }, {
    "location": "Clock Tower Cloaked knight",
    "comment": "Requires at least Leap Stone",
    "locks": []
  }, {
    "location": "Waterfall Cave",
    "comment": "Requires Jewel of Open",
    "locks": [
      "Jewel of Open",
      "Soul of Wolf + Power of Wolf + Soul of Bat",
      "Hrefresh1",
      "Hrefresh2",
      "Leap Stone + Srod",
      "Clay + Srod"
    ]
  }, {
    "location": "Floating Catacombs Elixir",
    "comment": "Requires Holy glasses + flight + Possibly Spike Breaker",
    "locks": [
      "Soul of Bat",
      "Soul of Wolf + Form of Mist + Power of Mist",
      "Soul of Wolf + Gravity Boots + Spike Breaker",
      "Soul of Wolf + Gravity Boots + Pot",
      "Soul of Wolf + Gravity Boots + Hrefresh1",
      "Soul of Wolf + Gravity Boots + Hrefresh2",
      "Soul of Wolf + Leap Stone + Form of Mist + Frang + Spike Breaker",
      "Soul of Wolf + Leap Stone + Form of Mist + Frang + Pot",
      "Soul of Wolf + Leap Stone + Form of Mist + Frang + Hrefresh1",
      "Soul of Wolf + Leap Stone + Form of Mist + Frang + Hrefresh2",
      "Soul of Wolf + Leap Stone + Clay + Frang + Spike Breaker",
      "Soul of Wolf + Leap Stone + Clay + Frang + Pot",
      "Soul of Wolf + Leap Stone + Clay + Frang + Hrefresh1",
      "Soul of Wolf + Leap Stone + Clay + Frang + Hrefresh2",
      "Holy glasses + Gravity Boots + Leap Stone + Spike Breaker",
      "Holy glasses + Gravity Boots + Leap Stone + Pot",
      "Holy glasses + Gravity Boots + Leap Stone + Hrefresh1",
      "Holy glasses + Gravity Boots + Leap Stone + Hrefresh2",
      "Holy glasses + Gravity Boots + Form of Mist + Spike Breaker",
      "Holy glasses + Gravity Boots + Form of Mist + Pot",
      "Holy glasses + Form of Mist + Power of Mist",
      "Srod + Gravity Boots + Form of Mist",
      "Srod + Form of Mist + Power of Mist",
      "Hrefresh1 + Hrefresh2 + Gravity Boots + Leap Stone",
      "Hrefresh1 + Gravity Boots + Form of Mist",
      "Hrefresh2 + Gravity Boots + Form of Mist"
    ]
  }, {
    "location": "Reverse Entrance Antivenom",
    "comment": "Requires Holy glasses + flight",
    "locks":[
      "Soul of Bat",
      "Soul of Wolf + Form of Mist + Power of Mist",
      "Soul of Wolf + Gravity Boots",
      "Soul of Wolf + Leap Stone + Form of Mist + Frang",
      "Soul of Wolf + Leap Stone + Clay + Frang",
      "Holy glasses + Gravity Boots + Leap Stone",
      "Holy glasses + Gravity Boots + Form of Mist",
      "Holy glasses + Form of Mist + Power of Mist",
      "Srod + Gravity Boots + Form of Mist",
      "Srod + Form of Mist + Power of Mist",
      "Hrefresh1 + Hrefresh2 + Gravity Boots + Leap Stone",
      "Hrefresh1 + Gravity Boots + Form of Mist",
      "Hrefresh2 + Gravity Boots + Form of Mist"
    ]
  }, {
    "location": "Reverse Forbidden Route",
    "comment": "Requires Holy glasses + flight",
    "locks": [
      "Soul of Bat",
      "Soul of Wolf + Form of Mist + Power of Mist",
      "Soul of Wolf + Gravity Boots",
      "Soul of Wolf + Leap Stone + Form of Mist + Frang",
      "Soul of Wolf + Leap Stone + Clay + Frang",
      "Holy glasses + Gravity Boots + Leap Stone",
      "Holy glasses + Gravity Boots + Form of Mist",
      "Holy glasses + Form of Mist + Power of Mist",
      "Srod + Gravity Boots + Form of Mist",
      "Srod + Form of Mist + Power of Mist",
      "Hrefresh1 + Hrefresh2 + Gravity Boots + Leap Stone",
      "Hrefresh1 + Gravity Boots + Form of Mist",
      "Hrefresh2 + Gravity Boots + Form of Mist"
    ]
  }, {
    "location": "Cave Life apple",
    "comment": "Requires Holy glasses + flight + Demon Card",
    "locks": [
      "Soul of Bat + Demon Card",
      "Soul of Wolf + Form of Mist + Power of Mist + Demon Card",
      "Soul of Wolf + Gravity Boots + Demon Card",
      "Soul of Wolf + Leap Stone + Form of Mist + Frang + Demon Card",
      "Soul of Wolf + Leap Stone + Clay + Frang + Demon Card",
      "Holy glasses + Gravity Boots + Leap Stone + Demon Card",
      "Holy glasses + Gravity Boots + Form of Mist + Demon Card",
      "Holy glasses + Form of Mist + Power of Mist + Demon Card",
      "Srod + Gravity Boots + Form of Mist + Clay",
      "Srod + Form of Mist + Power of Mist + Clay",
      "Srod + Gravity Boots + Form of Mist + Leap Stone",
      "Srod + Form of Mist + Power of Mist + Leap Stone",
      "Hrefresh1 + Hrefresh2 + Gravity Boots + Leap Stone",
      "Hrefresh1 + Hrefresh2 + Gravity Boots + Form of Mist",
      "Hrefresh1 + Gravity Boots + Form of Mist",
      "Hrefresh2 + Gravity Boots + Form of Mist"
    ]
  }, {
    "location": "Reverse Colosseum Zircon",
    "comment": "Requires Holy glasses + flight",
    "locks": [
      "Soul of Bat",
      "Soul of Wolf + Form of Mist + Power of Mist",
      "Soul of Wolf + Gravity Boots",
      "Soul of Wolf + Leap Stone + Form of Mist + Frang",
      "Soul of Wolf + Leap Stone + Clay + Frang",
      "Holy glasses + Gravity Boots + Leap Stone",
      "Holy glasses + Gravity Boots + Form of Mist",
      "Holy glasses + Form of Mist + Power of Mist",
      "Srod + Gravity Boots + Form of Mist",
      "Srod + Form of Mist + Power of Mist",
      "Hrefresh1 + Hrefresh2 + Gravity Boots + Leap Stone",
      "Hrefresh1 + Gravity Boots + Form of Mist",
      "Hrefresh2 + Gravity Boots + Form of Mist"
    ]
  }, {
    "location": "Black Marble Gallery Vat",
    "comment": "Requires Holy glasses + flight",
    "locks": [
      "Soul of Bat",
      "Soul of Wolf + Form of Mist + Power of Mist",
      "Soul of Wolf + Gravity Boots",
      "Soul of Wolf + Leap Stone + Form of Mist + Frang",
      "Soul of Wolf + Leap Stone + Clay + Frang",
      "Holy glasses + Gravity Boots + Leap Stone",
      "Holy glasses + Gravity Boots + Form of Mist",
      "Holy glasses + Form of Mist + Power of Mist",
      "Srod + Gravity Boots + Form of Mist",
      "Srod + Form of Mist + Power of Mist",
      "Hrefresh1 + Hrefresh2 + Gravity Boots + Leap Stone",
      "Hrefresh1 + Gravity Boots + Form of Mist",
      "Hrefresh2 + Gravity Boots + Form of Mist"
    ]
  }, {
    "location": "Black Marble Meal Ticket",
    "comment": "Requires Holy glasses + flight + Jewel of Open",
    "locks": [
      "Jewel of Open + Soul of Bat",
      "Jewel of Open + Soul of Wolf + Form of Mist + Power of Mist",
      "Jewel of Open + Soul of Wolf + Gravity Boots",
      "Jewel of Open + Soul of Wolf + Leap Stone + Form of Mist + Frang",
      "Jewel of Open + Soul of Wolf + Leap Stone + Clay + Frang",
      "Jewel of Open + Holy glasses + Gravity Boots + Leap Stone",
      "Jewel of Open + Holy glasses + Gravity Boots + Form of Mist",
      "Jewel of Open + Holy glasses + Form of Mist + Power of Mist",
      "Hrefresh1 + Soul of Wolf + Gravity Boots",
      "Hrefresh1 + Soul of Wolf + Leap Stone + Form of Mist + Frang",
      "Hrefresh1 + Soul of Wolf + Leap Stone + Clay + Frang",
      "Hrefresh1 + Holy glasses + Gravity Boots + Leap Stone",
      "Hrefresh2 + Soul of Wolf + Gravity Boots",
      "Hrefresh2 + Soul of Wolf + Leap Stone + Form of Mist + Frang",
      "Hrefresh2 + Soul of Wolf + Leap Stone + Clay + Frang",
      "Hrefresh2 + Holy glasses + Gravity Boots + Leap Stone",
      "Srod + Soul of Wolf + Gravity Boots",
      "Srod + Soul of Wolf + Leap Stone + Form of Mist + Frang",
      "Srod + Soul of Wolf + Leap Stone + Clay + Frang",
      "Srod + Holy glasses + Gravity Boots + Leap Stone",
      "Srod + Gravity Boots + Form of Mist",
      "Srod + Form of Mist + Power of Mist",
      "Hrefresh1 + Hrefresh2 + Gravity Boots + Leap Stone",
      "Hrefresh1 + Gravity Boots + Form of Mist",
      "Hrefresh2 + Gravity Boots + Form of Mist"
    ]
  }, {
    "location": "Reverse Keep High Potion",
    "comment": "Requires Holy glasses + flight",
    "locks": [
      "Soul of Bat",
      "Soul of Wolf + Form of Mist + Power of Mist",
      "Soul of Wolf + Gravity Boots",
      "Soul of Wolf + Leap Stone + Form of Mist + Frang",
      "Soul of Wolf + Leap Stone + Clay + Frang",
      "Holy glasses + Gravity Boots + Leap Stone",
      "Holy glasses + Gravity Boots + Form of Mist",
      "Holy glasses + Form of Mist + Power of Mist",
      "Srod + Gravity Boots + Form of Mist",
      "Srod + Form of Mist + Power of Mist",
      "Hrefresh1 + Hrefresh2 + Gravity Boots + Leap Stone",
      "Hrefresh1 + Gravity Boots + Form of Mist",
      "Hrefresh2 + Gravity Boots + Form of Mist"
    ]
  }],
  
  "writes": [{
    "comment": "Jump to injected code",
    "address": "0x000fa97c",
    "type": "word",
    "value": "0x0c04db00"
  },{
    "address": "0x00158c98",
    "type": "word",
    "value": "0x3c038004",
    "comment": "lui v1, 0x8004"
  },
  
  {
    "comment": "Save Return Address for rA (Armor Code)",
    "type": "word",
    "value": "0x37F70000"
  },

  {
    "comment": "Give Axe Lord armor",
    "type": "word",
    "value": "0x34040019"
  },{
    "type": "word",
    "value": "0x34050001"
  },{
    "type": "word",
    "value": "0x0C03F61D"
  },{
    "type": "word",
    "value": "0x00000000"
  },

  {
    "comment": "Give Duplicator",
    "type": "word",
    "value": "0x34040054"
  },{
    "type": "word",
    "value": "0x34050001"
  },{
    "type": "word",
    "value": "0x0C03F61D"
  },{
    "type": "word",
    "value": "0x00000000"
  },

  {
    "comment": "Give Library Card",
    "type": "word",
    "value": "0x340400a6"
  },{
    "type": "word",
    "value": "0x34050000"
  },{
    "type": "word",
    "value": "0x0C03F61D"
  },{
    "type": "word",
    "value": "0x00000000"
  },
  
  {
    "comment": "Recall Return Address for rA (Armor Code)",
    "type": "word",
    "value": "0x36FF0000"
  }, {
    "type": "word",
    "value": "0x00000000",
    "comment": "nop"
  }, 
  
  {
    "type": "word",
    "value": "0x3c038009",
    "comment": "lui v1, 0x8009"
  },
  
  {
    "comment": "Experience is 99",
    "type": "word",
    "value": "0x3402270F",
    "comment": "ori v0, 0x270F"
  }, {
    "comment": "Sword Familiar starts exp 99",
    "type": "word",
    "value": "0xAC627C78",
    "comment": "sw v0, 0x7C78 (v1)"
  }, {
    "comment": "Faerie starts exp 99",
    "type": "word",
    "value": "0xAC627C60",
    "comment": "sw v0, 0x7C60 (v1)"
  },
  
  {
    "comment": "Item Amount is 10",
    "type": "word",
    "value": "0x3402000a",
    "comment": "ori v0, 0x000a"
  }, {
    "comment": "Life Apples",
    "type": "word",
    "value": "0xa0627A1C",
    "comment": "sb v0, 0x7A1C (v1)"
  },
  
  {
    "comment": "Level is 99",
    "type": "word",
    "value": "0x34020063",
    "comment": "ori v0, 0x0063"
  }, {
    "comment": "Sword Familiar starts lvl 99",
    "type": "word",
    "value": "0xa0627C74",
    "comment": "sb v0, 0x7C74 (v1)"
  }, {
    "comment": "Faerie starts lvl 99",
    "type": "word",
    "value": "0xa0627C5C",
    "comment": "sb v0, 0x7C5C (v1)"
  },
  
  {
    "comment": "Return from injected code",
    "type": "word",
    "value": "0x0803924f",
    "comment": "j 0x800e493c"
  },{
    "type": "word",
    "value": "0x00000000",
    "comment": "nop"
  }],

  "complexityGoal": {
    "min": 5,
    "goals": [
      "Soul of Bat + Hrefresh1",
      "Soul of Bat + Hrefresh2",
      "Soul of Bat + Srod + Leap Stone",
      "Soul of Bat + Srod + Clay",
      "Leap Stone + Gravity Boots + Hrefresh1 + Hrefresh2",
      "Soul of Wolf + Gravity Boots + Hrefresh1 + Hrefresh2",
      "Form of Mist + Gravity Boots + Hrefresh1 + Hrefresh2",
      "Form of Mist + Power of Mist + Holy glasses + Hrefresh1",
      "Form of Mist + Power of Mist + Holy glasses + Hrefresh2",
      "Form of Mist + Power of Mist + Hrefresh1 + Hrefresh2",
      "Form of Mist + Power of Mist + Srod + Leap Stone",
      "Form of Mist + Power of Mist + Srod + Clay"
    ]
  }
}
