{
  "metadata": {
    "id": "glitch",
    "name": "Glitch",
    "description": "Adventure logic is the base. Requires extensive glitch knowledge, but avoids memory corruption and lengthy wolf rising.",
    "author": "romscout",
    "weight": 0
  },
  "inherits": "adventure",
  "stats": false,
  "prologueRewards": [{
    "item": "Heart Refresh",
    "replacement": "Meal ticket"
  }, {
    "item": "Neutron bomb",
    "replacement": "Karma Coin"
  }, {
    "item": "Potion",
    "replacement": "Manna prism"
  }],
  "replaceRelic": [{
    "relic": "Tooth of Vlad",
    "item": "Heart Refresh"
  }, {
    "relic": "Ring of Vlad",
    "item": "Heart Refresh"
  }, {
    "relic": "Rib of Vlad",
    "item": "Shield rod"
  }, {
    "relic": "Heart of Vlad",
    "item": "Duplicator"
  }, {
    "relic": "Eye of Vlad",
    "item": "Fire boomerang"
  }, {
    "relic": "Jewel of Open",
    "item": "Fire boomerang"
  }, {
    "relic": "Faerie Card",
    "item": "Library card"
  }, {
    "relic": "Sprite Card",
    "item": "Toadstool"
  }],
  "alias": [{
    "comment": "Alias Tooth of Vlad as Heart Refresh 1",
    "relic": "Tooth of Vlad",
    "alias": "HR1"
  }, {
    "comment": "Alias Ring of Vlad as Heart Refresh 2",
    "relic": "Ring of Vlad",
    "alias": "HR2"
  }, {
    "comment": "Alias Rib of Vlad as Srod",
    "relic": "Rib of Vlad",
    "alias": "Srod"
  }, {
    "comment": "Alias Heart of Vlad as Duplicator",
    "relic": "Heart of Vlad",
    "alias": "Dupe"
  }, {
    "comment": "Alias Eye of Vlad as Fire Boomerang 1",
    "relic": "Eye of Vlad",
    "alias": "Frang1"
  }, {
    "comment": "Alias Jewel of Open as Fire Boomerang 2",
    "relic": "Jewel of Open",
    "alias": "Frang2"
  }, {
    "comment": "Alias Faerie Card as Library Card 1",
    "relic": "Faerie Card",
    "alias": "LB"
  }, {
    "comment": "Alias Faerie Scroll as Toadstool",
    "relic": "Sprite Card",
    "alias": "Tstool"
  }, {
    "comment": "Alias Thrust sword as Clay",
    "relic": "Thrust sword",
    "alias": "Clay"
  }],
  "itemLocations": [{
    "comment": "Place Axe Lord armor in the Pot roast wall of Entrance",
    "zone": "NO3",
    "item": "Pot roast",
    "replacement": "Axe Lord armor"
  }],
  "blockItems": [{
    "zone": "*",
    "item": "*",
    "replacement": [
      "Heart Refresh",
      "Library card",
      "Fire boomerang",
      "Toadstool",
      "Meal ticket",
      "Shield rod",
      "Mablung Sword",
      "Duplicator",
      "Estoc",
      "Claymore",
      "Flamberge",
      "Zwei hander",
      "Obsidian sword"
    ]
  }],
  "blockDrops": [{
    "enemy": "*",
    "items": [
      "Heart Refresh",
      "Library card",
      "Fire boomerang",
      "Toadstool",
      "Meal ticket",
      "Shield rod",
      "Mablung Sword",
      "Duplicator",
      "Estoc",
      "Claymore",
      "Flamberge",
      "Zwei hander",
      "Obsidian sword"
    ]
  }],
  "blockEquipment": [{
    "slot": "Right hand",
    "item": [
      "Shield rod",
      "Mablung Sword"
    ]
  }],
  "thrustSwordAbility": true,
  "lockLocation": [{
    "location": "Holy mail",
    "locks": [
      "Soul of Wolf",
      "Leap Stone",
      "Gravity Boots + Clay"
    ]
  }, {
    "location": "Jewel sword",
    "locks": [
      "LB + Clay + HR1 + HR2 + Dupe + Form of Mist",
      "Soul of Wolf + Soul of Bat"
    ]
  }, {
    "location": "Bat Card",
    "locks": [
      "HR1 + Dupe",
      "HR2 + Dupe",
      "Srod + Leap Stone",
      "Soul of Wolf + Leap Stone",
      "Gravity Boots",
      "Soul of Wolf + Clay"
    ]
  }, {
    "location": "Skill of Wolf",
    "locks": [
      "Gravity Boots",
      "Soul of Wolf + Clay"
    ]
  }, {
    "location": "Holy glasses",
    "locks": [
      "Soul of Wolf + Power of Wolf + Soul of Bat",
      "LB + HR1 + HR2 + Dupe + Soul of Wolf",
      "LB + HR1 + HR2 + Dupe + Form of Mist",
      "LB + Gold ring + Silver ring"
    ],
    "escapeRequires": [
      "Gravity Boots + Leap Stone",
      "Gravity Boots + Form of Mist",
      "Gravity Boots + Soul of Wolf",
      "Gravity Boots + Clay",
      "Soul of Bat",
      "LB"
    ]
  }, {
    "location": "Blood cloak",
    "locks": [
      "Tstool + Dupe",
      "Soul of Wolf",
      "Gravity Boots",
      "Leap Stone",
      "Clay"
    ]
  }, {
    "location": "Holy sword",
    "locks": [
      "Soul of Wolf + Clay",
      "Gravity Boots",
      "Leap Stone + Cube of Zoe",
      "Form of Mist + Clay"
    ]
  }, {
    "location": "Knight shield",
    "locks": [
      "Tstool + Dupe",
      "Soul of Wolf",
      "Gravity Boots",
      "Leap Stone",
      "Clay"
    ]
  }, {
    "location": "Shield rod",
    "locks": [
      "Tstool + Dupe",
      "Soul of Wolf",
      "Gravity Boots",
      "Leap Stone",
      "Clay"
    ]
  }, {
    "location": "Form of Mist",
    "locks": [
      "Tstool + Dupe",
      "Soul of Wolf",
      "Gravity Boots",
      "Leap Stone",
      "Clay"
    ]
  }, {
    "location": "Goggles",
    "locks": []
  }, {
    "location": "Silver plate",
    "locks": []
  }, {
    "location": "Cutlass",
    "locks": []
  }, {
    "location": "Morningstar",
    "locks": [
      "Soul of Wolf + Frang1 + Frang2 + Dupe",
      "Soul of Wolf + Clay",
      "Gravity Boots",
      "Leap Stone",
      "Soul of Bat"
    ]
  }, {
    "location": "Mystic pendant",
    "locks": [
      "Soul of Wolf + Clay",
      "Soul of Wolf + Form of Mist",
      "Form of Mist + Power of Mist",
      "Leap Stone",
      "Soul of Bat",
      "Gravity Boots"
    ]
  }, {
    "location": "Ankh of Life",
    "locks": [
      "Soul of Wolf + Clay",
      "Soul of Wolf + Form of Mist",
      "Form of Mist + Power of Mist",
      "Leap Stone",
      "Soul of Bat",
      "Gravity Boots"
    ]
  }, {
    "location": "Sword Card",
    "locks": [
      "Soul of Wolf + Clay + Srod",
      "Soul of Wolf + Clay + HR1 + Dupe",
      "Soul of Wolf + Clay + HR2 + Dupe",
      "Soul of Wolf + Form of Mist + Srod",
      "Soul of Wolf + Form of Mist + HR1 + Dupe",
      "Soul of Wolf + Form of Mist + HR2 + Dupe",
      "Form of Mist + Power of Mist",
      "Leap Stone + Form of Mist + Srod",
      "Leap Stone + Form of Mist + HR1 + Dupe",
      "Leap Stone + Form of Mist + HR2 + Dupe",
      "Soul of Bat",
      "Gravity Boots + Srod",
      "Gravity Boots + HR1 + Dupe",
      "Gravity Boots + HR2 + Dupe",
      "Gravity Boots + Clay",
      "Gravity Boots + Soul of Wolf",
      "Gravity Boots + Form of Mist"
    ]
  }, {
    "location": "Olrox Garnet",
    "locks": [
      "Soul of Wolf + Gravity Boots",
      "Form of Mist + Gravity Boots",
      "Form of Mist + Power of Mist",
      "Leap Stone + Gravity Boots",
      "Soul of Bat",
      "Gravity Boots + Clay"
    ]
  }, {
    "location": "Echo of Bat",
    "locks": [
      "Soul of Wolf + Gravity Boots",
      "Form of Mist + Gravity Boots",
      "Form of Mist + Power of Mist",
      "Soul of Bat"
    ]
  }, {
    "location": "Olrox Garnet",
    "locks": [
      "Soul of Wolf + Gravity Boots",
      "Form of Mist + Gravity Boots",
      "Form of Mist + Power of Mist",
      "Leap Stone + Gravity Boots",
      "Soul of Bat",
      "Gravity Boots + Clay"
    ]
  }, {
    "location": "Bastard sword",
    "locks": [
      "Gravity Boots + Holy glasses",
      "Gravity Boots + HR1 + HR2 + Dupe",
      "Gravity Boots + Form of Mist + HR1 + Dupe",
      "Gravity Boots + Form of Mist + HR2 + Dupe",
      "Soul of Wolf + Power of Wolf",
      "Form of Mist + Srod + Gravity Boots",
      "Soul of Bat",
      "Soul of Wolf + Form of Mist",
      "Soul of Wolf + Clay",
      "Form of Mist + Power of Mist + Holy glasses"
    ]
  }, {
    "location": "Fire of Bat",
    "locks": [
      "Soul of Wolf + Gravity Boots",
      "Form of Mist + Gravity Boots",
      "Form of Mist + Power of Mist",
      "Leap Stone + Gravity Boots",
      "Soul of Bat",
      "Gravity Boots + Clay"
    ]
  }, {
    "location": "Bekatowa",
    "locks": [
      "Clay",
      "Soul of Wolf",
      "Form of Mist + Cube of Zoe",
      "Leap Stone",
      "Soul of Bat",
      "Gravity Boots"
    ]
  }, {
    "location": "Gold plate",
    "locks": []
  }, {
    "location": "Silver ring",
    "locks": [
      "LB + HR1 + Dupe + Leap Stone + Gravity Boots",
      "LB + HR2 + Dupe + Leap Stone + Gravity Boots",
      "LB + HR1 + Dupe + Soul of Wolf + Gravity Boots",
      "LB + HR2 + Dupe + Soul of Wolf + Gravity Boots",
      "LB + HR1 + Dupe + Form of Mist + Gravity Boots",
      "LB + HR2 + Dupe + Form of Mist + Gravity Boots",
      "LB + HR1 + Dupe + Form of Mist + Power of Mist",
      "LB + HR2 + Dupe + Form of Mist + Power of Mist",
      "LB + HR1 + Dupe + Clay + Gravity Boots",
      "LB + HR2 + Dupe + Clay + Gravity Boots",
      "LB + Srod + Leap Stone + Gravity Boots",
      "LB + Soul of Bat + Leap Stone + Srod"
    ]
  }, {
    "location": "Soul of Bat",
    "locks": [
      "LB + HR1 + HR2 + Dupe",
      "Form of Mist"
    ],
    "escapeRequires": [
      "LB",
      "Form of Mist"
    ]
  }, {
    "location": "Faerie Card",
    "locks": [
      "Soul of Wolf",
      "Clay",
      "Gravity Boots",
      "Leap Stone"
    ]
  }, {
    "location": "Holy rod",
    "locks": [
      "Soul of Wolf + Clay",
      "Form of Mist + Clay",
      "Gravity Boots",
      "Leap Stone",
      "Soul of Wolf + Form of Mist"
    ]
  }, {
    "location": "Library Onyx",
    "locks": [
      "Soul of Bat",
      "Leap Stone",
      "Gravity Boots",
      "Form of Mist"
    ]
  }, {
    "location": "Alucart sword",
    "locks": [
      "Cube of Zoe + Soul of Bat",
      "Cube of Zoe + Soul of Wolf",
      "Cube of Zoe + Form of Mist",
      "Cube of Zoe + Clay",
      "Cube of Zoe + Leap Stone",
      "Cube of Zoe + Gravity Boots",
      "Cube of Zoe + HR1 + Tstool + Dupe",
      "Cube of Zoe + HR2 + Tstool + Dupe"
    ]
  }, {
    "location": "Broadsword",
    "locks": [
      "Tstool + Dupe",
      "Soul of Wolf",
      "Gravity Boots",
      "Leap Stone",
      "Clay"
    ]
  }, {
    "location": "Merman Statue",
    "locks": [
      "Soul of Wolf + Power of Wolf + Soul of Bat",
      "LB + HR1 + Dupe",
      "LB + HR2 + Dupe",
      "LB + Leap Stone + Srod",
      "LB + Clay + Srod"
    ]
  }, {
    "location": "Gold ring",
    "locks": [
      "Soul of Wolf + Power of Wolf + Soul of Bat",
      "LB + Soul of Wolf + Skill of Wolf + HR1 + Dupe",
      "LB + Soul of Wolf + Skill of Wolf + HR2 + Dupe",
      "LB + Soul of Wolf + HR1 + Dupe + Gravity Boots",
      "LB + Soul of Wolf + HR2 + Dupe + Gravity Boots",
      "LB + Form of Mist + HR1 + Dupe + Gravity Boots",
      "LB + Form of Mist + HR2 + Dupe + Gravity Boots",
      "LB + Leap Stone + HR1 + Dupe + Gravity Boots",
      "LB + Leap Stone + HR2 + Dupe + Gravity Boots",
      "LB + Leap Stone + Srod + Gravity Boots",
      "LB + Leap Stone + Srod + Soul of Wolf + Skill of Wolf",
      "LB + Clay + Srod + Gravity Boots",
      "LB + Clay + Srod + Soul of Wolf + Skill of Wolf",
      "LB + HR1 + Dupe + Soul of Wolf + Clay",
      "LB + HR2 + Dupe + Soul of Wolf + Clay",
      "LB + HR1 + Dupe + Soul of Wolf + Form of Mist",
      "LB + HR2 + Dupe + Soul of Wolf + Form of Mist",
      "LB + HR1 + Dupe + Soul of Wolf + Leap Stone",
      "LB + HR2 + Dupe + Soul of Wolf + Leap Stone",
      "LB + HR1 + HR2 + Dupe"
    ]
  }, {
    "location": "Bandanna",
    "locks": [
      "Soul of Wolf + Power of Wolf + Soul of Bat",
      "LB + HR1 + Dupe",
      "LB + HR2 + Dupe",
      "LB + Leap Stone + Srod",
      "LB + Clay + Srod"
    ]
  }, {
    "location": "Secret boots",
    "locks": [
      "Soul of Wolf + Power of Wolf + Soul of Bat",
      "LB + HR1 + Dupe",
      "LB + HR2 + Dupe",
      "LB + Leap Stone + Srod",
      "LB + Clay + Srod"
    ]
  }, {
    "location": "Nunchaku",
    "locks": [
      "Soul of Wolf + Power of Wolf + Soul of Bat",
      "LB + HR1 + Dupe",
      "LB + HR2 + Dupe",
      "LB + Leap Stone + Srod",
      "LB + Clay + Srod"
    ]
  }, {
    "location": "Crystal cloak",
    "locks": [
      "Soul of Wolf + Power of Wolf + Soul of Bat",
      "LB + HR1 + Dupe",
      "LB + HR2 + Dupe",
      "LB + Leap Stone + Srod",
      "LB + Clay + Srod"
    ],
    "escapeRequires": []
  }, {
    "location": "Knuckle duster",
    "locks": [
      "Soul of Wolf + Power of Wolf + Soul of Bat",
      "LB + HR1 + Dupe",
      "LB + HR2 + Dupe",
      "LB + Leap Stone + Srod",
      "LB + Clay + Srod"
    ]
  }, {
    "location": "Caverns Onyx",
    "locks": [
      "Soul of Wolf + Power of Wolf + Soul of Bat",
      "LB + HR1 + Dupe",
      "LB + HR2 + Dupe",
      "LB + Leap Stone + Srod",
      "LB + Clay + Srod"
    ]
  }, {
    "location": "Holy Symbol",
    "locks": [
      "Merman Statue + Soul of Wolf + Power of Wolf + Soul of Bat",
      "Merman Statue + LB + HR1 + Dupe",
      "Merman Statue + LB + HR2 + Dupe",
      "Merman Statue + LB + Leap Stone + Srod + Gravity Boots",
      "Merman Statue + LB + Clay + Srod + Gravity Boots"
    ]
  }, {
    "location": "Combat knife",
    "locks": [
      "Soul of Wolf + Power of Wolf + Soul of Bat",
      "LB + HR1 + Dupe + Soul of Wolf + Power of Wolf",
      "LB + HR2 + Dupe + Soul of Wolf + Skill of Wolf",
      "LB + HR1 + Dupe + Soul of Wolf + Power of Wolf",
      "LB + HR2 + Dupe + Soul of Wolf + Skill of Wolf",
      "LB + Soul of Wolf + HR1 + Dupe + Gravity Boots",
      "LB + Soul of Wolf + HR2 + Dupe + Gravity Boots",
      "LB + Form of Mist + HR1 + Dupe + Gravity Boots",
      "LB + Form of Mist + HR2 + Dupe + Gravity Boots",
      "LB + Leap Stone + HR1 + Dupe + Gravity Boots",
      "LB + Leap Stone + HR2 + Dupe + Gravity Boots",
      "LB + HR1 + HR2 + Dupe"
    ],
    "escapeRequires": []
  }, {
    "location": "Ring of Ares",
    "locks": [
      "Soul of Wolf + Power of Wolf + Soul of Bat + Demon Card",
      "LB + HR1 + Dupe + Soul of Wolf + Power of Wolf",
      "LB + HR2 + Dupe + Soul of Wolf + Skill of Wolf",
      "LB + HR1 + Dupe + Soul of Wolf + Power of Wolf",
      "LB + HR2 + Dupe + Soul of Wolf + Skill of Wolf",
      "LB + Soul of Wolf + HR1 + Dupe + Gravity Boots",
      "LB + Soul of Wolf + HR2 + Dupe + Gravity Boots",
      "LB + Form of Mist + HR1 + Dupe + Gravity Boots",
      "LB + Form of Mist + HR2 + Dupe + Gravity Boots",
      "LB + Leap Stone + HR1 + Dupe + Gravity Boots",
      "LB + Leap Stone + HR2 + Dupe + Gravity Boots",
      "LB + HR1 + HR2 + Dupe"
    ],
    "escapeRequires": []
  }, {
    "location": "Demon Card",
    "locks": [
      "Soul of Wolf + Power of Wolf + Soul of Bat",
      "LB + HR1 + Dupe + Soul of Wolf + Power of Wolf",
      "LB + HR2 + Dupe + Soul of Wolf + Skill of Wolf",
      "LB + HR1 + Dupe + Soul of Wolf + Power of Wolf",
      "LB + HR2 + Dupe + Soul of Wolf + Skill of Wolf",
      "LB + Soul of Wolf + HR1 + Dupe + Gravity Boots",
      "LB + Soul of Wolf + HR2 + Dupe + Gravity Boots",
      "LB + Form of Mist + HR1 + Dupe + Gravity Boots",
      "LB + Form of Mist + HR2 + Dupe + Gravity Boots",
      "LB + Leap Stone + HR1 + Dupe + Gravity Boots",
      "LB + Leap Stone + HR2 + Dupe + Gravity Boots",
      "LB + HR1 + HR2 + Dupe"
    ]
  }, {
    "location": "Bloodstone",
    "locks": [
      "Soul of Wolf + Power of Wolf + Soul of Bat",
      "LB + HR1 + Dupe + Soul of Wolf + Power of Wolf + Leap Stone",
      "LB + HR2 + Dupe + Soul of Wolf + Skill of Wolf + Leap Stone",
      "LB + HR1 + Dupe + Soul of Wolf + Power of Wolf + Leap Stone",
      "LB + HR2 + Dupe + Soul of Wolf + Skill of Wolf + Leap Stone",
      "LB + Soul of Wolf + HR1 + Dupe + Gravity Boots",
      "LB + Soul of Wolf + HR2 + Dupe + Gravity Boots",
      "LB + Form of Mist + HR1 + Dupe + Gravity Boots",
      "LB + Form of Mist + HR2 + Dupe + Gravity Boots",
      "LB + Leap Stone + HR1 + Dupe + Gravity Boots",
      "LB + Leap Stone + HR2 + Dupe + Gravity Boots",
      "LB + HR1 + HR2 + Dupe + Leap Stone",
      "LB + HR1 + HR2 + Dupe + Gravity Boots"
    ],
    "escapeRequires": []
  }, {
    "location": "Icebrand",
    "locks": [
      "Soul of Wolf + Power of Wolf + Soul of Bat",
      "LB + HR1 + Dupe + Soul of Wolf + Power of Wolf",
      "LB + HR2 + Dupe + Soul of Wolf + Skill of Wolf",
      "LB + HR1 + Dupe + Soul of Wolf + Power of Wolf",
      "LB + HR2 + Dupe + Soul of Wolf + Skill of Wolf",
      "LB + Soul of Wolf + HR1 + Dupe + Gravity Boots",
      "LB + Soul of Wolf + HR2 + Dupe + Gravity Boots",
      "LB + Form of Mist + HR1 + Dupe + Gravity Boots",
      "LB + Form of Mist + HR2 + Dupe + Gravity Boots",
      "LB + Leap Stone + HR1 + Dupe + Gravity Boots",
      "LB + Leap Stone + HR2 + Dupe + Gravity Boots",
      "LB + HR1 + HR2 + Dupe"
    ],
    "escapeRequires": []
  }, {
    "location": "Spike Breaker",
    "locks": [
      "Soul of Wolf + Power of Wolf + Soul of Bat",
      "LB + HR1 + Dupe + Soul of Wolf + Power of Wolf + Leap Stone",
      "LB + HR2 + Dupe + Soul of Wolf + Power of Wolf + Leap Stone",
      "LB + HR1 + Dupe + Soul of Wolf + Skill of Wolf + Leap Stone",
      "LB + HR2 + Dupe + Soul of Wolf + Skill of Wolf + Leap Stone",
      "LB + Soul of Wolf + HR1 + Dupe + Gravity Boots",
      "LB + Soul of Wolf + HR2 + Dupe + Gravity Boots",
      "LB + Form of Mist + HR1 + Dupe + Gravity Boots",
      "LB + Form of Mist + HR2 + Dupe + Gravity Boots",
      "LB + Leap Stone + HR1 + Dupe",
      "LB + Leap Stone + HR2 + Dupe",
      "LB + HR1 + HR2 + Dupe + Soul of Wolf",
      "LB + HR1 + HR2 + Dupe + Form of Mist",
      "LB + HR1 + Dupe + Spike Breaker + Soul of Wolf + Frang1 + Frang2",
      "LB + HR2 + Dupe + Spike Breaker + Soul of Wolf + Frang1 + Frang2"
    ]
  }, {
    "location": "Walk armor",
    "locks": [
      "Soul of Wolf + Power of Wolf + Soul of Bat",
      "LB + HR1 + Dupe + Soul of Wolf + Power of Wolf",
      "LB + HR2 + Dupe + Soul of Wolf + Skill of Wolf",
      "LB + HR1 + Dupe + Soul of Wolf + Power of Wolf",
      "LB + HR2 + Dupe + Soul of Wolf + Skill of Wolf",
      "LB + Soul of Wolf + HR1 + Dupe + Gravity Boots",
      "LB + Soul of Wolf + HR2 + Dupe + Gravity Boots",
      "LB + Form of Mist + HR1 + Dupe + Gravity Boots",
      "LB + Form of Mist + HR2 + Dupe + Gravity Boots",
      "LB + Leap Stone + HR1 + Dupe + Gravity Boots",
      "LB + Leap Stone + HR2 + Dupe + Gravity Boots",
      "LB + HR1 + HR2 + Dupe"
    ]
  }, {
    "location": "Mormegil",
    "locks": [
      "Soul of Wolf + Power of Wolf + Soul of Bat",
      "LB + HR1 + Dupe + Soul of Wolf + Power of Wolf",
      "LB + HR2 + Dupe + Soul of Wolf + Skill of Wolf",
      "LB + HR1 + Dupe + Soul of Wolf + Power of Wolf",
      "LB + HR2 + Dupe + Soul of Wolf + Skill of Wolf",
      "LB + Soul of Wolf + HR1 + Dupe + Gravity Boots",
      "LB + Soul of Wolf + HR2 + Dupe + Gravity Boots",
      "LB + Form of Mist + HR1 + Dupe + Gravity Boots",
      "LB + Form of Mist + HR2 + Dupe + Gravity Boots",
      "LB + Leap Stone + HR1 + Dupe + Gravity Boots",
      "LB + Leap Stone + HR2 + Dupe + Gravity Boots",
      "LB + HR1 + HR2 + Dupe"
    ],
    "escapeRequires": []
  }, {
    "location": "Leap Stone",
    "locks": []
  }, {
    "location": "Ghost Card",
    "locks": [
      "Soul of Wolf + Gravity Boots",
      "Form of Mist + Gravity Boots",
      "Form of Mist + Power of Mist",
      "Leap Stone + Gravity Boots",
      "Soul of Bat",
      "Gravity Boots + Clay"
    ]
  }, {
    "location": "Power of Mist",
    "locks": [
      "Soul of Wolf + Gravity Boots",
      "Form of Mist + Gravity Boots",
      "Form of Mist + Power of Mist",
      "Leap Stone + Gravity Boots",
      "Soul of Bat",
      "Gravity Boots + Clay"
    ]
  }, {
    "location": "Platinum mail",
    "locks": [
      "Gravity Boots",
      "Soul of Wolf + Power of Wolf",
      "Form of Mist + Power of Mist",
      "Soul of Bat",
      "Soul of Wolf + Form of Mist",
      "Soul of Wolf + Clay"
    ]
  }, {
    "location": "Falchion",
    "locks": [
      "Gravity Boots",
      "Soul of Wolf + Clay",
      "Form of Mist",
      "Leap Stone",
      "Soul of Wolf + Frang1 + Frang2 + Dupe"
    ]
  }, {
    "location": "Royal cloak",
    "locks": [
      "Gravity Boots + Holy glasses",
      "Gravity Boots + HR1 + HR2 + Dupe",
      "Gravity Boots + Form of Mist + HR1 + Dupe",
      "Gravity Boots + Form of Mist + HR2 + Dupe",
      "Soul of Wolf + Power of Wolf",
      "Form of Mist + Srod + Gravity Boots",
      "Soul of Bat",
      "Soul of Wolf + Form of Mist",
      "Soul of Wolf + Clay",
      "Form of Mist + Power of Mist + Holy glasses"
    ],
    "escapeRequires": [
      "LB",
      "Gravity Boots",
      "Soul of Wolf + Clay",
      "Form of Mist + Soul of Wolf",
      "Soul of Bat"
    ]
  }, {
    "location": "Lightning mail",
    "locks": [
      "Gravity Boots + Holy glasses + Form of Mist",
      "Gravity Boots + Holy glasses + Clay",
      "Gravity Boots + HR1 + HR2 + Dupe + Clay",
      "Gravity Boots + Form of Mist + HR1 + Dupe",
      "Gravity Boots + Form of Mist + HR2 + Dupe",
      "Soul of Wolf + Gravity Boots",
      "Form of Mist + Srod + Gravity Boots",
      "Soul of Bat",
      "Form of Mist + Power of Mist + Holy glasses"
    ]
  }, {
    "location": "Sword of Dawn",
    "locks": [
      "Gravity Boots + Holy glasses + Form of Mist",
      "Gravity Boots + Holy glasses + Clay",
      "Gravity Boots + HR1 + HR2 + Dupe + Clay",
      "Gravity Boots + Form of Mist + HR1 + Dupe",
      "Gravity Boots + Form of Mist + HR2 + Dupe",
      "Soul of Wolf + Gravity Boots",
      "Form of Mist + Srod + Gravity Boots",
      "Soul of Bat",
      "Form of Mist + Power of Mist + Holy glasses"
    ]
  }, {
    "location": "Moon rod",
    "locks": [
      "Gravity Boots + Holy glasses + Form of Mist",
      "Gravity Boots + Holy glasses + Clay",
      "Gravity Boots + HR1 + HR2 + Dupe + Clay",
      "Gravity Boots + Form of Mist + HR1 + Dupe",
      "Gravity Boots + Form of Mist + HR2 + Dupe",
      "Soul of Wolf + Gravity Boots",
      "Form of Mist + Srod + Gravity Boots",
      "Soul of Bat",
      "Form of Mist + Power of Mist + Holy glasses"
    ]
  }, {
    "location": "Sunstone",
    "locks": [
      "Gravity Boots + Holy glasses + Form of Mist",
      "Gravity Boots + Holy glasses + Clay",
      "Gravity Boots + HR1 + HR2 + Dupe + Clay",
      "Gravity Boots + Form of Mist + HR1 + Dupe",
      "Gravity Boots + Form of Mist + HR2 + Dupe",
      "Soul of Wolf + Gravity Boots",
      "Form of Mist + Srod + Gravity Boots",
      "Soul of Bat",
      "Form of Mist + Power of Mist + Holy glasses"
    ]
  }, {
    "location": "Luminus",
    "locks": [
      "Gravity Boots + Holy glasses + Form of Mist",
      "Gravity Boots + Holy glasses + Clay",
      "Gravity Boots + HR1 + HR2 + Dupe + Clay",
      "Gravity Boots + Form of Mist + HR1 + Dupe",
      "Gravity Boots + Form of Mist + HR2 + Dupe",
      "Soul of Wolf + Gravity Boots",
      "Form of Mist + Srod + Gravity Boots",
      "Soul of Bat",
      "Form of Mist + Power of Mist + Holy glasses"
    ]
  }, {
    "location": "Dragon helm",
    "locks": [
      "Gravity Boots + Holy glasses + Form of Mist",
      "Gravity Boots + Holy glasses + Clay",
      "Gravity Boots + HR1 + HR2 + Dupe + Clay",
      "Gravity Boots + Form of Mist + HR1 + Dupe",
      "Gravity Boots + Form of Mist + HR2 + Dupe",
      "Soul of Wolf + Gravity Boots",
      "Form of Mist + Srod + Gravity Boots",
      "Soul of Bat",
      "Form of Mist + Power of Mist + Holy glasses"
    ]
  }, {
    "location": "Shotel",
    "locks": [
      "Gravity Boots + Holy glasses + Form of Mist",
      "Gravity Boots + HR1 + HR2 + Dupe + Clay + Form of Mist",
      "Gravity Boots + Form of Mist + HR1 + Dupe",
      "Gravity Boots + Form of Mist + HR2 + Dupe",
      "Soul of Wolf + Gravity Boots + Form of Mist",
      "Form of Mist + Srod + Gravity Boots",
      "Soul of Bat + Form of Mist",
      "Form of Mist + Power of Mist + Holy glasses"
    ]
  }, {
    "location": "Staurolite",
    "locks": [
      "Gravity Boots + Holy glasses + Form of Mist",
      "Gravity Boots + HR1 + HR2 + Dupe + Clay + Form of Mist",
      "Gravity Boots + Form of Mist + HR1 + Dupe",
      "Gravity Boots + Form of Mist + HR2 + Dupe",
      "Soul of Wolf + Gravity Boots + Form of Mist",
      "Form of Mist + Srod + Gravity Boots",
      "Soul of Bat + Form of Mist",
      "Form of Mist + Power of Mist + Holy glasses"
    ]
  }, {
    "location": "Badelaire",
    "locks": [
      "Gravity Boots + Leap Stone + Holy glasses",
      "Gravity Boots + Form of Mist + Holy glasses",
      "Gravity Boots + Clay + Holy glasses",
      "Gravity Boots + HR1 + HR2 + Dupe + Clay",
      "Gravity Boots + Form of Mist + HR1 + Dupe",
      "Gravity Boots + Form of Mist + HR2 + Dupe",
      "Soul of Wolf + Gravity Boots",
      "Form of Mist + Srod + Gravity Boots",
      "Soul of Bat",
      "Form of Mist + Power of Mist + Holy glasses"
    ]
  }, {
    "location": "Forbidden Library Opal",
    "locks": [
      "Gravity Boots + Leap Stone + Holy glasses",
      "Gravity Boots + Form of Mist + Holy glasses",
      "Gravity Boots + Clay + Holy glasses",
      "Gravity Boots + HR1 + HR2 + Dupe + Clay",
      "Gravity Boots + Form of Mist + HR1 + Dupe",
      "Gravity Boots + Form of Mist + HR2 + Dupe",
      "Soul of Wolf + Gravity Boots",
      "Form of Mist + Srod + Gravity Boots",
      "Soul of Bat",
      "Form of Mist + Power of Mist + Holy glasses"
    ]
  }, {
    "location": "Reverse Caverns Garnet",
    "locks": [
      "Gravity Boots + Leap Stone + Holy glasses",
      "Gravity Boots + Form of Mist + Holy glasses",
      "Gravity Boots + Clay + Holy glasses",
      "Gravity Boots + HR1 + HR2 + Dupe + Clay",
      "Gravity Boots + Form of Mist + HR1 + Dupe",
      "Gravity Boots + Form of Mist + HR2 + Dupe",
      "Soul of Wolf + Gravity Boots",
      "Form of Mist + Srod + Gravity Boots",
      "Soul of Bat",
      "Form of Mist + Power of Mist + Holy glasses"
    ]
  }, {
    "location": "Reverse Caverns Diamond",
    "locks": [
      "Gravity Boots + Leap Stone + Holy glasses",
      "Gravity Boots + Form of Mist + Holy glasses",
      "Gravity Boots + Clay + Holy glasses",
      "Gravity Boots + HR1 + HR2 + Dupe + Clay",
      "Gravity Boots + Form of Mist + HR1 + Dupe",
      "Gravity Boots + Form of Mist + HR2 + Dupe",
      "Soul of Wolf + Gravity Boots",
      "Form of Mist + Srod + Gravity Boots",
      "Soul of Bat",
      "Form of Mist + Power of Mist + Holy glasses"
    ]
  }, {
    "location": "Reverse Caverns Opal",
    "locks": [
      "Gravity Boots + Leap Stone + Holy glasses",
      "Gravity Boots + Form of Mist + Holy glasses",
      "Gravity Boots + Clay + Holy glasses",
      "Gravity Boots + HR1 + HR2 + Dupe + Clay",
      "Gravity Boots + Form of Mist + HR1 + Dupe",
      "Gravity Boots + Form of Mist + HR2 + Dupe",
      "Soul of Wolf + Gravity Boots",
      "Form of Mist + Srod + Gravity Boots",
      "Soul of Bat",
      "Form of Mist + Power of Mist + Holy glasses"
    ]
  }, {
    "location": "Rverse Caverns Garnet",
    "locks": [
      "Gravity Boots + Leap Stone + Holy glasses",
      "Gravity Boots + Form of Mist + Holy glasses",
      "Gravity Boots + Clay + Holy glasses",
      "Gravity Boots + HR1 + HR2 + Dupe + Clay",
      "Gravity Boots + Form of Mist + HR1 + Dupe",
      "Gravity Boots + Form of Mist + HR2 + Dupe",
      "Soul of Wolf + Gravity Boots",
      "Form of Mist + Srod + Gravity Boots",
      "Soul of Bat",
      "Form of Mist + Power of Mist + Holy glasses"
    ]
  }, {
    "location": "Osafune katana",
    "locks": [
      "Gravity Boots + Leap Stone + Holy glasses",
      "Gravity Boots + Form of Mist + Holy glasses",
      "Gravity Boots + Clay + Holy glasses",
      "Gravity Boots + HR1 + HR2 + Dupe + Clay",
      "Gravity Boots + Form of Mist + HR1 + Dupe",
      "Gravity Boots + Form of Mist + HR2 + Dupe",
      "Soul of Wolf + Gravity Boots",
      "Form of Mist + Srod + Gravity Boots",
      "Soul of Bat",
      "Form of Mist + Power of Mist + Holy glasses"
    ]
  }, {
    "location": "Alucard shield",
    "locks": [
      "Gravity Boots + Leap Stone + Holy glasses",
      "Gravity Boots + Form of Mist + Holy glasses",
      "Gravity Boots + Clay + Holy glasses",
      "Gravity Boots + HR1 + HR2 + Dupe + Clay",
      "Gravity Boots + Form of Mist + HR1 + Dupe",
      "Gravity Boots + Form of Mist + HR2 + Dupe",
      "Soul of Wolf + Gravity Boots",
      "Form of Mist + Srod + Gravity Boots",
      "Soul of Bat",
      "Form of Mist + Power of Mist + Holy glasses"
    ]
  }, {
    "location": "Alucard sword",
    "locks": [
      "Gravity Boots + Leap Stone + Holy glasses",
      "Gravity Boots + Form of Mist + Holy glasses",
      "Gravity Boots + Clay + Holy glasses",
      "Gravity Boots + HR1 + HR2 + Dupe + Clay",
      "Gravity Boots + Form of Mist + HR1 + Dupe",
      "Gravity Boots + Form of Mist + HR2 + Dupe",
      "Soul of Wolf + Gravity Boots",
      "Form of Mist + Srod + Gravity Boots",
      "Soul of Bat",
      "Form of Mist + Power of Mist + Holy glasses"
    ]
  }, {
    "location": "Necklace of J",
    "locks": [
      "Gravity Boots + Leap Stone + Holy glasses",
      "Gravity Boots + Form of Mist + Holy glasses",
      "Gravity Boots + Clay + Holy glasses",
      "Gravity Boots + HR1 + HR2 + Dupe + Clay",
      "Gravity Boots + Form of Mist + HR1 + Dupe",
      "Gravity Boots + Form of Mist + HR2 + Dupe",
      "Soul of Wolf + Gravity Boots",
      "Form of Mist + Srod + Gravity Boots",
      "Soul of Bat",
      "Form of Mist + Power of Mist + Holy glasses"
    ]
  }, {
    "location": "Floating Catacombs Diamond",
    "locks": [
      "Gravity Boots + Leap Stone + Holy glasses",
      "Gravity Boots + Form of Mist + Holy glasses",
      "Gravity Boots + Clay + Holy glasses",
      "Gravity Boots + HR1 + HR2 + Dupe + Clay",
      "Gravity Boots + Form of Mist + HR1 + Dupe",
      "Gravity Boots + Form of Mist + HR2 + Dupe",
      "Soul of Wolf + Gravity Boots",
      "Form of Mist + Srod + Gravity Boots",
      "Soul of Bat",
      "Form of Mist + Power of Mist + Holy glasses"
    ]
  }, {
    "location": "Sword of Hador",
    "locks": [
      "Gravity Boots + Leap Stone + Holy glasses",
      "Gravity Boots + Form of Mist + Holy glasses",
      "Gravity Boots + Clay + Holy glasses",
      "Gravity Boots + HR1 + HR2 + Dupe + Clay",
      "Gravity Boots + Form of Mist + HR1 + Dupe",
      "Gravity Boots + Form of Mist + HR2 + Dupe",
      "Soul of Wolf + Gravity Boots",
      "Form of Mist + Srod + Gravity Boots",
      "Soul of Bat",
      "Form of Mist + Power of Mist + Holy glasses"
    ]
  }, {
    "location": "Alucard mail",
    "locks": [
      "Gravity Boots + Leap Stone + Holy glasses",
      "Gravity Boots + Form of Mist + Holy glasses",
      "Gravity Boots + Clay + Holy glasses",
      "Gravity Boots + HR1 + HR2 + Dupe + Clay",
      "Gravity Boots + Form of Mist + HR1 + Dupe",
      "Gravity Boots + Form of Mist + HR2 + Dupe",
      "Soul of Wolf + Gravity Boots",
      "Form of Mist + Srod + Gravity Boots",
      "Soul of Bat",
      "Form of Mist + Power of Mist + Holy glasses"
    ]
  }, {
    "location": "Gram",
    "locks": [
      "Gravity Boots + Leap Stone + Holy glasses",
      "Gravity Boots + Form of Mist + Holy glasses",
      "Gravity Boots + Clay + Holy glasses",
      "Gravity Boots + HR1 + HR2 + Dupe + Clay",
      "Gravity Boots + Form of Mist + HR1 + Dupe",
      "Gravity Boots + Form of Mist + HR2 + Dupe",
      "Soul of Wolf + Gravity Boots",
      "Form of Mist + Srod + Gravity Boots",
      "Soul of Bat",
      "Form of Mist + Power of Mist + Holy glasses"
    ]
  }, {
    "location": "Fury plate",
    "locks": [
      "Gravity Boots + Leap Stone + Holy glasses",
      "Gravity Boots + Form of Mist + Holy glasses",
      "Gravity Boots + Clay + Holy glasses",
      "Gravity Boots + HR1 + HR2 + Dupe + Clay",
      "Gravity Boots + Form of Mist + HR1 + Dupe",
      "Gravity Boots + Form of Mist + HR2 + Dupe",
      "Soul of Wolf + Gravity Boots",
      "Form of Mist + Srod + Gravity Boots",
      "Soul of Bat",
      "Form of Mist + Power of Mist + Holy glasses"
    ]
  }, {
    "location": "Beryl circlet",
    "locks": [
      "Soul of Wolf + Soul of Bat"
    ]
  }, {
    "location": "Talisman",
    "locks": [
      "Gravity Boots + Leap Stone + Holy glasses",
      "Gravity Boots + Form of Mist + Holy glasses",
      "Gravity Boots + Clay + Holy glasses",
      "Gravity Boots + HR1 + HR2 + Dupe + Clay",
      "Gravity Boots + Form of Mist + HR1 + Dupe",
      "Gravity Boots + Form of Mist + HR2 + Dupe",
      "Soul of Wolf + Gravity Boots",
      "Form of Mist + Srod + Gravity Boots",
      "Soul of Bat",
      "Form of Mist + Power of Mist + Holy glasses"
    ]
  }, {
    "location": "Katana",
    "locks": [
      "Gravity Boots + Leap Stone + Holy glasses",
      "Gravity Boots + Form of Mist + Holy glasses",
      "Gravity Boots + Clay + Holy glasses",
      "Gravity Boots + HR1 + HR2 + Dupe + Clay",
      "Gravity Boots + Form of Mist + HR1 + Dupe",
      "Gravity Boots + Form of Mist + HR2 + Dupe",
      "Soul of Wolf + Gravity Boots",
      "Form of Mist + Srod + Gravity Boots",
      "Soul of Bat",
      "Form of Mist + Power of Mist + Holy glasses"
    ]
  }, {
    "location": "Goddess shield",
    "locks": [
      "Gravity Boots + Leap Stone + Holy glasses",
      "Gravity Boots + Form of Mist + Holy glasses",
      "Gravity Boots + Clay + Holy glasses",
      "Gravity Boots + HR1 + HR2 + Dupe + Clay",
      "Gravity Boots + Form of Mist + HR1 + Dupe",
      "Gravity Boots + Form of Mist + HR2 + Dupe",
      "Soul of Wolf + Gravity Boots",
      "Form of Mist + Srod + Gravity Boots",
      "Soul of Bat",
      "Form of Mist + Power of Mist + Holy glasses"
    ]
  }, {
    "location": "Talwar",
    "locks": [
      "Gravity Boots + Leap Stone + Holy glasses",
      "Gravity Boots + Form of Mist + Holy glasses",
      "Gravity Boots + Clay + Holy glasses",
      "Gravity Boots + HR1 + HR2 + Dupe + Clay",
      "Gravity Boots + Form of Mist + HR1 + Dupe",
      "Gravity Boots + Form of Mist + HR2 + Dupe",
      "Soul of Wolf + Gravity Boots",
      "Form of Mist + Srod + Gravity Boots",
      "Soul of Bat",
      "Form of Mist + Power of Mist + Holy glasses"
    ]
  }, {
    "location": "Twilight cloak",
    "locks": [
      "LB + Soul of Wolf + Clay + Gravity Boots",
      "LB + Gravity Boots + Holy glasses + Form of Mist",
      "LB + Gravity Boots + HR1 + HR2 + Dupe + Clay",
      "Gravity Boots + Form of Mist + HR1 + Dupe",
      "Gravity Boots + Form of Mist + HR2 + Dupe",
      "LB + Soul of Wolf + Gravity Boots + Clay",
      "Form of Mist + Power of Mist + Holy glasses"
    ],
    "escapeRequires": [
      "LB",
      "Form of Mist"
    ]
  }, {
    "location": "Ring of Vlad",
    "locks": [
      "Gravity Boots + Leap Stone + Holy glasses",
      "Gravity Boots + Form of Mist + Holy glasses",
      "Gravity Boots + Clay + Holy glasses",
      "Gravity Boots + HR1 + HR2 + Dupe + Clay",
      "Gravity Boots + Form of Mist + HR1 + Dupe",
      "Gravity Boots + Form of Mist + HR2 + Dupe",
      "Soul of Wolf + Gravity Boots",
      "Form of Mist + Srod + Gravity Boots",
      "Soul of Bat",
      "Form of Mist + Power of Mist + Holy glasses"
    ],
    "block": [
      "HR1",
      "HR2",
      "Frang1",
      "Frang2"
    ]
  }, {
    "location": "Heart of Vlad",
    "locks": [
      "Gravity Boots + Leap Stone + Holy glasses",
      "Gravity Boots + Form of Mist + Holy glasses",
      "Gravity Boots + Clay + Holy glasses",
      "Gravity Boots + HR1 + HR2 + Dupe + Clay",
      "Gravity Boots + Form of Mist + HR1 + Dupe",
      "Gravity Boots + Form of Mist + HR2 + Dupe",
      "Soul of Wolf + Gravity Boots",
      "Form of Mist + Srod + Gravity Boots",
      "Soul of Bat",
      "Form of Mist + Power of Mist + Holy glasses"
    ],
    "block": [
      "HR1",
      "HR2",
      "Frang1",
      "Frang2"
    ]
  }, {
    "location": "Eye of Vlad",
    "locks": [
      "Gravity Boots + Leap Stone + Holy glasses",
      "Gravity Boots + Form of Mist + Holy glasses",
      "Gravity Boots + Clay + Holy glasses",
      "Gravity Boots + HR1 + HR2 + Dupe + Clay",
      "Gravity Boots + Form of Mist + HR1 + Dupe",
      "Gravity Boots + Form of Mist + HR2 + Dupe",
      "Soul of Wolf + Gravity Boots",
      "Form of Mist + Srod + Gravity Boots",
      "Soul of Bat",
      "Form of Mist + Power of Mist + Holy glasses"
    ],
    "block": [
      "HR1",
      "HR2",
      "Frang1",
      "Frang2"
    ]
  }, {
    "location": "Rib of Vlad",
    "locks": [
      "Gravity Boots + Form of Mist + Holy glasses",
      "Gravity Boots + Form of Mist + HR1 + Dupe",
      "Gravity Boots + Form of Mist + HR2 + Dupe",
      "Soul of Wolf + Gravity Boots",
      "Form of Mist + Srod + Gravity Boots",
      "Soul of Bat",
      "Form of Mist + Power of Mist + Holy glasses"
    ],
    "block": [
      "HR1",
      "HR2",
      "Frang1",
      "Frang2"
    ]
  }, {
    "location": "Tooth of Vlad",
    "locks": [
      "Gravity Boots + Leap Stone + Holy glasses",
      "Gravity Boots + Form of Mist + Holy glasses",
      "Gravity Boots + Clay + Holy glasses",
      "Gravity Boots + HR1 + HR2 + Dupe + Clay",
      "Gravity Boots + Form of Mist + HR1 + Dupe",
      "Gravity Boots + Form of Mist + HR2 + Dupe",
      "Soul of Wolf + Gravity Boots",
      "Form of Mist + Srod + Gravity Boots",
      "Soul of Bat",
      "Form of Mist + Power of Mist + Holy glasses"
    ],
    "block": [
      "HR1",
      "HR2",
      "Frang1",
      "Frang2"
    ]
  }, {
    "location": "Trio",
    "locks": [
      "Gravity Boots + Leap Stone + Holy glasses",
      "Gravity Boots + Form of Mist + Holy glasses",
      "Gravity Boots + Clay + Holy glasses",
      "Gravity Boots + HR1 + HR2 + Dupe + Clay",
      "Gravity Boots + Form of Mist + HR1 + Dupe",
      "Gravity Boots + Form of Mist + HR2 + Dupe",
      "Soul of Wolf + Gravity Boots",
      "Form of Mist + Srod + Gravity Boots",
      "Soul of Bat",
      "Form of Mist + Power of Mist + Holy glasses"
    ],
    "block": [
      "HR1",
      "HR2",
      "Frang1",
      "Frang2"
    ]
  }, {
    "location": "Force of Echo",
    "locks": [
      "Gravity Boots + Leap Stone + Holy glasses",
      "Gravity Boots + Form of Mist + Holy glasses",
      "Gravity Boots + Clay + Holy glasses",
      "Gravity Boots + HR1 + HR2 + Dupe + Clay",
      "Gravity Boots + Form of Mist + HR1 + Dupe",
      "Gravity Boots + Form of Mist + HR2 + Dupe",
      "Soul of Wolf + Gravity Boots",
      "Form of Mist + Srod + Gravity Boots",
      "Soul of Bat",
      "Form of Mist + Power of Mist + Holy glasses"
    ]
  }, {
    "location": "Gas Cloud",
    "locks": [
      "Gravity Boots + Leap Stone + Holy glasses",
      "Gravity Boots + Form of Mist + Holy glasses",
      "Gravity Boots + Clay + Holy glasses",
      "Gravity Boots + HR1 + HR2 + Dupe + Clay",
      "Gravity Boots + Form of Mist + HR1 + Dupe",
      "Gravity Boots + Form of Mist + HR2 + Dupe",
      "Soul of Wolf + Gravity Boots",
      "Form of Mist + Srod + Gravity Boots",
      "Soul of Bat",
      "Form of Mist + Power of Mist + Holy glasses"
    ]
  }],
  "complexityGoal": {
    "min": 4,
    "goals": [
      "Soul of Bat + HR1",
      "Soul of Bat + HR2",
      "Soul of Bat + Srod + Leap Stone",
      "Soul of Bat + Srod + Clay",
      "Leap Stone + Gravity Boots + HR1 + HR2 + Dupe",
      "Soul of Wolf + Gravity Boots + HR1 + HR2 + Dupe",
      "Form of Mist + Gravity Boots + HR1 + HR2 + Dupe"
    ]
  }
}
