{
  "metadata": {
    "id": "og",
    "name": "O.G.",
    "description": "Simulates randomizer season 1. No stat randomization. Gold ring, Silver ring, Holy glasses and Spike Breaker are in vanilla locations.",
    "author": "3snow_p7im",
    "weight": -700
  },
  "inherits": "casual",
  "relicLocationsExtension": false,
  "preventLeaks": false,
  "stats": false,
  "music": false,
  "placeRelic": [{
    "location": "Silver ring",
    "relic": "Silver ring"
  }, {
    "location": "Gold ring",
    "relic": "Gold ring"
  }, {
    "location": "Holy glasses",
    "relic": "Holy glasses"
  }, {
    "location": "Spike Breaker",
    "relic": "Spike Breaker"
  }]
}
