{
  "metadata": {
    "id": "scavenger",
    "name": "Scavenger",
    "description": "No enemy drops challenge mode.",
    "author": "3snow_p7im",
    "weight": 100
  },
  "inherits": "safe",
  "enemyDrops": [{
    "enemy": "*",
    "items": [null, null]
  }, {
    "enemy": "Global",
    "items": [
      "Heart",
      "Heart",
      "Heart",
      "Heart",
      "Heart",
      "Heart",
      "Heart",
      "Heart",
      "Heart",
      "Heart",
      "Heart",
      "Heart",
      "Heart",
      "Heart",
      "Heart",
      "Heart",
      "Heart",
      "Heart",
      "Heart",
      "Heart",
      "Heart",
      "Heart",
      "Heart",
      "Heart",
      "Heart",
      "Heart",
      "Heart",
      "Heart",
      "Heart",
      "Heart",
      "Heart",
      "Heart"
    ]
  }],
  "placeRelic": [{
    "location": "Jewel of Open",
    "relic": [
      "Fire of Bat",
      "Force of Echo",
      "Power of Wolf",
      "Skill of Wolf",
      "Gas Cloud",
      "Cube of Zoe",
      "Spirit Orb",
      "Holy Symbol",
      "Faerie Scroll",
      "Bat Card",
      "Ghost Card",
      "Faerie Card",
      "Demon Card",
      "Sword Card",
      "Sprite Card",
      "Nosedevil Card",
      null
    ]
  }]
}
