{
  "metadata": {
    "id": "summoner",
    "name": "Summoner",
    "description": "Utilize Familiars and Summon Items to defeat your foes",
    "author": "eldri7ch and Mottzilla",
    "weight": -400
  },
  
  "inherits": "safe",

  "stats": false,

  "itemLocations": [{
    "zone": "*",
    "item": "*",
    "replacement": "Heart"
  }, {
    "zone": "ST0",
    "item": "Heart",
    "index": 1,
    "replacement": "Heart"
  }, {
    "zone": "ST0",
    "item": "Heart",
    "index": 2,
    "replacement": "Heart"
  }, {
    "zone": "ST0",
    "item": "Heart",
    "index": 3,
    "replacement": "Heart"
  }, {
    "zone": "ST0",
    "item": "Heart",
    "index": 4,
    "replacement": "Heart"
  }, {
    "zone": "ST0",
    "item": "Heart",
    "index": 5,
    "replacement": "Heart"
  }, {
    "zone": "ST0",
    "item": "Big heart",
    "index": 1,
    "replacement": "Big heart"
  }, {
    "zone": "ST0",
    "item": "Big heart",
    "index": 2,
    "replacement": "Big heart"
  }, {
    "zone": "ST0",
    "item": "Big heart",
    "index": 3,
    "replacement": "Big heart"
  }, {
    "zone": "ST0",
    "item": "Cross",
    "replacement": "Cross"
  }, {
    "zone": "ST0",
    "item": "Holy Water",
    "replacement": "Holy Water"
  }, {
    "zone": "ST0",
    "item": "Shield rod",
    "replacement": "Shield rod"
  }, {
    "zone": "ST0",
    "item": "Dark shield",
    "replacement": "Dark shield"
  }, {
    "zone": "ST0",
    "item": "Power of Sire",
    "replacement": "Power of Sire"
  }, {
    "zone": "ST0",
    "item": "Firebrand",
    "replacement": "Firebrand"
  }, {
    "zone": "ST0",
    "item": "Badelaire",
    "replacement": "Badelaire"
  }, {
    "zone": "ST0",
    "item": "Moon rod",
    "replacement": "Moon rod"
  }, {
    "zone": "ST0",
    "item": "Heart Refresh",
    "replacement": "Heart Refresh"
  }, {
    "zone": "ST0",
    "item": "Sunglasses",
    "replacement": "Sunglasses"
  }],

  "enemyDrops": [{
    "enemy": "*",
    "items": [null, null]
  }, {
    "enemy": "Global",
    "items": [
      "$25",
      "Heart",
      "$1",
      "$25",
      "$25",
      "$25",
      "$25",
      "$25",
      "$25",
      "$50",
      "$50",
      "$50",
      "$50",
      "$100",
      "$100",
      "Heart",
      "Heart",
      "Heart",
      "Heart",
      "Heart",
      "Heart",
      "Heart",
      "Heart",
      "Heart",
      "Heart",
      "Heart",
      "Big heart",
      "Big heart",
      "$1",
      "$250",
      "$400",
      "Heart"
    ]
  }],

  "startingEquipment": [{
    "slot": "Right hand",
    "item": "Hunter sword"
  }, {
    "slot": "Left hand",
    "item": "Monster vial 2"
  }, {
    "slot": "Head",
    "item": "Wizard hat"
  }, {
    "slot": "Body",
    "item": "Fury plate"
  }, {
    "slot": "Cloak",
    "item": "Elven cloak"
  }, {
    "slot": "Other",
    "item": "Duplicator"
  }],

  "prologueRewards": [{
    "item": "Neutron bomb",
    "replacement": "Potion"
  }, {
    "item": "Heart Refresh",
    "replacement": "Str. potion"
  }, {
    "item": "Potion",
    "replacement": "High potion"
  }],

  "replaceRelic": [{
    "comment": "Replace damaging or unfun relics with fun items",
    "relic": "Faerie Scroll",
    "item": "Library card"
  }, {
    "relic": "Sprite Card",
    "item": "Monster vial 1"
  }, {
    "relic": "Nosedevil Card",
    "item": "Monster vial 3"
  }, {
    "relic": "Fire of Bat",
    "item": "Sword of Dawn"
  }, {
    "relic": "Force of Echo",
    "item": "Ring of Varda"
  }, {
    "relic": "Gas Cloud",
    "item": "Manna prism"
  }],

  "writes": [{
    "comment": "Jump to injected code",
    "address": "0x000fa97c",
    "type": "word",
    "value": "0x0c04db00"
  }, {
    "address": "0x00158c98",
    "type": "word",
    "value": "0x3c038009",
    "comment": "lui v1, 0x8009"
  }, {
    "type": "word",
    "value": "0x34020003",
    "comment": "ori v0, 0x0003"
  },
  
  {
    "comment": "Experience is 99",
    "type": "word",
    "value": "0x3402270F",
    "comment": "ori v0, 0x270F"
  }, {
    "comment": "Sword Familiar starts exp 99",
    "type": "word",
    "value": "0xAC627C78",
    "comment": "sw v0, 0x7C78 (v1)"
  }, {
    "comment": "Faerie starts exp 99",
    "type": "word",
    "value": "0xAC627C60",
    "comment": "sw v0, 0x7C60 (v1)"
  }, {
    "comment": "Bat Familiar starts exp 99",
    "type": "word",
    "value": "0xAC627C48",
    "comment": "sw v0, 0x7C48 (v1)"
  }, {
    "comment": "Ghost Familiar starts exp 99",
    "type": "word",
    "value": "0xAC627C54",
    "comment": "sw v0, 0x7C54 (v1)"
  }, {
    "comment": "Nosedevil Familiar starts exp 99",
    "type": "word",
    "value": "0xAC627C90",
    "comment": "sw v0, 0x7C90 (v1)"
  }, {
    "comment": "Sprite Familiar starts exp 99",
    "type": "word",
    "value": "0xAC627C84",
    "comment": "sw v0, 0x7C84 (v1)"
  }, {
    "comment": "Demon Familiar starts exp 99",
    "type": "word",
    "value": "0xAC627C6C",
    "comment": "sw v0, 0x7C6C (v1)"
  },
  
  {
    "comment": "Level is 99",
    "type": "word",
    "value": "0x34020063",
    "comment": "ori v0, 0x0063"
  }, {
    "comment": "Sword Familiar starts lvl 99",
    "type": "word",
    "value": "0xa0627C74",
    "comment": "sb v0, 0x7C74 (v1)"
  }, {
    "comment": "Faerie starts lvl 99",
    "type": "word",
    "value": "0xa0627C5C",
    "comment": "sb v0, 0x7C5C (v1)"
  }, {
    "comment": "Bat Familiar starts lvl 99",
    "type": "word",
    "value": "0xa0627C44",
    "comment": "sb v0, 0x7C44 (v1)"
  }, {
    "comment": "Ghost Familiar starts lvl 99",
    "type": "word",
    "value": "0xa0627C50",
    "comment": "sb v0, 0x7C50 (v1)"
  }, {
    "comment": "Nosedevil Familiar starts lvl 99",
    "type": "word",
    "value": "0xa0627C8C",
    "comment": "sb v0, 0x7C8C (v1)"
  }, {
    "comment": "Sprite Familiar starts lvl 99",
    "type": "word",
    "value": "0xa0627C80",
    "comment": "sb v0, 0x7C80 (v1)"
  }, {
    "comment": "Demon Familiar starts lvl 99",
    "type": "word",
    "value": "0xa0627C68",
    "comment": "sb v0, 0x7C68 (v1)"
  },
  
  {
    "comment": "Antivenom",
    "type": "word",
    "value": "0xa0627A1A",
    "comment": "sb v0, 0x7A1A (v1)"
  }, {
    "comment": "Uncurse",
    "type": "word",
    "value": "0xa0627A1B",
    "comment": "sb v0, 0x7A1B (v1)"
  }, {
    "comment": "High Potion",
    "type": "word",
    "value": "0xa0627A2A",
    "comment": "sb v0, 0x7A2A (v1)"
  },
  
  {
    "comment": "Item Amount is 3",
    "type": "word",
    "value": "0x34020003",
    "comment": "ori v0, 0x0003"
  }, {
    "comment": "Life Apples",
    "type": "word",
    "value": "0xa0627A1C",
    "comment": "sb v0, 0x7A1C (v1)"
  }, {
    "comment": "Elixir",
    "type": "word",
    "value": "0xa0627A2B",
    "comment": "sb v0, 0x7A2B (v1)"
  },
  
  {
    "comment": "Return from injected code",
    "type": "word",
    "value": "0x0803924f",
    "comment": "j 0x800e493c"
  }, {
    "type": "word",
    "value": "0x00000000",
    "comment": "nop"
  },
  
  {
    "comment": "Sword of Brawn!",
    "address": "0xF3921",
    "type": "word",
    "value": "0x57415222"
  }, {
    "type": "short",
    "value": "0xFF4E"
  },
  
  {
    "comment": "SoD Scaling",
    "address": "0x3B428F8",
    "type": "word",
    "value": "0x3C028009"
  }, {
    "type": "word",
    "value": "0x8C427BD8"
  }, {
    "type": "word",
    "value": "0x00000000"
  }, {
    "type": "word",
    "value": "0xA6220040"
  }, {
    "type": "word",
    "value": "0x00000000"
  }, {
    "type": "word",
    "value": "0x34020001"
  }, {
    "type": "word",
    "value": "0x34030004"
  }, {
    "type": "word",
    "value": "0x03E00008"
  }, {
    "address": "0xB39B4",
    "type": "char",
    "value": "0x03"
  }, {
    "address": "0x3B41654",
    "type": "word",
    "value": "0x0C05F314"
  }, {
    "type": "word",
    "value": "0x00000000"
  }, {
    "address": "0x3B4219C",
    "type": "word",
    "value": "0x0C05F314"
  }, {
    "type": "word",
    "value": "0x00000000"
  },
  
  {
    "comment": "Fix Monster Vial 1 RH",
    "address": "0x3B91094",
    "type": "word",
    "value": "0x34020001"
  }, {
    "comment": "Fix Monster Vial 2 RH",
    "address": "0x3B98E44",
    "type": "word",
    "value": "0x34020002"
  }, {
    "comment": "Fix Monster Vial 3 RH",
    "address": "0x3BA11C8",
    "type": "word",
    "value": "0x34020003"
  }, {
    "comment": "Fix Monster Vial 1 LH",
    "address": "0x3D6B574",
    "type": "word",
    "value": "0x34020001"
  }, {
    "comment": "Fix Monster Vial 2 LH",
    "address": "0x3D73324",
    "type": "word",
    "value": "0x34020002"
  }, {
    "comment": "Fix Monster Vial 3 LH",
    "address": "0x3D7B6A8",
    "type": "word",
    "value": "0x34020003"
  },
  
  {
    "comment": "Death goes home.",
    "address": "0x4BAEA08",
    "type": "word",
    "value": "0x18000006"
  }],

  "complexityGoal": {
    "min": 7,
    "goals": [
      "Holy glasses + Heart of Vlad + Tooth of Vlad + Rib of Vlad + Ring of Vlad + Eye of Vlad"
    ]
  }
}
