{
  "metadata": {
    "id": "third-castle",
    "name": "Third castle",
    "description": "Randomizes tileset data producing intense pixel gore. Released on April 1st, 2022.",
    "author": "3snow_p7im",
    "weight": 400
  },
  "inherits": "safe",
  "writes": [{
    "address": "0x043f0448",
    "type": "short",
    "value": "random"
  }, {
    "address": "0x043e7128",
    "type": "short",
    "value": "random"
  }, {
    "address": "0x043ebab8",
    "type": "short",
    "value": "random"
  }, {
    "address": "0x044c5df0",
    "type": "short",
    "value": "random"
  }, {
    "address": "0x044c1460",
    "type": "short",
    "value": "random"
  }, {
    "address": "0x044bcad0",
    "type": "short",
    "value": "random"
  }, {
    "address": "0x0456a274",
    "type": "short",
    "value": "random"
  }, {
    "address": "0x04603e38",
    "type": "short",
    "value": "random"
  }, {
    "address": "0x045fab18",
    "type": "short",
    "value": "random"
  }, {
    "address": "0x045ff4a8",
    "type": "short",
    "value": "random"
  }, {
    "address": "0x046b9444",
    "type": "short",
    "value": "random"
  }, {
    "address": "0x046b0124",
    "type": "short",
    "value": "random"
  }, {
    "address": "0x046b4ab4",
    "type": "short",
    "value": "random"
  }, {
    "address": "0x05b04bd0",
    "type": "short",
    "value": "random"
  }, {
    "address": "0x047cdbb8",
    "type": "short",
    "value": "random"
  }, {
    "address": "0x047c4898",
    "type": "short",
    "value": "random"
  }, {
    "address": "0x047c9228",
    "type": "short",
    "value": "random"
  }, {
    "address": "0x04933214",
    "type": "short",
    "value": "random"
  }, {
    "address": "0x04933624",
    "type": "short",
    "value": "random"
  }, {
    "address": "0x04937fb4",
    "type": "short",
    "value": "random"
  }, {
    "address": "0x049f4a98",
    "type": "short",
    "value": "random"
  }, {
    "address": "0x049fddb8",
    "type": "short",
    "value": "random"
  }, {
    "address": "0x049f9428",
    "type": "short",
    "value": "random"
  }, {
    "address": "0x04ad3630",
    "type": "short",
    "value": "random"
  }, {
    "address": "0x04aceca0",
    "type": "short",
    "value": "random"
  }, {
    "address": "0x04aca310",
    "type": "short",
    "value": "random"
  }, {
    "address": "0x04b9beb0",
    "type": "short",
    "value": "random"
  }, {
    "address": "0x04b92b90",
    "type": "short",
    "value": "random"
  }, {
    "address": "0x04b97520",
    "type": "short",
    "value": "random"
  }, {
    "address": "0x05424bdc",
    "type": "short",
    "value": "random"
  }, {
    "address": "0x0541b8bc",
    "type": "short",
    "value": "random"
  }, {
    "address": "0x0542024c",
    "type": "short",
    "value": "random"
  }, {
    "address": "0x04c72aec",
    "type": "short",
    "value": "random"
  }, {
    "address": "0x04c697cc",
    "type": "short",
    "value": "random"
  }, {
    "address": "0x04c6e15c",
    "type": "short",
    "value": "random"
  }, {
    "address": "0x054dd674",
    "type": "short",
    "value": "random"
  }, {
    "address": "0x054db1a4",
    "type": "short",
    "value": "random"
  }, {
    "address": "0x054d6814",
    "type": "short",
    "value": "random"
  }, {
    "address": "0x05597dd0",
    "type": "short",
    "value": "random"
  }, {
    "address": "0x05595900",
    "type": "short",
    "value": "random"
  }, {
    "address": "0x056386dc",
    "type": "short",
    "value": "random"
  }, {
    "address": "0x05633d4c",
    "type": "short",
    "value": "random"
  }, {
    "address": "0x0562f3bc",
    "type": "short",
    "value": "random"
  }, {
    "address": "0x0588b0f0",
    "type": "short",
    "value": "random"
  }, {
    "address": "0x05886760",
    "type": "short",
    "value": "random"
  }, {
    "address": "0x057768dc",
    "type": "short",
    "value": "random"
  }, {
    "address": "0x0576d5bc",
    "type": "short",
    "value": "random"
  }, {
    "address": "0x05771f4c",
    "type": "short",
    "value": "random"
  }, {
    "address": "0x04d26aac",
    "type": "short",
    "value": "random"
  }, {
    "address": "0x04d2b43c",
    "type": "short",
    "value": "random"
  }, {
    "address": "0x04d2211c",
    "type": "short",
    "value": "random"
  }, {
    "address": "0x056d8b94",
    "type": "short",
    "value": "random"
  }, {
    "address": "0x04db7d44",
    "type": "short",
    "value": "random"
  }, {
    "address": "0x04db33b4",
    "type": "short",
    "value": "random"
  }, {
    "address": "0x04dbc6d4",
    "type": "short",
    "value": "random"
  }, {
    "address": "0x04e60f78",
    "type": "short",
    "value": "random"
  }, {
    "address": "0x04e5c5e8",
    "type": "short",
    "value": "random"
  }, {
    "address": "0x04e65908",
    "type": "short",
    "value": "random"
  }, {
    "address": "0x04f01570",
    "type": "short",
    "value": "random"
  }, {
    "address": "0x04ef8250",
    "type": "short",
    "value": "random"
  }, {
    "address": "0x04efcbe0",
    "type": "short",
    "value": "random"
  }, {
    "address": "0x04fb77b8",
    "type": "short",
    "value": "random"
  }, {
    "address": "0x04fb2e28",
    "type": "short",
    "value": "random"
  }, {
    "address": "0x04fbc148",
    "type": "short",
    "value": "random"
  }, {
    "address": "0x05067d58",
    "type": "short",
    "value": "random"
  }, {
    "address": "0x0506c6e8",
    "type": "short",
    "value": "random"
  }, {
    "address": "0x05071078",
    "type": "short",
    "value": "random"
  }, {
    "address": "0x05124ae4",
    "type": "short",
    "value": "random"
  }, {
    "address": "0x05129474",
    "type": "short",
    "value": "random"
  }, {
    "address": "0x05120154",
    "type": "short",
    "value": "random"
  }, {
    "address": "0x051d94a0",
    "type": "short",
    "value": "random"
  }, {
    "address": "0x051d0180",
    "type": "short",
    "value": "random"
  }, {
    "address": "0x051d4b10",
    "type": "short",
    "value": "random"
  }, {
    "address": "0x052b0b8c",
    "type": "short",
    "value": "random"
  }, {
    "address": "0x052a786c",
    "type": "short",
    "value": "random"
  }, {
    "address": "0x052ac1fc",
    "type": "short",
    "value": "random"
  }, {
    "address": "0x0592c254",
    "type": "short",
    "value": "random"
  }, {
    "address": "0x05929d84",
    "type": "short",
    "value": "random"
  }, {
    "address": "0x059253f4",
    "type": "short",
    "value": "random"
  }, {
    "address": "0x059e016c",
    "type": "short",
    "value": "random"
  }, {
    "address": "0x059ddc9c",
    "type": "short",
    "value": "random"
  }, {
    "address": "0x05801e3c",
    "type": "short",
    "value": "random"
  }, {
    "address": "0x057fd4ac",
    "type": "short",
    "value": "random"
  }, {
    "address": "0x057f8b1c",
    "type": "short",
    "value": "random"
  }, {
    "address": "0x05a762a0",
    "type": "short",
    "value": "random"
  }, {
    "address": "0x05a71910",
    "type": "short",
    "value": "random"
  }, {
    "address": "0x05fce660",
    "type": "short",
    "value": "random"
  }, {
    "address": "0x060902b0",
    "type": "short",
    "value": "random"
  }, {
    "address": "0x0611d94c",
    "type": "short",
    "value": "random"
  }, {
    "address": "0x061c3fa8",
    "type": "short",
    "value": "random"
  }, {
    "address": "0x0627ead0",
    "type": "short",
    "value": "random"
  }, {
    "address": "0x063202bc",
    "type": "short",
    "value": "random"
  }, {
    "address": "0x063d3238",
    "type": "short",
    "value": "random"
  }, {
    "address": "0x066c6268",
    "type": "short",
    "value": "random"
  }, {
    "address": "0x064827f4",
    "type": "short",
    "value": "random"
  }, {
    "address": "0x065a45d4",
    "type": "short",
    "value": "random"
  }, {
    "address": "0x0663784c",
    "type": "short",
    "value": "random"
  }, {
    "address": "0x06750168",
    "type": "short",
    "value": "random"
  }, {
    "address": "0x067e0d68",
    "type": "short",
    "value": "random"
  }, {
    "address": "0x068992d8",
    "type": "short",
    "value": "random"
  }, {
    "address": "0x0694a978",
    "type": "short",
    "value": "random"
  }, {
    "address": "0x069e1b64",
    "type": "short",
    "value": "random"
  }, {
    "address": "0x06a714b4",
    "type": "short",
    "value": "random"
  }]
}
